AI_TASK,MODEL,VERSION,INPUT_TILE,PLATFORM,ENGINE,PROCESSOR,PRECISION,QUALITY_METRIC,QUALITY_VALUE,GFLOP,#PARAMS,STORAGE,PREPROCESSING_TIME,INFERENCE_TIME,POSTPROCESSING_TIME,LATENCY,THROUGHPUT,DMIPS,CPU_MEM,CPU_MEM_PEAK,GPU_MEM,GPU_MEM_PEAK,MEMORY_BANDWIDTH,MEMORY_BANDWIDTH_PEAK,CPU_LOAD,GPU_LOAD,NPU_LOAD,CPU_TEMP,GPU_TEMP,POWER_CONSUMPTION,ENERGY_EFFICIENCY,NOTES,UPDATED BY,LAST UPDATE
3D-face-landmarks,face-landmarks-detection-3ddfa,default,120x120,jetson-nano2,lne,CPU,F32,/,/,0.4,3.3,13.0,2.3,39.5,0.2,42.0,23.8,162129.2,23.2,0.5,23.0,0.9,2.6,3.0,57.8,0.0,0.0,34.3,23.1,3.5,1.2,,,
3D-face-landmarks,face-landmarks-detection-3ddfa,default,120x120,jetson-nano2,onnxruntime,CPU,F32,/,/,0.4,3.3,13.0,2.4,126.3,0.2,128.8,7.8,52806.1,22.5,0.5,22.4,0.9,2.0,2.0,62.4,0.0,0.0,34.6,23.5,3.6,0.4,,,
3D-face-landmarks,face-landmarks-detection-3ddfa,default,120x120,jetson-nano2,lne,GPU/CPU,F32,/,/,0.4,3.3,13.0,2.1,16.7,0.2,19.0,52.6,357936.8,38.6,1.6,37.8,1.6,3.9,4.0,58.3,14.0,0.0,34.1,23.3,3.7,2.5,,,
3D-face-landmarks,face-landmarks-detection-3ddfa,default,120x120,jetson-nano2,tensorrt,GPU,F16,/,/,0.4,3.3,6.5,2.2,6.3,0.5,8.9,111.8,760446.5,47.6,2.1,44.6,1.8,4.5,5.0,54.4,7.7,0.0,36.7,25.5,3.5,5.7,,,
3D-face-landmarks,face-landmarks-detection-3ddfa,default,120x120,jetson-nano2,tensorrt,GPU,F32,/,/,0.4,3.3,13.0,2.2,6.6,0.5,9.3,108.0,734485.2,47.2,2.1,44.2,1.8,4.7,6.0,53.3,8.7,0.0,35.9,24.7,3.4,5.6,,,
3D-face-landmarks,face-landmarks-detection-3ddfa,default,120x120,jetson-nano2,ncnn,GPU,F16,/,/,0.4,3.3,6.5,2.0,6.1,0.3,8.5,117.9,802065.6,21.4,1.0,20.8,0.8,2.9,3.0,52.6,7.6,0.0,34.2,23.8,3.4,6.2,,,
3D-face-landmarks,face-landmarks-detection-3ddfa,default,120x120,jetson-nano2,ncnn,GPU,F32,/,/,0.4,3.3,13.0,2.1,6.1,0.3,8.6,116.0,789204.7,21.7,1.0,21.0,0.8,2.8,3.0,52.7,10.9,0.0,34.5,23.7,3.5,6.0,,,
3D-face-landmarks,face-landmarks-detection-3ddfa,default,120x120,jetson-nano2,onnxruntime,CPU,F32,/,/,0.4,3.3,13.0,2.1,120.3,0.2,122.6,8.2,55471.3,18.1,0.9,18.0,0.7,2.0,2.0,62.0,0.0,0.0,34.5,23.9,3.6,0.4,,,
bodypose-estimation,body-pose-openpifpaf,regnety400mf-59p,128x96,jetson-nano2,lne,CPU,F32,/,/,0.2,4.7,19.0,3.8,43.8,6.9,54.5,18.3,124736.0,17.9,1.0,17.7,0.7,3.3,4.0,58.0,0.0,0.0,35.7,25.2,3.5,0.6,,,
bodypose-estimation,body-pose-openpifpaf,regnety400mf-59p,128x96,jetson-nano2,onnxruntime,CPU,F32,/,/,0.2,4.7,19.0,3.8,117.1,5.6,126.5,7.9,53776.7,16.6,0.9,16.5,0.6,2.0,2.0,62.0,0.0,0.0,36.1,25.1,3.5,0.2,,,
bodypose-estimation,body-pose-openpifpaf,regnety400mf-59p,128x96,jetson-nano2,lne,GPU/CPU,F32,/,/,0.2,4.7,19.0,/,/,/,/,/,/,0.0,0.0,0.0,0.0,0.0,0.0,0.0,0.0,0.0,0.0,0.0,0.0,0.0,,,
bodypose-estimation,body-pose-openpifpaf,regnety400mf-59p,128x96,jetson-nano2,tensorrt,GPU,F16,/,/,0.2,4.7,9.5,3.8,49.1,4.0,56.9,17.6,119481.1,45.0,2.0,43.3,1.7,3.0,3.0,61.1,16.0,0.0,38.2,27.2,3.8,0.5,,,
bodypose-estimation,body-pose-openpifpaf,regnety400mf-59p,128x96,jetson-nano2,tensorrt,GPU,F32,/,/,0.2,4.7,19.0,3.8,44.5,4.0,52.3,19.1,129959.5,45.5,2.0,43.7,1.8,3.4,4.0,61.3,13.8,0.0,37.8,26.7,3.9,0.5,,,
bodypose-estimation,body-pose-openpifpaf,regnety400mf-59p,128x96,jetson-nano2,onnxruntime,CPU,F32,/,/,0.2,4.7,19.0,3.8,119.8,7.5,131.2,7.6,51865.0,16.5,1.0,16.3,0.6,2.1,3.0,62.1,0.0,0.0,35.8,25.3,3.5,0.2,,,
bodypose-estimation,body-pose-openpifpaf,regnety400mf-59p,192x144,jetson-nano2,lne,CPU,F32,/,/,0.5,4.7,19.0,9.0,84.5,15.7,109.3,9.2,62263.7,17.4,0.9,17.3,0.7,4.1,5.0,60.1,0.0,0.0,35.6,24.9,3.6,0.6,,,
bodypose-estimation,body-pose-openpifpaf,regnety400mf-59p,192x144,jetson-nano2,onnxruntime,CPU,F32,/,/,0.5,4.7,19.0,9.1,210.3,29.1,248.5,4.0,27373.9,16.8,0.9,16.8,0.7,2.7,3.0,61.9,0.0,0.0,36.3,25.5,3.6,0.3,,,
bodypose-estimation,body-pose-openpifpaf,regnety400mf-59p,192x144,jetson-nano2,lne,GPU/CPU,F32,/,/,0.5,4.7,19.0,/,/,/,/,/,/,0.0,0.0,0.0,0.0,0.0,0.0,0.0,0.0,0.0,0.0,0.0,0.0,0.0,,,
bodypose-estimation,body-pose-openpifpaf,regnety400mf-59p,192x144,jetson-nano2,tensorrt,GPU,F16,/,/,0.5,4.7,9.5,9.1,38.5,10.9,58.4,17.1,116493.3,45.8,2.1,44.1,1.8,4.5,5.0,62.0,15.5,0.0,38.4,27.3,3.9,1.1,,,
bodypose-estimation,body-pose-openpifpaf,regnety400mf-59p,192x144,jetson-nano2,tensorrt,GPU,F32,/,/,0.5,4.7,19.0,9.1,32.8,11.1,53.0,18.9,128413.5,46.7,2.1,44.9,1.8,4.9,6.0,62.7,15.5,0.0,38.3,26.8,4.0,1.2,,,
bodypose-estimation,body-pose-openpifpaf,regnety400mf-59p,192x144,jetson-nano2,onnxruntime,CPU,F32,/,/,0.5,4.7,19.0,9.3,210.5,29.0,248.8,4.0,27347.1,16.7,1.0,16.6,0.7,2.8,3.0,62.2,0.0,0.0,36.1,25.3,3.6,0.3,,,
bodypose-estimation,body-pose-openpifpaf,regnety400mf-59p,256x192,jetson-nano2,lne,CPU,F32,/,/,0.9,4.7,19.0,12.4,138.5,22.9,173.8,5.8,39140.2,17.7,1.0,17.6,0.7,4.9,5.0,61.3,0.0,0.0,36.0,25.2,3.7,0.7,,,
bodypose-estimation,body-pose-openpifpaf,regnety400mf-59p,256x192,jetson-nano2,onnxruntime,CPU,F32,/,/,0.9,4.7,19.0,12.1,307.1,41.5,360.6,2.8,18864.3,16.9,0.9,16.9,0.7,3.0,3.0,62.5,0.0,0.0,36.5,25.7,3.7,0.3,,,
bodypose-estimation,body-pose-openpifpaf,regnety400mf-59p,256x192,jetson-nano2,lne,GPU/CPU,F32,/,/,0.9,4.7,19.0,/,/,/,/,/,/,0.0,0.0,0.0,0.0,0.0,0.0,0.0,0.0,0.0,0.0,0.0,0.0,0.0,,,
bodypose-estimation,body-pose-openpifpaf,regnety400mf-59p,256x192,jetson-nano2,tensorrt,GPU,F16,/,/,0.9,4.7,9.5,11.5,45.5,17.8,74.8,13.4,91005.5,46.6,2.1,45.1,1.8,5.7,7.0,61.8,18.7,0.0,38.5,27.7,4.0,1.4,,,
bodypose-estimation,body-pose-openpifpaf,regnety400mf-59p,256x192,jetson-nano2,tensorrt,GPU,F32,/,/,0.9,4.7,19.0,11.6,32.1,17.9,61.5,16.3,110609.5,46.6,2.1,45.0,1.8,7.0,8.0,62.3,25.4,0.0,38.4,27.3,4.2,1.7,,,
bodypose-estimation,body-pose-openpifpaf,regnety400mf-59p,256x192,jetson-nano2,onnxruntime,CPU,F32,/,/,0.9,4.7,19.0,12.1,307.2,41.2,360.6,2.8,18867.6,16.3,1.0,16.2,0.7,3.0,3.0,62.5,0.0,0.0,36.1,25.5,3.7,0.3,,,
bodypose-estimation,body-pose-openpifpaf,regnety400mf-86p,128x96,jetson-nano2,lne,CPU,F32,/,/,0.2,4.7,19.0,3.9,43.5,10.2,57.7,17.3,117977.2,17.5,0.9,17.3,0.7,3.8,4.0,58.3,0.0,0.0,35.7,25.1,3.5,0.5,,,
bodypose-estimation,body-pose-openpifpaf,regnety400mf-86p,128x96,jetson-nano2,onnxruntime,CPU,F32,/,/,0.2,4.7,19.0,3.8,117.8,8.9,130.5,7.7,52135.2,16.9,0.9,16.8,0.7,2.0,3.0,62.1,0.0,0.0,35.9,25.2,3.6,0.2,,,
bodypose-estimation,body-pose-openpifpaf,regnety400mf-86p,128x96,jetson-nano2,lne,GPU/CPU,F32,/,/,0.2,4.7,19.0,/,/,/,/,/,/,0.0,0.0,0.0,0.0,0.0,0.0,0.0,0.0,0.0,0.0,0.0,0.0,0.0,,,
bodypose-estimation,body-pose-openpifpaf,regnety400mf-86p,128x96,jetson-nano2,tensorrt,GPU,F16,/,/,0.2,4.7,9.5,3.9,38.7,5.5,48.1,20.8,141450.5,45.5,2.1,43.7,1.8,3.2,4.0,63.1,10.2,0.0,38.1,27.3,3.7,0.6,,,
bodypose-estimation,body-pose-openpifpaf,regnety400mf-86p,128x96,jetson-nano2,tensorrt,GPU,F32,/,/,0.2,4.7,19.0,3.9,32.1,5.5,41.6,24.1,163638.9,45.6,2.0,43.6,1.8,3.8,4.0,62.1,19.1,0.0,37.7,26.9,3.9,0.7,,,
bodypose-estimation,body-pose-openpifpaf,regnety400mf-86p,128x96,jetson-nano2,onnxruntime,CPU,F32,/,/,0.2,4.7,19.0,3.8,116.6,8.9,129.3,7.7,52621.0,15.9,0.9,15.8,0.6,2.1,3.0,62.2,0.0,0.0,35.6,25.2,3.5,0.2,,,
bodypose-estimation,body-pose-openpifpaf,regnety400mf-86p,192x144,jetson-nano2,lne,CPU,F32,/,/,0.5,4.7,19.0,9.3,84.8,22.5,116.6,8.6,58349.9,17.4,1.0,17.4,0.7,4.7,5.0,60.1,0.0,0.0,35.6,25.1,3.6,0.6,,,
bodypose-estimation,body-pose-openpifpaf,regnety400mf-86p,192x144,jetson-nano2,onnxruntime,CPU,F32,/,/,0.5,4.7,19.0,9.4,211.6,40.4,261.3,3.8,26034.5,17.0,0.9,17.0,0.7,3.0,3.0,62.1,0.0,0.0,36.1,25.2,3.6,0.3,,,
bodypose-estimation,body-pose-openpifpaf,regnety400mf-86p,192x144,jetson-nano2,lne,GPU/CPU,F32,/,/,0.5,4.7,19.0,/,/,/,/,/,/,0.0,0.0,0.0,0.0,0.0,0.0,0.0,0.0,0.0,0.0,0.0,0.0,0.0,,,
bodypose-estimation,body-pose-openpifpaf,regnety400mf-86p,192x144,jetson-nano2,tensorrt,GPU,F16,/,/,0.5,4.7,9.5,9.1,37.8,17.4,64.3,15.5,105731.9,45.9,2.1,44.3,1.8,5.1,6.0,62.3,18.1,0.0,38.6,27.8,3.9,1.0,,,
bodypose-estimation,body-pose-openpifpaf,regnety400mf-86p,192x144,jetson-nano2,tensorrt,GPU,F32,/,/,0.5,4.7,19.0,9.1,33.2,17.7,59.9,16.7,113519.3,47.0,2.1,45.4,1.8,5.3,6.0,62.7,19.5,0.0,38.2,27.0,4.0,1.1,,,
bodypose-estimation,body-pose-openpifpaf,regnety400mf-86p,192x144,jetson-nano2,onnxruntime,CPU,F32,/,/,0.5,4.7,19.0,9.4,211.1,40.4,260.9,3.8,26076.1,16.6,1.0,16.5,0.7,3.0,3.0,62.2,0.0,0.0,36.2,25.3,3.6,0.3,,,
bodypose-estimation,body-pose-openpifpaf,regnety400mf-86p,256x192,jetson-nano2,lne,CPU,F32,/,/,0.9,4.7,19.0,12.4,138.5,32.6,183.6,5.4,37062.9,17.9,1.0,17.9,0.7,5.7,6.0,61.3,0.0,0.0,35.8,25.3,3.7,0.6,,,
bodypose-estimation,body-pose-openpifpaf,regnety400mf-86p,256x192,jetson-nano2,onnxruntime,CPU,F32,/,/,0.9,4.7,19.0,12.7,307.5,58.0,378.2,2.6,17988.9,17.2,1.0,17.2,0.7,3.0,3.0,62.4,0.0,0.0,36.5,25.7,3.6,0.3,,,
bodypose-estimation,body-pose-openpifpaf,regnety400mf-86p,256x192,jetson-nano2,lne,GPU/CPU,F32,/,/,0.9,4.7,19.0,/,/,/,/,/,/,0.0,0.0,0.0,0.0,0.0,0.0,0.0,0.0,0.0,0.0,0.0,0.0,0.0,,,
bodypose-estimation,body-pose-openpifpaf,regnety400mf-86p,256x192,jetson-nano2,tensorrt,GPU,F16,/,/,0.9,4.7,9.5,12.5,32.7,41.6,86.7,11.5,78426.8,46.2,2.1,44.9,1.8,7.2,8.0,63.8,14.3,0.0,38.6,27.5,4.0,1.3,,,
bodypose-estimation,body-pose-openpifpaf,regnety400mf-86p,256x192,jetson-nano2,tensorrt,GPU,F32,/,/,0.9,4.7,19.0,11.9,32.3,29.3,73.5,13.6,92603.7,47.4,2.1,45.8,1.8,7.4,8.0,63.1,32.6,0.0,38.5,27.2,4.2,1.4,,,
bodypose-estimation,body-pose-openpifpaf,regnety400mf-86p,256x192,jetson-nano2,onnxruntime,CPU,F32,/,/,0.9,4.7,19.0,12.2,306.6,58.8,377.5,2.6,18019.0,16.8,1.0,16.8,0.7,3.0,3.0,62.7,0.0,0.0,36.5,25.6,3.7,0.3,,,
bodypose-estimation,body-pose-openpifpaf,regnety400mf-hands,128x96,jetson-nano2,lne,CPU,F32,/,/,0.2,4.7,19.0,3.9,43.6,2.4,49.8,20.1,136581.3,17.0,0.9,16.9,0.7,3.0,4.0,58.3,0.0,0.0,36.2,25.4,3.5,0.6,,,
bodypose-estimation,body-pose-openpifpaf,regnety400mf-hands,128x96,jetson-nano2,onnxruntime,CPU,F32,/,/,0.2,4.7,19.0,3.8,117.2,4.2,125.2,8.0,54329.5,16.4,0.9,16.3,0.6,2.0,2.0,62.1,0.0,0.0,36.2,25.4,3.6,0.2,,,
bodypose-estimation,body-pose-openpifpaf,regnety400mf-hands,128x96,jetson-nano2,lne,GPU/CPU,F32,/,/,0.2,4.7,19.0,/,/,/,/,/,/,0.0,0.0,0.0,0.0,0.0,0.0,0.0,0.0,0.0,0.0,0.0,0.0,0.0,,,
bodypose-estimation,body-pose-openpifpaf,regnety400mf-hands,128x96,jetson-nano2,tensorrt,GPU,F16,/,/,0.2,4.7,9.5,3.8,38.3,3.1,45.3,22.1,150338.6,44.3,2.0,42.5,1.7,2.9,3.0,62.5,20.1,0.0,38.1,27.5,3.9,0.6,,,
bodypose-estimation,body-pose-openpifpaf,regnety400mf-hands,128x96,jetson-nano2,tensorrt,GPU,F32,/,/,0.2,4.7,19.0,3.9,32.6,3.1,39.6,25.2,171771.2,44.0,2.0,42.1,1.7,3.6,4.0,62.6,32.6,0.0,38.0,26.8,4.1,0.7,,,
bodypose-estimation,body-pose-openpifpaf,regnety400mf-hands,128x96,jetson-nano2,onnxruntime,CPU,F32,/,/,0.2,4.7,19.0,3.8,116.2,4.4,124.4,8.0,54696.4,16.8,0.9,16.7,0.7,2.1,4.0,62.0,0.0,0.0,36.1,25.4,3.6,0.2,,,
bodypose-estimation,body-pose-openpifpaf,regnety400mf-hands,192x144,jetson-nano2,lne,CPU,F32,/,/,0.5,4.7,19.0,9.1,84.9,14.7,108.7,9.2,62575.0,17.2,0.9,17.1,0.7,3.9,4.0,59.9,0.0,0.0,35.7,25.0,3.6,0.6,,,
bodypose-estimation,body-pose-openpifpaf,regnety400mf-hands,192x144,jetson-nano2,onnxruntime,CPU,F32,/,/,0.5,4.7,19.0,9.4,209.3,25.8,244.4,4.1,27830.0,18.0,1.0,17.9,0.7,2.3,3.0,62.2,0.0,0.0,36.1,25.4,3.6,0.3,,,
bodypose-estimation,body-pose-openpifpaf,regnety400mf-hands,192x144,jetson-nano2,lne,GPU/CPU,F32,/,/,0.5,4.7,19.0,/,/,/,/,/,/,0.0,0.0,0.0,0.0,0.0,0.0,0.0,0.0,0.0,0.0,0.0,0.0,0.0,,,
bodypose-estimation,body-pose-openpifpaf,regnety400mf-hands,192x144,jetson-nano2,tensorrt,GPU,F16,/,/,0.5,4.7,9.5,9.0,47.7,7.6,64.3,15.5,105762.6,45.2,2.0,43.6,1.8,4.0,5.0,61.8,15.0,0.0,38.6,27.5,4.0,1.0,,,
bodypose-estimation,body-pose-openpifpaf,regnety400mf-hands,192x144,jetson-nano2,tensorrt,GPU,F32,/,/,0.5,4.7,19.0,9.3,42.4,7.7,59.4,16.8,114560.9,45.8,2.1,44.1,1.8,4.6,5.0,62.0,17.5,0.0,38.1,27.0,4.0,1.1,,,
bodypose-estimation,body-pose-openpifpaf,regnety400mf-hands,192x144,jetson-nano2,onnxruntime,CPU,F32,/,/,0.5,4.7,19.0,9.1,209.9,25.4,244.4,4.1,27836.6,15.6,0.9,15.6,0.6,2.2,3.0,62.1,0.0,0.0,36.2,25.5,3.6,0.3,,,
bodypose-estimation,body-pose-openpifpaf,regnety400mf-hands,256x192,jetson-nano2,lne,CPU,F32,/,/,0.9,4.7,19.0,12.4,138.0,19.3,169.7,5.9,40086.6,18.1,1.0,18.0,0.7,4.8,5.0,61.1,0.0,0.0,36.0,25.2,3.6,0.7,,,
bodypose-estimation,body-pose-openpifpaf,regnety400mf-hands,256x192,jetson-nano2,onnxruntime,CPU,F32,/,/,0.9,4.7,19.0,11.9,305.4,33.6,350.9,2.8,19384.9,16.7,0.9,16.6,0.7,3.0,3.0,62.5,0.0,0.0,36.6,25.6,3.6,0.3,,,
bodypose-estimation,body-pose-openpifpaf,regnety400mf-hands,256x192,jetson-nano2,lne,GPU/CPU,F32,/,/,0.9,4.7,19.0,/,/,/,/,/,/,0.0,0.0,0.0,0.0,0.0,0.0,0.0,0.0,0.0,0.0,0.0,0.0,0.0,,,
bodypose-estimation,body-pose-openpifpaf,regnety400mf-hands,256x192,jetson-nano2,tensorrt,GPU,F16,/,/,0.9,4.7,9.5,11.6,45.1,12.0,68.7,14.6,99068.0,46.2,2.1,44.6,1.8,5.5,6.0,61.8,19.1,0.0,38.8,27.8,4.1,1.5,,,
bodypose-estimation,body-pose-openpifpaf,regnety400mf-hands,256x192,jetson-nano2,tensorrt,GPU,F32,/,/,0.9,4.7,19.0,11.7,44.0,12.1,67.8,14.7,100273.7,45.9,2.0,44.4,1.8,6.0,7.0,61.1,31.6,0.0,38.4,27.0,4.2,1.5,,,
bodypose-estimation,body-pose-openpifpaf,regnety400mf-hands,256x192,jetson-nano2,onnxruntime,CPU,F32,/,/,0.9,4.7,19.0,12.5,306.4,34.3,353.2,2.8,19259.7,15.9,0.9,15.9,0.6,3.0,3.0,62.6,0.0,0.0,36.4,25.6,3.6,0.3,,,
bodypose-estimation,body-pose-openpifpaf,regnety400mf-wholebody,128x96,jetson-nano2,lne,CPU,F32,/,/,0.2,4.7,19.0,3.9,43.8,12.4,60.2,16.6,112953.4,17.7,0.9,17.5,0.7,3.9,4.0,58.6,0.0,0.0,35.7,25.2,3.5,0.5,,,
bodypose-estimation,body-pose-openpifpaf,regnety400mf-wholebody,128x96,jetson-nano2,onnxruntime,CPU,F32,/,/,0.2,4.7,19.0,4.0,116.9,27.3,148.2,6.7,45911.9,17.7,0.9,17.6,0.7,2.9,3.0,61.4,0.0,0.0,35.8,25.3,3.5,0.2,,,
bodypose-estimation,body-pose-openpifpaf,regnety400mf-wholebody,128x96,jetson-nano2,lne,GPU/CPU,F32,/,/,0.2,4.7,19.0,/,/,/,/,/,/,0.0,0.0,0.0,0.0,0.0,0.0,0.0,0.0,0.0,0.0,0.0,0.0,0.0,,,
bodypose-estimation,body-pose-openpifpaf,regnety400mf-wholebody,128x96,jetson-nano2,tensorrt,GPU,F16,/,/,0.2,4.7,9.5,3.9,46.9,8.6,59.4,16.8,114453.2,46.2,2.1,44.5,1.8,3.7,4.0,61.9,14.6,0.0,38.2,27.0,3.8,0.5,,,
bodypose-estimation,body-pose-openpifpaf,regnety400mf-wholebody,128x96,jetson-nano2,tensorrt,GPU,F32,/,/,0.2,4.7,19.0,3.8,32.9,8.6,45.3,22.1,150135.5,46.3,2.1,44.4,1.8,3.8,4.0,62.1,11.9,0.0,37.8,26.9,3.9,0.6,,,
bodypose-estimation,body-pose-openpifpaf,regnety400mf-wholebody,128x96,jetson-nano2,onnxruntime,CPU,F32,/,/,0.2,4.7,19.0,3.9,117.3,26.8,148.0,6.8,45970.5,16.1,0.9,16.0,0.6,2.9,3.0,61.6,0.0,0.0,36.1,25.5,3.5,0.2,,,
bodypose-estimation,body-pose-openpifpaf,regnety400mf-wholebody,192x144,jetson-nano2,lne,CPU,F32,/,/,0.5,4.7,19.0,9.2,84.5,32.3,126.1,7.9,53961.3,17.9,1.0,17.8,0.7,5.3,6.0,60.5,0.0,0.0,35.5,25.0,3.6,0.6,,,
bodypose-estimation,body-pose-openpifpaf,regnety400mf-wholebody,192x144,jetson-nano2,onnxruntime,CPU,F32,/,/,0.5,4.7,19.0,9.2,210.0,64.0,283.2,3.5,24019.8,18.0,1.0,17.9,0.7,3.0,4.0,62.3,0.0,0.0,36.1,25.3,3.6,0.2,,,
bodypose-estimation,body-pose-openpifpaf,regnety400mf-wholebody,192x144,jetson-nano2,lne,GPU/CPU,F32,/,/,0.5,4.7,19.0,/,/,/,/,/,/,0.0,0.0,0.0,0.0,0.0,0.0,0.0,0.0,0.0,0.0,0.0,0.0,0.0,,,
bodypose-estimation,body-pose-openpifpaf,regnety400mf-wholebody,192x144,jetson-nano2,tensorrt,GPU,F16,/,/,0.5,4.7,9.5,9.0,43.6,34.7,87.3,11.5,77895.5,46.1,2.1,44.8,1.8,5.6,6.0,62.4,16.8,0.0,38.5,27.4,4.0,0.7,,,
bodypose-estimation,body-pose-openpifpaf,regnety400mf-wholebody,192x144,jetson-nano2,tensorrt,GPU,F32,/,/,0.5,4.7,19.0,9.2,33.4,35.2,77.8,12.8,87416.6,47.7,2.1,46.2,1.9,5.8,7.0,63.5,16.2,0.0,38.0,26.8,4.0,0.8,,,
bodypose-estimation,body-pose-openpifpaf,regnety400mf-wholebody,192x144,jetson-nano2,onnxruntime,CPU,F32,/,/,0.5,4.7,19.0,9.5,211.2,63.1,283.8,3.5,23969.1,16.2,1.0,16.2,0.7,3.0,4.0,62.4,0.0,0.0,36.1,25.4,3.6,0.2,,,
bodypose-estimation,body-pose-openpifpaf,regnety400mf-wholebody,256x192,jetson-nano2,lne,CPU,F32,/,/,0.9,4.7,19.0,12.6,139.1,48.3,200.0,5.0,34007.9,18.2,1.0,18.2,0.8,6.5,7.0,61.7,0.0,0.0,35.8,25.5,3.7,0.6,,,
bodypose-estimation,body-pose-openpifpaf,regnety400mf-wholebody,256x192,jetson-nano2,onnxruntime,CPU,F32,/,/,0.9,4.7,19.0,12.0,306.9,93.8,412.8,2.4,16481.5,17.5,1.0,17.5,0.7,4.0,4.0,62.7,0.0,0.0,36.8,26.0,3.7,0.3,,,
bodypose-estimation,body-pose-openpifpaf,regnety400mf-wholebody,256x192,jetson-nano2,lne,GPU/CPU,F32,/,/,0.9,4.7,19.0,/,/,/,/,/,/,0.0,0.0,0.0,0.0,0.0,0.0,0.0,0.0,0.0,0.0,0.0,0.0,0.0,,,
bodypose-estimation,body-pose-openpifpaf,regnety400mf-wholebody,256x192,jetson-nano2,tensorrt,GPU,F16,/,/,0.9,4.7,9.5,12.7,32.8,80.1,125.6,8.0,54154.5,46.3,2.1,45.2,1.8,8.2,9.0,64.0,13.7,0.0,38.6,27.4,4.0,0.9,,,
bodypose-estimation,body-pose-openpifpaf,regnety400mf-wholebody,256x192,jetson-nano2,tensorrt,GPU,F32,/,/,0.9,4.7,19.0,12.7,32.1,76.9,121.6,8.2,55939.3,47.0,2.1,46.2,1.9,8.7,10.0,63.4,0.0,0.0,38.1,27.2,4.0,0.9,,,
bodypose-estimation,body-pose-openpifpaf,regnety400mf-wholebody,256x192,jetson-nano2,onnxruntime,CPU,F32,/,/,0.9,4.7,19.0,12.2,305.3,94.1,411.6,2.4,16528.4,16.5,1.0,16.5,0.7,4.0,4.0,62.8,0.0,0.0,36.5,25.5,3.7,0.3,,,
bodypose-estimation,body-pose-openpifpaf,regnety800mf-59p,128x96,jetson-nano2,lne,CPU,F32,/,/,0.4,7.2,28.6,3.8,65.7,3.0,72.5,13.8,93828.2,16.7,1.0,16.5,0.6,3.8,4.0,59.0,0.0,0.0,36.4,25.5,3.6,0.9,,,
bodypose-estimation,body-pose-openpifpaf,regnety800mf-59p,128x96,jetson-nano2,onnxruntime,CPU,F32,/,/,0.4,7.2,28.6,3.8,171.7,9.1,184.6,5.4,36846.8,16.5,1.0,16.4,0.6,2.0,3.0,62.2,0.0,0.0,36.6,25.9,3.6,0.3,,,
bodypose-estimation,body-pose-openpifpaf,regnety800mf-59p,128x96,jetson-nano2,lne,GPU/CPU,F32,/,/,0.4,7.2,28.6,/,/,/,/,/,/,0.0,0.0,0.0,0.0,0.0,0.0,0.0,0.0,0.0,0.0,0.0,0.0,0.0,,,
bodypose-estimation,body-pose-openpifpaf,regnety800mf-59p,128x96,jetson-nano2,tensorrt,GPU,F16,/,/,0.4,7.2,14.3,3.8,28.3,4.4,36.5,27.4,186285.9,46.4,2.1,44.3,1.8,3.6,4.0,59.7,16.4,0.0,38.5,27.4,3.8,1.6,,,
bodypose-estimation,body-pose-openpifpaf,regnety800mf-59p,128x96,jetson-nano2,tensorrt,GPU,F32,/,/,0.4,7.2,28.6,3.8,29.4,4.3,37.5,26.7,181401.2,46.6,2.1,44.5,1.8,4.2,5.0,59.5,9.9,0.0,37.9,27.0,3.8,1.6,,,
bodypose-estimation,body-pose-openpifpaf,regnety800mf-59p,128x96,jetson-nano2,onnxruntime,CPU,F32,/,/,0.4,7.2,28.6,3.8,167.3,8.0,179.1,5.6,37980.5,17.2,1.0,17.1,0.7,2.1,3.0,62.4,0.0,0.0,36.3,25.5,3.6,0.3,,,
bodypose-estimation,body-pose-openpifpaf,regnety800mf-59p,192x144,jetson-nano2,lne,CPU,F32,/,/,1.0,7.2,28.6,9.2,135.9,15.5,160.6,6.2,42358.4,17.6,1.0,17.5,0.7,4.7,5.0,61.1,0.0,0.0,36.2,25.4,3.7,0.9,,,
bodypose-estimation,body-pose-openpifpaf,regnety800mf-59p,192x144,jetson-nano2,onnxruntime,CPU,F32,/,/,1.0,7.2,28.6,9.5,336.5,32.8,378.8,2.6,17959.9,16.1,0.9,16.0,0.6,2.2,3.0,62.5,0.0,0.0,36.8,26.0,3.7,0.4,,,
bodypose-estimation,body-pose-openpifpaf,regnety800mf-59p,192x144,jetson-nano2,lne,GPU/CPU,F32,/,/,1.0,7.2,28.6,/,/,/,/,/,/,0.0,0.0,0.0,0.0,0.0,0.0,0.0,0.0,0.0,0.0,0.0,0.0,0.0,,,
bodypose-estimation,body-pose-openpifpaf,regnety800mf-59p,192x144,jetson-nano2,tensorrt,GPU,F16,/,/,1.0,7.2,14.3,8.9,29.4,11.0,49.4,20.2,137678.5,47.2,2.1,45.3,1.8,5.6,7.0,59.8,16.9,0.0,39.0,27.7,4.0,2.6,,,
bodypose-estimation,body-pose-openpifpaf,regnety800mf-59p,192x144,jetson-nano2,tensorrt,GPU,F32,/,/,1.0,7.2,28.6,9.3,30.6,11.1,51.0,19.6,133460.3,46.9,2.1,45.0,1.8,6.0,7.0,59.9,15.3,0.0,39.0,27.5,4.0,2.5,,,
bodypose-estimation,body-pose-openpifpaf,regnety800mf-59p,192x144,jetson-nano2,onnxruntime,CPU,F32,/,/,1.0,7.2,28.6,9.5,343.8,31.6,385.0,2.6,17670.9,16.4,0.9,16.3,0.6,2.2,3.0,62.8,0.0,0.0,36.7,25.9,3.7,0.4,,,
bodypose-estimation,body-pose-openpifpaf,regnety800mf-59p,256x192,jetson-nano2,lne,CPU,F32,/,/,1.8,7.2,28.6,12.4,225.9,22.8,261.1,3.8,26059.8,17.5,1.0,17.5,0.7,4.9,6.0,62.2,0.0,0.0,36.7,25.8,3.8,0.9,,,
bodypose-estimation,body-pose-openpifpaf,regnety800mf-59p,256x192,jetson-nano2,onnxruntime,CPU,F32,/,/,1.8,7.2,28.6,12.7,518.6,41.2,572.5,1.7,11882.3,16.3,0.9,16.3,0.7,2.9,3.0,62.8,0.0,0.0,37.4,26.3,3.7,0.4,,,
bodypose-estimation,body-pose-openpifpaf,regnety800mf-59p,256x192,jetson-nano2,lne,GPU/CPU,F32,/,/,1.8,7.2,28.6,/,/,/,/,/,/,0.0,0.0,0.0,0.0,0.0,0.0,0.0,0.0,0.0,0.0,0.0,0.0,0.0,,,
bodypose-estimation,body-pose-openpifpaf,regnety800mf-59p,256x192,jetson-nano2,tensorrt,GPU,F16,/,/,1.8,7.2,14.3,11.5,23.8,18.3,53.6,18.7,126889.9,48.0,2.1,46.2,1.9,7.4,9.0,59.8,10.8,0.0,39.0,28.0,4.2,4.0,,,
bodypose-estimation,body-pose-openpifpaf,regnety800mf-59p,256x192,jetson-nano2,tensorrt,GPU,F32,/,/,1.8,7.2,28.6,12.3,30.2,18.3,60.8,16.4,111833.0,47.8,2.1,46.1,1.9,9.3,11.0,59.0,27.5,0.0,39.7,27.9,4.4,3.3,,,
bodypose-estimation,body-pose-openpifpaf,regnety800mf-59p,256x192,jetson-nano2,onnxruntime,CPU,F32,/,/,1.8,7.2,28.6,12.4,507.6,41.2,561.3,1.8,12119.8,16.5,0.9,16.4,0.7,3.0,3.0,62.9,0.0,0.0,37.1,26.0,3.7,0.4,,,
bodypose-estimation,body-pose-openpifpaf,regnety800mf-86p,128x96,jetson-nano2,lne,CPU,F32,/,/,0.4,7.2,28.6,3.8,66.1,4.2,74.1,13.5,91783.3,17.2,1.0,17.0,0.7,3.9,4.0,58.9,0.0,0.0,36.2,25.5,3.6,0.8,,,
bodypose-estimation,body-pose-openpifpaf,regnety800mf-86p,128x96,jetson-nano2,onnxruntime,CPU,F32,/,/,0.4,7.2,28.6,3.8,169.9,10.6,184.3,5.4,36917.4,16.4,0.9,16.3,0.6,2.1,3.0,62.3,0.0,0.0,36.3,25.7,3.6,0.3,,,
bodypose-estimation,body-pose-openpifpaf,regnety800mf-86p,128x96,jetson-nano2,lne,GPU/CPU,F32,/,/,0.4,7.2,28.6,/,/,/,/,/,/,0.0,0.0,0.0,0.0,0.0,0.0,0.0,0.0,0.0,0.0,0.0,0.0,0.0,,,
bodypose-estimation,body-pose-openpifpaf,regnety800mf-86p,128x96,jetson-nano2,tensorrt,GPU,F16,/,/,0.4,7.2,14.3,3.8,26.3,6.3,36.4,27.5,187052.1,47.8,2.1,45.6,1.9,3.9,4.0,60.0,18.4,0.0,38.5,27.5,3.8,1.6,,,
bodypose-estimation,body-pose-openpifpaf,regnety800mf-86p,128x96,jetson-nano2,tensorrt,GPU,F32,/,/,0.4,7.2,28.6,3.8,22.8,6.3,32.9,30.4,206477.2,47.3,2.1,45.1,1.8,4.5,5.0,58.4,17.4,0.0,38.2,26.8,3.9,1.7,,,
bodypose-estimation,body-pose-openpifpaf,regnety800mf-86p,128x96,jetson-nano2,onnxruntime,CPU,F32,/,/,0.4,7.2,28.6,3.9,169.4,10.2,183.5,5.5,37083.1,16.9,0.9,16.8,0.7,2.1,3.0,62.4,0.0,0.0,36.4,25.6,3.6,0.3,,,
bodypose-estimation,body-pose-openpifpaf,regnety800mf-86p,192x144,jetson-nano2,lne,CPU,F32,/,/,1.0,7.2,28.6,9.4,136.9,22.5,168.8,5.9,40296.6,17.2,1.0,17.1,0.7,4.8,5.0,61.1,0.0,0.0,36.1,25.4,3.7,0.8,,,
bodypose-estimation,body-pose-openpifpaf,regnety800mf-86p,192x144,jetson-nano2,onnxruntime,CPU,F32,/,/,1.0,7.2,28.6,9.4,340.4,41.6,391.4,2.6,17380.3,16.9,1.0,16.9,0.7,2.9,3.0,62.5,0.0,0.0,36.8,25.9,3.7,0.4,,,
bodypose-estimation,body-pose-openpifpaf,regnety800mf-86p,192x144,jetson-nano2,lne,GPU/CPU,F32,/,/,1.0,7.2,28.6,/,/,/,/,/,/,0.0,0.0,0.0,0.0,0.0,0.0,0.0,0.0,0.0,0.0,0.0,0.0,0.0,,,
bodypose-estimation,body-pose-openpifpaf,regnety800mf-86p,192x144,jetson-nano2,tensorrt,GPU,F16,/,/,1.0,7.2,14.3,9.1,24.8,17.5,51.5,19.4,132167.8,48.6,2.1,46.7,1.9,6.4,7.0,60.6,17.5,0.0,38.7,27.9,4.0,2.5,,,
bodypose-estimation,body-pose-openpifpaf,regnety800mf-86p,192x144,jetson-nano2,tensorrt,GPU,F32,/,/,1.0,7.2,28.6,9.3,23.4,17.5,50.2,19.9,135620.6,47.9,2.1,46.0,1.9,7.0,8.0,60.3,19.2,0.0,38.8,27.5,4.2,2.4,,,
bodypose-estimation,body-pose-openpifpaf,regnety800mf-86p,192x144,jetson-nano2,onnxruntime,CPU,F32,/,/,1.0,7.2,28.6,9.4,336.2,41.8,387.4,2.6,17561.0,16.5,0.9,16.5,0.7,2.9,3.0,62.6,0.0,0.0,36.7,25.8,3.7,0.4,,,
bodypose-estimation,body-pose-openpifpaf,regnety800mf-86p,256x192,jetson-nano2,lne,CPU,F32,/,/,1.8,7.2,28.6,12.3,225.8,32.7,270.8,3.7,25122.4,17.8,1.0,17.7,0.7,5.8,6.0,62.4,0.0,0.0,36.6,25.8,3.8,0.9,,,
bodypose-estimation,body-pose-openpifpaf,regnety800mf-86p,256x192,jetson-nano2,onnxruntime,CPU,F32,/,/,1.8,7.2,28.6,12.9,513.9,57.4,584.2,1.7,11645.0,16.6,1.0,16.5,0.7,3.0,3.0,62.9,0.0,0.0,37.3,26.5,3.7,0.4,,,
bodypose-estimation,body-pose-openpifpaf,regnety800mf-86p,256x192,jetson-nano2,lne,GPU/CPU,F32,/,/,1.8,7.2,28.6,/,/,/,/,/,/,0.0,0.0,0.0,0.0,0.0,0.0,0.0,0.0,0.0,0.0,0.0,0.0,0.0,,,
bodypose-estimation,body-pose-openpifpaf,regnety800mf-86p,256x192,jetson-nano2,tensorrt,GPU,F16,/,/,1.8,7.2,14.3,11.5,23.4,29.7,64.5,15.5,105424.0,48.2,2.1,46.5,1.9,7.6,9.0,60.6,7.6,0.0,39.2,27.8,4.1,3.4,,,
bodypose-estimation,body-pose-openpifpaf,regnety800mf-86p,256x192,jetson-nano2,tensorrt,GPU,F32,/,/,1.8,7.2,28.6,11.9,30.8,29.6,72.4,13.8,94026.2,48.3,2.1,46.7,1.9,9.3,11.0,60.9,18.6,0.0,39.0,27.7,4.4,2.8,,,
bodypose-estimation,body-pose-openpifpaf,regnety800mf-86p,256x192,jetson-nano2,onnxruntime,CPU,F32,/,/,1.8,7.2,28.6,12.7,509.0,58.2,579.9,1.7,11731.4,17.3,1.0,17.3,0.7,3.0,3.0,63.1,0.0,0.0,36.8,26.2,3.7,0.4,,,
bodypose-estimation,body-pose-openpifpaf,regnety800mf-hands,128x96,jetson-nano2,lne,CPU,F32,/,/,0.4,7.2,28.6,3.9,66.1,2.3,72.4,13.8,93987.5,16.3,1.0,16.1,0.6,3.8,4.0,59.0,0.0,0.0,34.4,24.0,3.5,0.9,,,
bodypose-estimation,body-pose-openpifpaf,regnety800mf-hands,128x96,jetson-nano2,onnxruntime,CPU,F32,/,/,0.4,7.2,28.6,3.8,168.4,5.0,177.3,5.6,38377.5,15.5,0.9,15.5,0.6,2.0,3.0,62.4,0.0,0.0,35.3,24.7,3.6,0.3,,,
bodypose-estimation,body-pose-openpifpaf,regnety800mf-hands,128x96,jetson-nano2,lne,GPU/CPU,F32,/,/,0.4,7.2,28.6,/,/,/,/,/,/,0.0,0.0,0.0,0.0,0.0,0.0,0.0,0.0,0.0,0.0,0.0,0.0,0.0,,,
bodypose-estimation,body-pose-openpifpaf,regnety800mf-hands,128x96,jetson-nano2,tensorrt,GPU,F16,/,/,0.4,7.2,14.3,3.8,30.9,3.2,37.9,26.4,179304.5,46.2,2.0,44.1,1.8,3.7,4.0,59.5,12.2,0.0,38.8,27.6,3.8,1.5,,,
bodypose-estimation,body-pose-openpifpaf,regnety800mf-hands,128x96,jetson-nano2,tensorrt,GPU,F32,/,/,0.4,7.2,28.6,3.8,30.0,3.2,36.9,27.1,184194.6,46.7,2.0,44.7,1.8,4.2,5.0,59.2,23.1,0.0,38.0,26.8,4.1,1.5,,,
bodypose-estimation,body-pose-openpifpaf,regnety800mf-hands,128x96,jetson-nano2,onnxruntime,CPU,F32,/,/,0.4,7.2,28.6,3.8,169.5,4.2,177.6,5.6,38309.1,17.8,0.9,17.7,0.7,2.1,3.0,62.6,0.0,0.0,35.7,25.3,3.6,0.3,,,
bodypose-estimation,body-pose-openpifpaf,regnety800mf-hands,192x144,jetson-nano2,lne,CPU,F32,/,/,1.0,7.2,28.6,9.1,136.4,13.2,158.7,6.3,42860.4,16.7,1.0,16.6,0.7,4.1,5.0,61.0,0.0,0.0,35.9,24.8,3.7,0.9,,,
bodypose-estimation,body-pose-openpifpaf,regnety800mf-hands,192x144,jetson-nano2,onnxruntime,CPU,F32,/,/,1.0,7.2,28.6,9.4,339.2,20.8,369.5,2.7,18413.3,15.8,0.9,15.8,0.6,2.0,3.0,62.7,0.0,0.0,36.6,25.6,3.7,0.4,,,
bodypose-estimation,body-pose-openpifpaf,regnety800mf-hands,192x144,jetson-nano2,lne,GPU/CPU,F32,/,/,1.0,7.2,28.6,/,/,/,/,/,/,0.0,0.0,0.0,0.0,0.0,0.0,0.0,0.0,0.0,0.0,0.0,0.0,0.0,,,
bodypose-estimation,body-pose-openpifpaf,regnety800mf-hands,192x144,jetson-nano2,tensorrt,GPU,F16,/,/,1.0,7.2,14.3,9.1,21.6,7.8,38.5,26.0,176652.9,47.2,2.1,45.2,1.8,6.3,7.0,59.7,15.8,0.0,39.0,27.9,4.0,3.3,,,
bodypose-estimation,body-pose-openpifpaf,regnety800mf-hands,192x144,jetson-nano2,tensorrt,GPU,F32,/,/,1.0,7.2,28.6,9.0,30.6,8.0,47.6,21.0,143016.1,46.4,2.0,44.5,1.8,5.9,7.0,60.0,28.4,0.0,39.0,27.8,4.2,2.6,,,
bodypose-estimation,body-pose-openpifpaf,regnety800mf-hands,192x144,jetson-nano2,onnxruntime,CPU,F32,/,/,1.0,7.2,28.6,9.6,337.2,21.5,368.2,2.7,18475.7,17.3,0.9,17.2,0.7,2.0,3.0,62.6,0.0,0.0,36.7,25.8,3.7,0.4,,,
bodypose-estimation,body-pose-openpifpaf,regnety800mf-hands,256x192,jetson-nano2,lne,CPU,F32,/,/,1.8,7.2,28.6,12.4,226.6,19.1,258.0,3.9,26368.3,17.1,1.0,17.0,0.7,4.9,5.0,62.0,0.0,0.0,36.6,25.7,3.8,0.9,,,
bodypose-estimation,body-pose-openpifpaf,regnety800mf-hands,256x192,jetson-nano2,onnxruntime,CPU,F32,/,/,1.8,7.2,28.6,11.9,512.0,23.6,547.5,1.8,12425.0,16.3,0.9,16.3,0.6,2.1,3.0,62.9,0.0,0.0,37.5,26.5,3.7,0.4,,,
bodypose-estimation,body-pose-openpifpaf,regnety800mf-hands,256x192,jetson-nano2,lne,GPU/CPU,F32,/,/,1.8,7.2,28.6,/,/,/,/,/,/,0.0,0.0,0.0,0.0,0.0,0.0,0.0,0.0,0.0,0.0,0.0,0.0,0.0,,,
bodypose-estimation,body-pose-openpifpaf,regnety800mf-hands,256x192,jetson-nano2,tensorrt,GPU,F16,/,/,1.8,7.2,14.3,11.6,20.2,13.3,45.1,22.2,150882.8,47.6,2.1,45.7,1.8,7.1,8.0,59.8,16.8,0.0,39.2,27.6,4.1,4.8,,,
bodypose-estimation,body-pose-openpifpaf,regnety800mf-hands,256x192,jetson-nano2,tensorrt,GPU,F32,/,/,1.8,7.2,28.6,11.6,28.9,13.3,53.9,18.6,126326.9,47.6,2.1,45.8,1.8,8.8,11.0,60.3,37.5,0.0,39.6,27.8,4.6,3.6,,,
bodypose-estimation,body-pose-openpifpaf,regnety800mf-hands,256x192,jetson-nano2,onnxruntime,CPU,F32,/,/,1.8,7.2,28.6,11.5,512.8,23.4,547.8,1.8,12419.8,17.2,0.9,17.1,0.7,2.2,3.0,62.8,0.0,0.0,37.1,26.4,3.7,0.4,,,
bodypose-estimation,body-pose-openpifpaf,regnety800mf-wholebody,128x96,jetson-nano2,lne,CPU,F32,/,/,0.4,7.2,28.6,3.9,66.2,13.5,83.6,12.0,81408.9,17.9,1.0,17.8,0.7,3.9,4.0,59.5,0.1,0.0,36.4,25.8,3.6,0.7,,,
bodypose-estimation,body-pose-openpifpaf,regnety800mf-wholebody,128x96,jetson-nano2,onnxruntime,CPU,F32,/,/,0.4,7.2,28.6,3.9,168.7,29.2,201.8,5.0,33711.5,17.1,1.0,17.0,0.7,2.8,3.0,61.9,0.0,0.0,36.4,25.6,3.6,0.3,,,
bodypose-estimation,body-pose-openpifpaf,regnety800mf-wholebody,128x96,jetson-nano2,lne,GPU/CPU,F32,/,/,0.4,7.2,28.6,/,/,/,/,/,/,0.0,0.0,0.0,0.0,0.0,0.0,0.0,0.0,0.0,0.0,0.0,0.0,0.0,,,
bodypose-estimation,body-pose-openpifpaf,regnety800mf-wholebody,128x96,jetson-nano2,tensorrt,GPU,F16,/,/,0.4,7.2,14.3,3.8,28.1,11.3,43.2,23.2,157580.8,47.3,2.1,45.2,1.8,4.2,5.0,60.4,17.1,0.0,38.6,27.6,3.8,1.4,,,
bodypose-estimation,body-pose-openpifpaf,regnety800mf-wholebody,128x96,jetson-nano2,tensorrt,GPU,F32,/,/,0.4,7.2,28.6,3.9,29.9,11.4,45.2,22.1,150523.8,47.0,2.1,45.0,1.8,4.6,5.0,60.1,21.8,0.0,38.2,27.1,3.9,1.3,,,
bodypose-estimation,body-pose-openpifpaf,regnety800mf-wholebody,128x96,jetson-nano2,onnxruntime,CPU,F32,/,/,0.4,7.2,28.6,3.9,172.0,29.4,205.4,4.9,33123.7,16.5,0.9,16.4,0.6,2.7,4.0,61.8,0.0,0.0,36.3,25.6,3.7,0.3,,,
bodypose-estimation,body-pose-openpifpaf,regnety800mf-wholebody,192x144,jetson-nano2,lne,CPU,F32,/,/,1.0,7.2,28.6,9.2,136.1,32.3,177.6,5.6,38303.2,17.5,1.0,17.4,0.7,5.4,6.0,61.4,0.0,0.0,36.1,25.1,3.9,0.8,,,
bodypose-estimation,body-pose-openpifpaf,regnety800mf-wholebody,192x144,jetson-nano2,onnxruntime,CPU,F32,/,/,1.0,7.2,28.6,9.8,339.2,62.9,411.9,2.4,16517.9,17.2,1.0,17.1,0.7,3.0,3.0,62.9,0.0,0.0,36.9,25.8,3.7,0.3,,,
bodypose-estimation,body-pose-openpifpaf,regnety800mf-wholebody,192x144,jetson-nano2,lne,GPU/CPU,F32,/,/,1.0,7.2,28.6,/,/,/,/,/,/,0.0,0.0,0.0,0.0,0.0,0.0,0.0,0.0,0.0,0.0,0.0,0.0,0.0,,,
bodypose-estimation,body-pose-openpifpaf,regnety800mf-wholebody,192x144,jetson-nano2,tensorrt,GPU,F16,/,/,1.0,7.2,14.3,9.0,29.8,33.6,72.4,13.8,94006.7,47.9,2.1,46.4,1.9,6.5,7.0,61.0,17.6,0.0,38.9,27.7,4.0,1.8,,,
bodypose-estimation,body-pose-openpifpaf,regnety800mf-wholebody,192x144,jetson-nano2,tensorrt,GPU,F32,/,/,1.0,7.2,28.6,9.1,22.1,33.3,64.5,15.5,105404.4,47.7,2.1,46.1,1.8,7.3,8.0,61.3,11.9,0.0,38.8,27.4,4.0,2.0,,,
bodypose-estimation,body-pose-openpifpaf,regnety800mf-wholebody,192x144,jetson-nano2,onnxruntime,CPU,F32,/,/,1.0,7.2,28.6,9.7,338.4,62.8,410.8,2.4,16558.8,16.6,1.0,16.6,0.7,3.0,3.0,62.8,0.0,0.0,36.8,25.9,3.7,0.3,,,
bodypose-estimation,body-pose-openpifpaf,regnety800mf-wholebody,256x192,jetson-nano2,lne,CPU,F32,/,/,1.8,7.2,28.6,12.0,226.0,47.9,285.8,3.5,23799.3,18.8,1.1,18.7,0.8,6.0,7.0,62.5,0.0,0.0,36.7,25.6,3.8,0.8,,,
bodypose-estimation,body-pose-openpifpaf,regnety800mf-wholebody,256x192,jetson-nano2,onnxruntime,CPU,F32,/,/,1.8,7.2,28.6,12.4,509.1,95.2,616.7,1.6,11031.2,16.9,1.0,16.9,0.7,3.2,4.0,63.1,0.0,0.0,37.6,26.5,3.7,0.4,,,
bodypose-estimation,body-pose-openpifpaf,regnety800mf-wholebody,256x192,jetson-nano2,lne,GPU/CPU,F32,/,/,1.8,7.2,28.6,/,/,/,/,/,/,0.0,0.0,0.0,0.0,0.0,0.0,0.0,0.0,0.0,0.0,0.0,0.0,0.0,,,
bodypose-estimation,body-pose-openpifpaf,regnety800mf-wholebody,256x192,jetson-nano2,tensorrt,GPU,F16,/,/,1.8,7.2,14.3,12.4,26.9,76.8,116.0,8.6,58629.9,47.7,2.1,46.6,1.9,10.2,11.0,62.6,13.7,0.0,39.2,27.8,4.0,1.9,,,
bodypose-estimation,body-pose-openpifpaf,regnety800mf-wholebody,256x192,jetson-nano2,tensorrt,GPU,F32,/,/,1.8,7.2,28.6,12.4,30.8,76.9,120.0,8.3,56672.4,48.1,2.1,47.4,1.9,10.2,11.0,61.5,0.0,0.0,38.4,27.5,4.0,1.8,,,
bodypose-estimation,body-pose-openpifpaf,regnety800mf-wholebody,256x192,jetson-nano2,onnxruntime,CPU,F32,/,/,1.8,7.2,28.6,12.6,519.1,94.2,625.9,1.6,10869.4,16.8,1.0,16.7,0.7,3.1,4.0,63.1,0.0,0.0,37.1,26.1,3.7,0.4,,,
bodypose-estimation,body-pose-openpifpaf,resnet50-012-13,160x120,jetson-nano2,lne,CPU,F32,/,/,13.0,27.4,109.7,3.8,1075.9,4.9,1084.7,0.9,6272.0,30.5,0.8,30.4,1.2,4.0,5.0,63.7,0.0,0.0,38.7,26.8,4.1,1.5,,,
bodypose-estimation,body-pose-openpifpaf,resnet50-012-13,160x120,jetson-nano2,onnxruntime,CPU,F32,/,/,13.0,27.4,109.7,3.7,2199.7,5.4,2208.8,0.5,3079.9,25.1,0.6,25.1,1.0,2.7,3.0,63.8,0.0,0.0,40.0,28.2,3.9,0.8,,,
bodypose-estimation,body-pose-openpifpaf,resnet50-012-13,160x120,jetson-nano2,lne,GPU/CPU,F32,/,/,13.0,27.4,109.7,3.8,266.7,6.9,277.4,3.6,24527.4,46.9,1.8,46.6,1.9,17.9,20.0,58.5,37.1,0.0,39.0,27.2,5.3,4.4,,,
bodypose-estimation,body-pose-openpifpaf,resnet50-012-13,160x120,jetson-nano2,tensorrt,GPU,F16,/,/,13.0,27.4,54.9,3.6,44.7,5.6,53.9,18.5,126121.3,54.0,2.1,52.0,2.1,12.9,15.0,51.0,33.0,0.0,41.6,28.6,5.0,24.0,,,
bodypose-estimation,body-pose-openpifpaf,resnet50-012-13,160x120,jetson-nano2,tensorrt,GPU,F32,/,/,13.0,27.4,109.7,3.9,80.8,5.6,90.2,11.1,75391.2,60.9,2.2,59.2,2.4,19.4,22.0,47.4,59.4,0.0,43.4,29.8,6.1,11.9,,,
bodypose-estimation,body-pose-openpifpaf,resnet50-012-13,160x120,jetson-nano2,onnxruntime,CPU,F32,/,/,13.0,27.4,109.7,3.6,2207.0,5.8,2216.4,0.5,3069.4,21.6,1.1,21.6,0.8,2.7,7.0,63.9,0.0,0.0,39.1,27.6,3.9,0.8,,,
bodypose-estimation,body-pose-openpifpaf,resnet50-012-13,240x180,jetson-nano2,lne,CPU,F32,/,/,28.9,25.6,102.3,5.2,2371.7,9.3,2386.1,0.4,2851.1,31.6,0.9,31.6,1.2,4.0,5.0,64.0,0.0,0.0,40.6,28.6,4.1,1.5,,,
bodypose-estimation,body-pose-openpifpaf,resnet50-012-13,240x180,jetson-nano2,onnxruntime,CPU,F32,/,/,28.9,25.6,102.3,5.2,4436.9,15.8,4457.9,0.2,1526.1,25.8,0.6,25.8,1.0,3.0,3.0,63.9,0.0,0.0,40.8,29.1,3.9,0.8,,,
bodypose-estimation,body-pose-openpifpaf,resnet50-012-13,240x180,jetson-nano2,lne,GPU/CPU,F32,/,/,28.9,25.6,102.3,5.3,383.0,7.0,395.2,2.5,17212.1,47.1,1.8,46.9,1.9,25.3,28.0,54.8,52.3,0.0,41.5,28.8,6.0,6.1,,,
bodypose-estimation,body-pose-openpifpaf,resnet50-012-13,240x180,jetson-nano2,tensorrt,GPU,F16,/,/,28.9,25.6,51.2,5.3,84.8,10.8,101.0,9.9,67385.5,55.8,2.2,54.4,2.2,18.0,20.0,47.8,53.1,0.0,42.7,29.4,5.9,24.3,,,
bodypose-estimation,body-pose-openpifpaf,resnet50-012-13,240x180,jetson-nano2,tensorrt,GPU,F32,/,/,28.9,25.6,102.3,5.2,156.1,11.0,172.2,5.8,39503.8,60.2,2.2,59.2,2.3,26.0,29.0,45.1,67.4,0.0,44.8,30.8,6.8,12.3,,,
bodypose-estimation,body-pose-openpifpaf,resnet50-012-13,240x180,jetson-nano2,onnxruntime,CPU,F32,/,/,28.9,25.6,102.3,5.2,4484.0,15.4,4504.6,0.2,1510.2,22.8,1.1,22.8,0.9,3.0,9.0,64.0,0.0,0.0,40.2,28.7,3.9,0.8,,,
bodypose-estimation,body-pose-openpifpaf,resnet50-012-13,320x180,jetson-nano2,lne,CPU,F32,/,/,38.6,25.6,102.3,7.0,3127.0,12.4,3146.4,0.3,2162.2,31.2,0.8,31.2,1.2,4.0,5.0,64.1,0.0,0.0,41.1,28.9,4.1,1.5,,,
bodypose-estimation,body-pose-openpifpaf,resnet50-012-13,320x180,jetson-nano2,onnxruntime,CPU,F32,/,/,38.6,25.6,102.3,6.9,5677.8,25.0,5709.8,0.2,1191.5,26.9,0.7,26.9,1.0,3.0,3.0,63.9,0.0,0.0,41.2,29.2,3.9,0.9,,,
bodypose-estimation,body-pose-openpifpaf,resnet50-012-13,320x180,jetson-nano2,lne,GPU/CPU,F32,/,/,38.6,25.6,102.3,7.0,463.8,8.8,479.6,2.1,14184.3,48.6,1.8,48.4,1.9,27.3,30.0,54.1,55.9,0.0,42.1,29.3,6.2,6.5,,,
bodypose-estimation,body-pose-openpifpaf,resnet50-012-13,320x180,jetson-nano2,tensorrt,GPU,F16,/,/,38.6,25.6,51.2,7.0,108.9,14.4,130.3,7.7,52220.6,54.4,2.2,53.3,2.1,20.2,23.0,47.0,59.4,0.0,43.2,29.4,6.1,24.4,,,
bodypose-estimation,body-pose-openpifpaf,resnet50-012-13,320x180,jetson-nano2,tensorrt,GPU,F32,/,/,38.6,25.6,102.3,9.6,214.8,14.5,238.9,4.2,28471.3,56.7,2.1,55.9,2.2,28.0,32.0,43.8,69.8,0.0,45.1,31.1,6.9,11.7,,,
bodypose-estimation,body-pose-openpifpaf,resnet50-012-13,320x180,jetson-nano2,onnxruntime,CPU,F32,/,/,38.6,25.6,102.3,6.8,5741.8,24.7,5773.3,0.2,1178.3,23.5,1.1,23.4,0.9,3.0,10.0,64.0,0.0,0.0,40.3,28.7,3.9,0.9,,,
bodypose-estimation,body-pose-openpifpaf,resnet50-012-13,320x240,jetson-nano2,lne,CPU,F32,/,/,51.5,27.4,109.7,8.9,4211.6,12.5,4233.1,0.2,1607.1,32.4,0.9,32.4,1.3,4.0,5.0,64.1,0.0,0.0,41.2,29.1,4.1,1.5,,,
bodypose-estimation,body-pose-openpifpaf,resnet50-012-13,320x240,jetson-nano2,onnxruntime,CPU,F32,/,/,51.5,27.4,109.7,8.8,7509.1,27.8,7545.7,0.1,901.6,27.0,0.7,27.0,1.1,3.0,4.0,63.9,0.0,0.0,41.2,29.1,3.9,0.9,,,
bodypose-estimation,body-pose-openpifpaf,resnet50-012-13,320x240,jetson-nano2,lne,GPU/CPU,F32,/,/,51.5,27.4,109.7,9.1,581.7,11.0,601.7,1.7,11305.8,49.5,1.8,49.3,1.9,29.7,32.0,53.2,50.3,0.0,42.5,30.0,6.3,6.8,,,
bodypose-estimation,body-pose-openpifpaf,resnet50-012-13,320x240,jetson-nano2,tensorrt,GPU,F16,/,/,51.5,27.4,54.9,9.0,150.2,17.6,176.8,5.7,38478.5,58.3,2.2,57.3,2.3,23.5,26.0,46.2,68.5,0.0,44.2,30.6,6.4,22.7,,,
bodypose-estimation,body-pose-openpifpaf,resnet50-012-13,320x240,jetson-nano2,tensorrt,GPU,F32,/,/,51.5,27.4,109.7,9.0,274.6,17.4,301.0,3.3,22604.5,62.7,2.2,62.1,2.4,30.6,33.0,44.0,76.3,0.0,46.1,31.7,7.3,11.8,,,
bodypose-estimation,body-pose-openpifpaf,resnet50-012-13,320x240,jetson-nano2,onnxruntime,CPU,F32,/,/,51.5,27.4,109.7,8.8,7530.0,27.7,7566.5,0.1,899.1,24.3,1.1,24.2,0.9,3.0,11.0,64.0,0.0,0.0,40.4,28.9,3.9,0.9,,,
bodypose-estimation,body-pose-openpifpaf,resnet50-012-13,640x480,jetson-nano2,lne,CPU,F32,/,/,205.8,27.5,109.9,32.3,16751.2,63.2,16846.6,0.1,403.8,40.7,1.2,40.7,1.6,4.2,6.0,64.3,0.0,0.0,42.0,29.8,4.2,1.5,,,
bodypose-estimation,body-pose-openpifpaf,resnet50-012-13,640x480,jetson-nano2,onnxruntime,CPU,F32,/,/,205.8,27.5,109.9,32.5,28208.8,85.8,28327.1,0.0,240.2,40.5,1.2,40.5,1.6,3.1,4.0,64.0,0.0,0.0,41.7,29.6,4.0,0.9,,,
bodypose-estimation,body-pose-openpifpaf,resnet50-012-13,640x480,jetson-nano2,lne,GPU/CPU,F32,/,/,205.8,27.5,109.9,35.9,1758.8,54.6,1849.4,0.5,3678.6,54.0,1.9,53.9,2.1,36.3,39.0,47.6,76.2,0.0,46.7,32.7,7.1,7.8,,,
bodypose-estimation,body-pose-openpifpaf,resnet50-012-13,640x480,jetson-nano2,tensorrt,GPU,F16,/,/,205.8,27.5,54.9,33.7,552.7,83.1,669.5,1.5,10161.7,60.1,2.2,59.7,2.4,29.2,31.0,44.5,75.4,0.0,47.9,33.5,7.0,21.8,,,
bodypose-estimation,body-pose-openpifpaf,resnet50-012-13,640x480,jetson-nano2,tensorrt,GPU,F32,/,/,205.8,27.5,109.9,33.9,1021.8,82.9,1138.6,0.9,5974.9,66.7,2.4,66.5,2.6,36.3,38.0,42.4,85.1,0.0,50.4,35.4,7.9,11.5,,,
bodypose-estimation,body-pose-openpifpaf,resnet50-012-13,640x480,jetson-nano2,onnxruntime,CPU,F32,/,/,205.8,27.5,109.9,32.3,28051.4,106.8,28190.5,0.0,241.3,37.7,1.7,37.7,1.5,3.1,12.0,64.2,0.0,0.0,41.0,29.3,4.0,0.9,,,
bodypose-estimation,body-pose-openpifpaf,resnet50-012,161x129,jetson-nano2,lne,CPU,F32,/,/,14.9,25.6,102.3,3.8,1261.5,8.5,1273.8,0.8,5340.5,30.4,0.8,30.4,1.2,4.0,5.0,63.7,0.0,0.0,39.9,28.2,4.1,1.4,,,
bodypose-estimation,body-pose-openpifpaf,resnet50-012,161x129,jetson-nano2,onnxruntime,CPU,F32,/,/,14.9,25.6,102.3,4.0,2729.5,17.0,2750.5,0.4,2473.4,28.1,0.7,28.1,1.1,2.2,4.0,63.6,0.0,0.0,40.7,29.0,3.9,0.7,,,
bodypose-estimation,body-pose-openpifpaf,resnet50-012,161x129,jetson-nano2,lne,GPU/CPU,F32,/,/,14.9,25.6,102.3,3.9,289.0,6.5,299.4,3.3,22720.9,45.4,1.8,45.1,1.8,20.3,23.0,57.7,42.2,0.0,40.1,27.5,5.6,4.4,,,
bodypose-estimation,body-pose-openpifpaf,resnet50-012,161x129,jetson-nano2,tensorrt,GPU,F16,/,/,14.9,25.6,51.2,4.1,47.5,10.0,61.6,16.2,110368.0,52.6,2.2,50.8,2.0,12.0,14.0,50.4,38.8,0.0,41.9,28.5,5.1,23.6,,,
bodypose-estimation,body-pose-openpifpaf,resnet50-012,161x129,jetson-nano2,tensorrt,GPU,F32,/,/,14.9,25.6,102.3,4.1,88.7,9.8,102.6,9.7,66319.5,56.0,2.2,54.6,2.2,18.0,21.0,47.4,53.0,0.0,43.4,29.8,6.1,11.8,,,
bodypose-estimation,body-pose-openpifpaf,resnet50-012,161x129,jetson-nano2,onnxruntime,CPU,F32,/,/,14.9,25.6,102.3,4.0,2734.6,18.1,2756.8,0.4,2467.7,23.4,1.2,23.4,0.9,2.2,8.0,63.8,0.0,0.0,39.4,27.5,3.8,0.7,,,
bodypose-estimation,body-pose-openpifpaf,resnet50-012,321x241,jetson-nano2,lne,CPU,F32,/,/,53.1,25.6,102.3,9.0,4337.4,40.0,4386.5,0.2,1550.9,31.9,0.9,31.9,1.2,4.0,5.0,64.1,0.0,0.0,41.3,29.4,4.1,1.5,,,
bodypose-estimation,body-pose-openpifpaf,resnet50-012,321x241,jetson-nano2,onnxruntime,CPU,F32,/,/,53.1,25.6,102.3,8.9,7649.0,63.2,7721.1,0.1,881.1,28.9,0.8,28.9,1.1,3.0,4.0,64.0,0.0,0.0,41.9,30.0,4.0,0.9,,,
bodypose-estimation,body-pose-openpifpaf,resnet50-012,321x241,jetson-nano2,lne,GPU/CPU,F32,/,/,53.1,25.6,102.3,9.0,584.4,17.7,611.2,1.6,11130.4,47.5,1.8,47.3,1.9,30.7,33.0,53.1,61.5,0.0,41.9,28.8,6.4,6.8,,,
bodypose-estimation,body-pose-openpifpaf,resnet50-012,321x241,jetson-nano2,tensorrt,GPU,F16,/,/,53.1,25.6,51.2,9.2,148.3,32.9,190.4,5.3,35738.1,57.7,2.3,56.7,2.2,22.9,25.0,47.2,63.3,0.0,44.9,31.0,6.4,21.8,,,
bodypose-estimation,body-pose-openpifpaf,resnet50-012,321x241,jetson-nano2,tensorrt,GPU,F32,/,/,53.1,25.6,102.3,9.3,274.0,33.1,316.4,3.2,21501.1,62.9,2.3,62.2,2.4,31.8,34.0,44.9,72.7,0.0,46.9,32.2,7.3,11.5,,,
bodypose-estimation,body-pose-openpifpaf,resnet50-012,321x241,jetson-nano2,onnxruntime,CPU,F32,/,/,53.1,25.6,102.3,8.8,7710.4,64.1,7783.4,0.1,874.0,25.0,1.3,25.0,1.0,3.0,10.0,64.1,0.0,0.0,41.0,29.2,4.0,0.9,,,
bodypose-estimation,body-pose-openpifpaf,resnet50-012,321x321,jetson-nano2,lne,CPU,F32,/,/,70.3,25.6,102.4,12.0,5793.9,53.7,5859.5,0.2,1161.0,32.4,0.9,32.4,1.3,4.1,5.0,64.2,0.0,0.0,41.8,29.7,4.1,1.4,,,
bodypose-estimation,body-pose-openpifpaf,resnet50-012,321x321,jetson-nano2,onnxruntime,CPU,F32,/,/,70.3,25.6,102.4,11.5,10048.6,72.7,10132.8,0.1,671.4,31.3,0.9,31.3,1.2,3.1,5.0,64.1,0.0,0.0,42.0,29.9,4.0,0.9,,,
bodypose-estimation,body-pose-openpifpaf,resnet50-012,321x321,jetson-nano2,lne,GPU/CPU,F32,/,/,70.3,25.6,102.4,12.6,743.8,33.7,790.1,1.3,8610.4,47.5,1.8,47.4,1.9,32.9,36.0,50.9,65.1,0.0,43.5,30.2,6.6,6.7,,,
bodypose-estimation,body-pose-openpifpaf,resnet50-012,321x321,jetson-nano2,tensorrt,GPU,F16,/,/,70.3,25.6,51.2,12.2,202.6,58.2,273.0,3.7,24916.4,57.7,2.3,57.0,2.3,24.0,26.0,47.4,58.2,0.0,45.2,31.4,6.3,20.4,,,
bodypose-estimation,body-pose-openpifpaf,resnet50-012,321x321,jetson-nano2,tensorrt,GPU,F32,/,/,70.3,25.6,102.4,12.1,374.3,59.0,445.4,2.2,15275.5,63.1,2.3,62.5,2.5,32.1,34.0,44.6,70.0,0.0,47.1,32.8,7.2,11.0,,,
bodypose-estimation,body-pose-openpifpaf,resnet50-012,321x321,jetson-nano2,onnxruntime,CPU,F32,/,/,70.3,25.6,102.4,11.4,10056.0,72.8,10140.3,0.1,670.9,25.2,1.3,25.2,1.0,3.0,11.0,64.2,0.0,0.0,41.5,29.6,4.0,0.9,,,
bodypose-estimation,body-pose-openpifpaf,resnet50-012,641x481,jetson-nano2,lne,CPU,F32,/,/,206.9,25.6,102.4,33.4,16809.2,117.7,16960.4,0.1,401.1,39.8,1.2,39.8,1.6,4.2,6.0,64.2,0.0,0.0,42.5,30.3,4.2,1.5,,,
bodypose-estimation,body-pose-openpifpaf,resnet50-012,641x481,jetson-nano2,onnxruntime,CPU,F32,/,/,206.9,25.6,102.4,32.2,28317.4,120.3,28469.8,0.0,239.0,41.7,1.3,41.7,1.7,3.2,5.0,64.2,0.0,0.0,42.1,30.1,4.0,0.9,,,
bodypose-estimation,body-pose-openpifpaf,resnet50-012,641x481,jetson-nano2,lne,GPU/CPU,F32,/,/,206.9,25.6,102.4,37.9,1730.3,81.5,1849.6,0.5,3678.1,51.7,1.9,51.6,2.1,38.4,41.0,46.9,79.1,0.0,47.7,33.6,7.2,7.7,,,
bodypose-estimation,body-pose-openpifpaf,resnet50-012,641x481,jetson-nano2,tensorrt,GPU,F16,/,/,206.9,25.6,51.2,32.8,555.3,134.3,722.3,1.4,9418.6,60.9,2.3,60.6,2.4,29.9,32.0,45.7,71.7,0.0,48.9,34.5,7.0,20.5,,,
bodypose-estimation,body-pose-openpifpaf,resnet50-012,641x481,jetson-nano2,tensorrt,GPU,F32,/,/,206.9,25.6,102.4,33.1,1033.8,112.6,1179.5,0.8,5767.8,68.0,2.4,67.8,2.7,36.6,38.0,42.9,82.5,0.0,51.4,36.3,7.8,11.2,,,
bodypose-estimation,body-pose-openpifpaf,resnet50-012,641x481,jetson-nano2,onnxruntime,CPU,F32,/,/,206.9,25.6,102.4,33.1,28707.9,166.6,28907.6,0.0,235.3,37.6,1.8,37.6,1.5,3.2,13.0,64.3,0.0,0.0,42.0,30.2,4.0,0.9,,,
bodypose-estimation,body-pose-openpifpaf-shufflenet-sk30,160x120,160x120,jetson-nano2,lne,CPU,F32,/,/,14.5,45.2,180.9,4.0,1988.7,34.6,2027.4,0.5,3355.6,32.3,0.9,32.3,1.3,3.4,5.0,63.7,0.0,0.0,39.2,27.1,4.0,0.9,,,
bodypose-estimation,body-pose-openpifpaf-shufflenet-sk30,160x120,160x120,jetson-nano2,onnxruntime,CPU,F32,/,/,14.5,45.2,180.9,3.7,2873.6,55.1,2932.3,0.3,2320.0,27.5,0.7,27.5,1.1,2.9,3.0,63.6,0.0,0.0,39.4,27.3,3.8,0.6,,,
bodypose-estimation,body-pose-openpifpaf-shufflenet-sk30,160x120,160x120,jetson-nano2,lne,GPU/CPU,F32,/,/,14.5,45.2,180.9,3.8,585.9,33.7,623.3,1.6,10914.7,54.3,2.0,54.1,2.1,12.2,13.0,58.4,27.4,0.0,38.2,26.3,4.9,2.4,,,
bodypose-estimation,body-pose-openpifpaf-shufflenet-sk30,160x120,160x120,jetson-nano2,tensorrt,GPU,F16,/,/,14.5,45.2,90.5,3.7,108.5,37.8,150.0,6.7,45358.6,58.7,2.3,57.6,2.3,13.9,15.0,51.0,48.3,0.0,40.6,28.0,5.5,8.9,,,
bodypose-estimation,body-pose-openpifpaf-shufflenet-sk30,160x120,160x120,jetson-nano2,tensorrt,GPU,F32,/,/,14.5,45.2,180.9,3.7,160.5,37.9,202.1,4.9,33664.3,65.1,2.3,64.2,2.5,16.9,18.0,47.4,95.0,0.0,43.2,28.6,6.7,5.3,,,
bodypose-estimation,body-pose-openpifpaf-shufflenet-sk30,160x120,160x120,jetson-nano2,ncnn,GPU,F16,/,/,14.5,45.2,90.5,/,/,/,/,/,/,0.0,0.0,0.0,0.0,0.0,0.0,0.0,0.0,0.0,0.0,0.0,0.0,0.0,,,
bodypose-estimation,body-pose-openpifpaf-shufflenet-sk30,160x120,160x120,jetson-nano2,ncnn,GPU,F32,/,/,14.5,45.2,180.9,/,/,/,/,/,/,0.0,0.0,0.0,0.0,0.0,0.0,0.0,0.0,0.0,0.0,0.0,0.0,0.0,,,
bodypose-estimation,body-pose-openpifpaf-shufflenet-sk30,160x120,160x120,jetson-nano2,onnxruntime,CPU,F32,/,/,14.5,45.2,180.9,3.7,2866.3,54.9,2924.9,0.3,2325.9,24.8,1.1,24.8,1.0,2.9,5.0,63.8,0.0,0.0,38.0,26.5,3.8,0.6,,,
bodypose-estimation,body-pose-openpifpaf-shufflenet-sk30,320x180,320x180,jetson-nano2,lne,CPU,F32,/,/,43.9,45.2,181.0,6.8,6057.4,98.1,6162.3,0.2,1104.0,32.8,0.9,32.7,1.3,3.8,4.0,64.0,0.0,0.0,40.8,28.5,4.0,0.9,,,
bodypose-estimation,body-pose-openpifpaf-shufflenet-sk30,320x180,320x180,jetson-nano2,onnxruntime,CPU,F32,/,/,43.9,45.2,181.0,6.9,7688.5,113.1,7808.5,0.1,871.2,28.4,0.8,28.3,1.2,3.0,4.0,63.8,0.0,0.0,40.6,28.5,3.9,0.7,,,
bodypose-estimation,body-pose-openpifpaf-shufflenet-sk30,320x180,320x180,jetson-nano2,lne,GPU/CPU,F32,/,/,43.9,45.2,181.0,7.0,1581.7,89.3,1678.0,0.6,4054.3,55.2,2.0,55.1,2.2,14.7,16.0,58.2,27.8,0.0,40.9,28.9,5.0,2.6,,,
bodypose-estimation,body-pose-openpifpaf-shufflenet-sk30,320x180,320x180,jetson-nano2,tensorrt,GPU,F16,/,/,43.9,45.2,90.5,7.0,288.6,93.3,388.9,2.6,17494.4,59.0,2.3,58.5,2.3,18.8,20.0,47.9,64.8,0.0,42.8,29.4,6.0,9.5,,,
bodypose-estimation,body-pose-openpifpaf-shufflenet-sk30,320x180,320x180,jetson-nano2,tensorrt,GPU,F32,/,/,43.9,45.2,181.0,7.1,412.3,93.6,513.0,1.9,13261.9,65.3,2.3,64.9,2.5,22.5,24.0,45.5,72.6,0.0,44.4,30.2,6.6,6.5,,,
bodypose-estimation,body-pose-openpifpaf-shufflenet-sk30,320x180,320x180,jetson-nano2,ncnn,GPU,F16,/,/,43.9,45.2,90.5,/,/,/,/,/,/,0.0,0.0,0.0,0.0,0.0,0.0,0.0,0.0,0.0,0.0,0.0,0.0,0.0,,,
bodypose-estimation,body-pose-openpifpaf-shufflenet-sk30,320x180,320x180,jetson-nano2,ncnn,GPU,F32,/,/,43.9,45.2,181.0,/,/,/,/,/,/,0.0,0.0,0.0,0.0,0.0,0.0,0.0,0.0,0.0,0.0,0.0,0.0,0.0,,,
bodypose-estimation,body-pose-openpifpaf-shufflenet-sk30,320x180,320x180,jetson-nano2,onnxruntime,CPU,F32,/,/,43.9,45.2,181.0,6.8,7665.0,113.2,7785.1,0.1,873.9,26.2,1.2,26.2,1.1,3.0,6.0,64.0,0.0,0.0,39.6,28.2,3.9,0.7,,,
bodypose-estimation,body-pose-openpifpaf-shufflenet-sk30,320x240,320x240,jetson-nano2,lne,CPU,F32,/,/,56.6,45.2,181.0,8.8,7880.4,141.0,8030.2,0.1,847.2,32.6,1.0,32.6,1.4,3.8,4.0,64.1,0.0,0.0,40.6,28.5,4.0,0.9,,,
bodypose-estimation,body-pose-openpifpaf-shufflenet-sk30,320x240,320x240,jetson-nano2,onnxruntime,CPU,F32,/,/,56.6,45.2,181.0,8.8,10013.6,162.2,10184.6,0.1,668.0,29.0,0.8,29.0,1.2,3.2,4.0,63.9,0.0,0.0,40.8,28.6,3.9,0.7,,,
bodypose-estimation,body-pose-openpifpaf-shufflenet-sk30,320x240,320x240,jetson-nano2,lne,GPU/CPU,F32,/,/,56.6,45.2,181.0,8.9,2001.6,127.5,2138.0,0.5,3182.0,54.6,2.1,54.5,2.2,14.9,16.0,58.8,30.0,0.0,40.7,28.5,5.0,2.7,,,
bodypose-estimation,body-pose-openpifpaf-shufflenet-sk30,320x240,320x240,jetson-nano2,tensorrt,GPU,F16,/,/,56.6,45.2,90.5,8.9,375.5,149.4,533.8,1.9,12744.3,60.1,2.4,59.7,2.4,19.3,20.0,48.4,63.6,0.0,43.5,29.9,6.0,8.8,,,
bodypose-estimation,body-pose-openpifpaf-shufflenet-sk30,320x240,320x240,jetson-nano2,tensorrt,GPU,F32,/,/,56.6,45.2,181.0,9.0,542.1,152.9,703.9,1.4,9664.2,62.9,2.3,62.6,2.5,23.2,24.0,46.0,70.2,0.0,44.9,31.1,6.6,6.1,,,
bodypose-estimation,body-pose-openpifpaf-shufflenet-sk30,320x240,320x240,jetson-nano2,ncnn,GPU,F16,/,/,56.6,45.2,90.5,/,/,/,/,/,/,0.0,0.0,0.0,0.0,0.0,0.0,0.0,0.0,0.0,0.0,0.0,0.0,0.0,,,
bodypose-estimation,body-pose-openpifpaf-shufflenet-sk30,320x240,320x240,jetson-nano2,ncnn,GPU,F32,/,/,56.6,45.2,181.0,/,/,/,/,/,/,0.0,0.0,0.0,0.0,0.0,0.0,0.0,0.0,0.0,0.0,0.0,0.0,0.0,,,
bodypose-estimation,body-pose-openpifpaf-shufflenet-sk30,320x240,320x240,jetson-nano2,onnxruntime,CPU,F32,/,/,56.6,45.2,181.0,8.8,10021.4,160.5,10190.7,0.1,667.6,24.6,1.3,24.6,1.1,3.2,6.0,64.0,0.0,0.0,39.9,28.3,3.9,0.7,,,
bodypose-estimation,body-pose-openpifpaf-shufflenet-sk30,640x480,640x480,jetson-nano2,lne,CPU,F32,/,/,226.5,45.3,181.0,32.0,31724.5,474.5,32231.0,0.0,211.1,40.1,1.6,40.1,2.0,3.8,6.0,64.2,0.0,0.0,41.4,29.2,4.0,0.9,,,
bodypose-estimation,body-pose-openpifpaf-shufflenet-sk30,640x480,640x480,jetson-nano2,onnxruntime,CPU,F32,/,/,226.5,45.3,181.0,32.2,37724.1,503.8,38260.1,0.0,177.8,36.4,1.5,36.4,1.9,3.4,7.0,64.1,0.0,0.0,41.1,29.1,4.0,0.7,,,
bodypose-estimation,body-pose-openpifpaf-shufflenet-sk30,640x480,640x480,jetson-nano2,lne,GPU/CPU,F32,/,/,226.5,45.3,181.0,32.4,7519.3,856.4,8408.1,0.1,809.1,61.4,2.6,61.4,2.8,14.7,19.0,58.1,29.4,0.0,43.7,31.1,5.0,2.7,,,
bodypose-estimation,body-pose-openpifpaf-shufflenet-sk30,640x480,640x480,jetson-nano2,tensorrt,GPU,F16,/,/,226.5,45.3,90.5,/,/,/,/,/,/,0.0,0.0,0.0,0.0,0.0,0.0,0.0,0.0,0.0,0.0,0.0,0.0,0.0,,,
bodypose-estimation,body-pose-openpifpaf-shufflenet-sk30,640x480,640x480,jetson-nano2,tensorrt,GPU,F32,/,/,226.5,45.3,181.0,32.5,2051.3,963.3,3047.2,0.3,2232.6,69.5,2.9,69.4,3.1,22.8,26.0,47.8,65.3,0.0,49.0,34.9,6.5,5.7,,,
bodypose-estimation,body-pose-openpifpaf-shufflenet-sk30,640x480,640x480,jetson-nano2,ncnn,GPU,F16,/,/,226.5,45.3,90.5,/,/,/,/,/,/,0.0,0.0,0.0,0.0,0.0,0.0,0.0,0.0,0.0,0.0,0.0,0.0,0.0,,,
bodypose-estimation,body-pose-openpifpaf-shufflenet-sk30,640x480,640x480,jetson-nano2,ncnn,GPU,F32,/,/,226.5,45.3,181.0,/,/,/,/,/,/,0.0,0.0,0.0,0.0,0.0,0.0,0.0,0.0,0.0,0.0,0.0,0.0,0.0,,,
bodypose-estimation,body-pose-openpifpaf-shufflenet-sk30,640x480,640x480,jetson-nano2,onnxruntime,CPU,F32,/,/,226.5,45.3,181.0,32.4,37612.2,848.2,38492.8,0.0,176.7,32.1,1.9,32.1,1.7,3.3,7.0,64.1,0.0,0.0,40.5,28.9,4.0,0.7,,,
bodypose-estimation,body-pose-openpifpaf-shufflenet-v2k16,240x180,240x180,jetson-nano2,lne,CPU,F32,/,/,11.8,20.5,82.1,5.2,1713.3,66.3,1784.8,0.6,3811.6,29.4,0.8,29.4,1.1,4.0,4.0,63.8,0.0,0.0,38.9,27.1,4.0,0.8,,,
bodypose-estimation,body-pose-openpifpaf-shufflenet-v2k16,240x180,240x180,jetson-nano2,onnxruntime,CPU,F32,/,/,11.8,20.5,82.1,5.4,2419.4,81.7,2506.4,0.4,2714.2,27.6,0.7,27.6,1.1,3.0,4.0,63.6,0.0,0.0,39.4,27.5,3.9,0.6,,,
bodypose-estimation,body-pose-openpifpaf-shufflenet-v2k16,240x180,240x180,jetson-nano2,lne,GPU/CPU,F32,/,/,11.8,20.5,82.1,5.2,577.0,65.2,647.3,1.5,10509.3,47.1,1.8,47.0,1.8,12.0,13.0,60.3,21.8,0.0,38.1,26.7,4.6,2.0,,,
bodypose-estimation,body-pose-openpifpaf-shufflenet-v2k16,240x180,240x180,jetson-nano2,tensorrt,GPU,F16,/,/,11.8,20.5,41.0,5.2,102.4,73.4,181.0,5.5,37581.2,52.8,2.2,51.9,2.1,14.3,16.0,52.7,43.6,0.0,40.1,28.1,5.2,6.3,,,
bodypose-estimation,body-pose-openpifpaf-shufflenet-v2k16,240x180,240x180,jetson-nano2,tensorrt,GPU,F32,/,/,11.8,20.5,82.1,5.2,138.3,73.5,217.0,4.6,31354.2,54.0,2.2,53.3,2.1,18.4,20.0,50.3,51.7,0.0,41.5,28.4,5.6,4.9,,,
bodypose-estimation,body-pose-openpifpaf-shufflenet-v2k16,240x180,240x180,jetson-nano2,ncnn,GPU,F16,/,/,11.8,20.5,41.0,/,/,/,/,/,/,0.0,0.0,0.0,0.0,0.0,0.0,0.0,0.0,0.0,0.0,0.0,0.0,0.0,,,
bodypose-estimation,body-pose-openpifpaf-shufflenet-v2k16,240x180,240x180,jetson-nano2,ncnn,GPU,F32,/,/,11.8,20.5,82.1,/,/,/,/,/,/,0.0,0.0,0.0,0.0,0.0,0.0,0.0,0.0,0.0,0.0,0.0,0.0,0.0,,,
bodypose-estimation,body-pose-openpifpaf-shufflenet-v2k16,240x180,240x180,jetson-nano2,onnxruntime,CPU,F32,/,/,11.8,20.5,82.1,5.1,2402.8,79.9,2487.8,0.4,2734.5,23.4,1.1,23.4,0.9,3.0,5.0,63.8,0.0,0.0,38.5,27.1,3.9,0.6,,,
bodypose-estimation,body-pose-openpifpaf-shufflenet-v2k16,320x180,320x180,jetson-nano2,lne,CPU,F32,/,/,15.8,20.5,82.1,6.9,2233.9,102.4,2343.3,0.4,2903.2,28.0,0.8,28.0,1.2,4.0,4.0,64.0,0.0,0.0,39.5,27.6,4.0,0.8,,,
bodypose-estimation,body-pose-openpifpaf-shufflenet-v2k16,320x180,320x180,jetson-nano2,onnxruntime,CPU,F32,/,/,15.8,20.5,82.1,6.9,3200.0,100.3,3307.1,0.3,2057.1,27.1,0.7,27.1,1.1,3.1,4.0,63.7,0.0,0.0,39.8,27.8,3.9,0.6,,,
bodypose-estimation,body-pose-openpifpaf-shufflenet-v2k16,320x180,320x180,jetson-nano2,lne,GPU/CPU,F32,/,/,15.8,20.5,82.1,7.0,755.2,79.6,841.8,1.2,8081.9,47.0,1.9,46.9,1.9,13.5,15.0,59.6,24.8,0.0,39.2,27.4,4.8,2.0,,,
bodypose-estimation,body-pose-openpifpaf-shufflenet-v2k16,320x180,320x180,jetson-nano2,tensorrt,GPU,F16,/,/,15.8,20.5,41.0,6.9,127.8,91.9,226.6,4.4,30022.1,54.1,2.3,53.4,2.1,16.7,18.0,52.5,42.0,0.0,40.9,28.5,5.3,6.6,,,
bodypose-estimation,body-pose-openpifpaf-shufflenet-v2k16,320x180,320x180,jetson-nano2,tensorrt,GPU,F32,/,/,15.8,20.5,82.1,6.9,169.2,91.9,268.0,3.7,25383.0,55.1,2.2,54.4,2.1,18.1,20.0,50.2,50.8,0.0,41.9,28.9,5.7,5.2,,,
bodypose-estimation,body-pose-openpifpaf-shufflenet-v2k16,320x180,320x180,jetson-nano2,ncnn,GPU,F16,/,/,15.8,20.5,41.0,/,/,/,/,/,/,0.0,0.0,0.0,0.0,0.0,0.0,0.0,0.0,0.0,0.0,0.0,0.0,0.0,,,
bodypose-estimation,body-pose-openpifpaf-shufflenet-v2k16,320x180,320x180,jetson-nano2,ncnn,GPU,F32,/,/,15.8,20.5,82.1,/,/,/,/,/,/,0.0,0.0,0.0,0.0,0.0,0.0,0.0,0.0,0.0,0.0,0.0,0.0,0.0,,,
bodypose-estimation,body-pose-openpifpaf-shufflenet-v2k16,320x180,320x180,jetson-nano2,onnxruntime,CPU,F32,/,/,15.8,20.5,82.1,6.9,3200.5,100.0,3307.5,0.3,2056.9,23.3,1.2,23.3,0.9,3.1,5.0,64.0,0.0,0.0,39.2,27.7,3.9,0.6,,,
bodypose-estimation,body-pose-openpifpaf-shufflenet-v2k16,320x240,320x240,jetson-nano2,lne,CPU,F32,/,/,20.2,20.5,82.1,8.8,2878.1,143.3,3030.1,0.3,2245.1,27.5,0.8,27.5,1.2,4.1,5.0,64.0,0.0,0.0,39.9,28.1,4.0,0.8,,,
bodypose-estimation,body-pose-openpifpaf-shufflenet-v2k16,320x240,320x240,jetson-nano2,onnxruntime,CPU,F32,/,/,20.2,20.5,82.1,8.9,3868.0,167.4,4044.3,0.2,1682.1,26.5,0.8,26.5,1.1,3.5,4.0,63.9,0.0,0.0,40.2,28.3,3.9,0.6,,,
bodypose-estimation,body-pose-openpifpaf-shufflenet-v2k16,320x240,320x240,jetson-nano2,lne,GPU/CPU,F32,/,/,20.2,20.5,82.1,10.2,939.7,137.5,1087.4,0.9,6256.3,45.9,1.8,45.9,1.9,13.9,15.0,59.8,22.5,0.0,39.0,27.3,4.7,2.0,,,
bodypose-estimation,body-pose-openpifpaf-shufflenet-v2k16,320x240,320x240,jetson-nano2,tensorrt,GPU,F16,/,/,20.2,20.5,41.0,8.9,164.5,157.3,330.7,3.0,20569.5,51.2,2.2,50.7,2.1,17.4,18.0,53.5,40.5,0.0,40.2,27.9,5.2,5.9,,,
bodypose-estimation,body-pose-openpifpaf-shufflenet-v2k16,320x240,320x240,jetson-nano2,tensorrt,GPU,F32,/,/,20.2,20.5,82.1,8.9,244.9,154.6,408.5,2.4,16655.1,55.4,2.3,55.0,2.2,21.6,23.0,50.5,50.1,0.0,41.1,28.6,5.7,4.3,,,
bodypose-estimation,body-pose-openpifpaf-shufflenet-v2k16,320x240,320x240,jetson-nano2,ncnn,GPU,F16,/,/,20.2,20.5,41.0,/,/,/,/,/,/,0.0,0.0,0.0,0.0,0.0,0.0,0.0,0.0,0.0,0.0,0.0,0.0,0.0,,,
bodypose-estimation,body-pose-openpifpaf-shufflenet-v2k16,320x240,320x240,jetson-nano2,ncnn,GPU,F32,/,/,20.2,20.5,82.1,/,/,/,/,/,/,0.0,0.0,0.0,0.0,0.0,0.0,0.0,0.0,0.0,0.0,0.0,0.0,0.0,,,
bodypose-estimation,body-pose-openpifpaf-shufflenet-v2k16,320x240,320x240,jetson-nano2,onnxruntime,CPU,F32,/,/,20.2,20.5,82.1,8.8,3851.0,164.3,4024.1,0.2,1690.6,21.2,1.1,21.2,0.9,3.6,6.0,64.0,0.0,0.0,38.7,27.5,3.9,0.6,,,
coco,incar-object-detection-nanodet,5x,320x320,jetson-nano2,lne,CPU,F32,/,/,1.8,2.5,9.8,14.4,356.5,0.0,370.9,2.7,18343.1,23.2,0.5,23.1,0.9,4.0,4.0,62.4,0.0,0.0,35.7,24.3,3.8,0.6,,,
coco,incar-object-detection-nanodet,5x,320x320,jetson-nano2,onnxruntime,CPU,F32,/,/,1.8,2.5,9.8,11.6,639.6,0.2,651.3,1.5,10445.0,22.6,0.5,22.6,0.9,2.0,3.0,63.3,0.0,0.0,36.4,25.0,3.7,0.4,,,
coco,incar-object-detection-nanodet,5x,320x320,jetson-nano2,lne,GPU/CPU,F32,/,/,1.8,2.5,9.8,11.6,177.1,0.0,188.7,5.3,36048.3,38.3,1.6,38.1,1.5,8.0,9.0,60.9,12.6,0.0,35.9,24.7,4.2,1.1,,,
coco,incar-object-detection-nanodet,5x,320x320,jetson-nano2,tensorrt,GPU,F16,/,/,1.8,2.5,4.9,11.5,31.9,0.7,44.1,22.7,154232.1,44.6,2.0,42.7,1.7,9.4,11.0,58.7,28.4,0.0,40.1,27.9,4.7,4.3,,,
coco,incar-object-detection-nanodet,5x,320x320,jetson-nano2,tensorrt,GPU,F32,/,/,1.8,2.5,9.8,11.5,36.2,0.7,48.4,20.6,140420.2,46.3,2.0,44.5,1.8,10.4,12.0,55.1,34.4,0.0,39.6,27.5,4.7,3.9,,,
coco,incar-object-detection-nanodet,5x,320x320,jetson-nano2,ncnn,GPU,F16,/,/,1.8,2.5,4.9,11.6,35.4,0.1,47.2,21.2,144225.8,23.5,1.1,23.0,0.9,6.6,8.0,50.4,33.8,0.0,37.4,25.8,4.4,4.3,,,
coco,incar-object-detection-nanodet,5x,320x320,jetson-nano2,ncnn,GPU,F32,/,/,1.8,2.5,9.8,11.6,35.4,0.2,47.1,21.2,144421.9,23.1,1.1,22.6,0.9,6.4,7.0,50.2,28.3,0.0,37.6,26.2,4.3,4.3,,,
coco,incar-object-detection-nanodet,5x,320x320,jetson-nano2,onnxruntime,CPU,F32,/,/,1.8,2.5,9.8,11.4,644.0,0.0,655.4,1.5,10379.4,17.6,1.0,17.6,0.7,2.0,3.0,63.3,0.0,0.0,36.0,25.1,3.7,0.4,,,
coco,incar-object-detection-nanodet,m,320x320,jetson-nano2,lne,CPU,F32,/,/,0.9,1.2,4.7,14.4,215.8,0.0,230.3,4.3,29540.1,22.0,0.5,21.9,0.9,3.5,4.0,61.5,0.0,0.0,34.9,23.7,3.7,0.5,,,
coco,incar-object-detection-nanodet,m,320x320,jetson-nano2,onnxruntime,CPU,F32,/,/,0.9,1.2,4.7,11.4,402.6,0.0,414.1,2.4,16429.1,22.7,0.5,22.7,0.9,2.0,3.0,63.1,0.0,0.0,35.3,24.0,3.7,0.3,,,
coco,incar-object-detection-nanodet,m,320x320,jetson-nano2,lne,GPU/CPU,F32,/,/,0.9,1.2,4.7,11.5,142.1,0.0,153.6,6.5,44284.6,37.8,1.6,37.5,1.5,6.4,7.0,61.5,9.1,0.0,35.4,24.6,4.0,0.7,,,
coco,incar-object-detection-nanodet,m,320x320,jetson-nano2,tensorrt,GPU,F16,/,/,0.9,1.2,2.4,14.5,24.4,0.7,39.6,25.2,171751.6,47.0,2.1,45.1,1.8,6.9,8.0,57.8,10.8,0.0,38.2,26.2,4.1,2.8,,,
coco,incar-object-detection-nanodet,m,320x320,jetson-nano2,tensorrt,GPU,F32,/,/,0.9,1.2,4.7,11.6,32.6,0.7,44.8,22.3,151773.3,47.2,2.1,45.3,1.8,7.9,9.0,58.9,28.9,0.0,38.2,26.4,4.5,2.3,,,
coco,incar-object-detection-nanodet,m,320x320,jetson-nano2,ncnn,GPU,F16,/,/,0.9,1.2,2.4,11.6,28.7,0.1,40.4,24.8,168411.6,20.1,1.0,19.8,0.8,5.5,6.0,51.8,21.6,0.0,36.2,24.9,4.0,2.8,,,
coco,incar-object-detection-nanodet,m,320x320,jetson-nano2,ncnn,GPU,F32,/,/,0.9,1.2,4.7,11.7,28.6,0.1,40.5,24.7,168091.9,20.2,1.0,19.9,0.8,5.4,6.0,52.0,35.8,0.0,36.3,25.0,4.0,2.8,,,
coco,incar-object-detection-nanodet,m,320x320,jetson-nano2,onnxruntime,CPU,F32,/,/,0.9,1.2,4.7,11.5,396.9,0.0,408.4,2.4,16659.2,17.5,0.9,17.4,0.7,2.0,3.0,63.4,0.0,0.0,35.1,24.1,3.7,0.3,,,
face-landmarks-detection,face-landmarks-detection-retinaface,mobile0.25mod4lite-12-48,320x320,jetson-nano2,lne,CPU,F32,AP-medium,43.8,0.3,0.2,0.9,9.7,65.0,6.6,81.3,12.3,83705.6,17.3,0.5,17.1,0.7,3.7,4.0,59.2,0.0,0.0,34.2,22.8,3.5,0.6,,,
face-landmarks-detection,face-landmarks-detection-retinaface,mobile0.25mod4lite-12-48,320x320,jetson-nano2,onnxruntime,CPU,F32,AP-medium,43.8,0.3,0.2,0.9,9.7,156.6,14.0,180.3,5.5,37731.6,16.0,0.5,16.0,0.6,2.0,2.0,61.8,0.0,0.0,34.6,23.1,3.6,0.2,,,
face-landmarks-detection,face-landmarks-detection-retinaface,mobile0.25mod4lite-12-48,320x320,jetson-nano2,lne,GPU/CPU,F32,AP-medium,43.8,0.3,0.2,0.9,7.0,46.2,5.2,58.5,17.1,116330.8,42.2,1.4,41.8,1.7,3.9,4.0,59.5,3.5,0.0,34.9,23.5,3.7,0.7,,,
face-landmarks-detection,face-landmarks-detection-retinaface,mobile0.25mod4lite-12-48,320x320,jetson-nano2,tensorrt,GPU,F16,AP-medium,43.8,0.3,0.2,0.5,7.1,11.6,6.6,25.3,39.5,268700.6,51.8,1.8,49.5,2.0,4.6,5.0,57.2,5.1,0.0,37.5,25.9,3.6,1.8,,,
face-landmarks-detection,face-landmarks-detection-retinaface,mobile0.25mod4lite-12-48,320x320,jetson-nano2,tensorrt,GPU,F32,AP-medium,43.8,0.3,0.2,0.9,7.1,10.9,6.8,24.8,40.3,274164.9,52.3,1.8,49.9,2.0,4.8,5.0,56.8,4.6,0.0,36.9,25.1,3.8,1.7,,,
face-landmarks-detection,face-landmarks-detection-retinaface,mobile0.25mod4lite-12-48,320x320,jetson-nano2,ncnn,GPU,F16,AP-medium,43.8,0.3,0.2,0.5,7.1,17.8,8.4,33.2,30.1,204669.2,25.0,0.8,24.6,1.0,3.8,4.0,52.6,16.6,0.0,35.7,24.2,3.8,1.3,,,
face-landmarks-detection,face-landmarks-detection-retinaface,mobile0.25mod4lite-12-48,320x320,jetson-nano2,ncnn,GPU,F32,AP-medium,43.8,0.3,0.2,0.9,7.1,17.5,8.4,33.0,30.3,205925.2,25.0,0.8,24.6,1.0,3.6,4.0,52.9,11.3,0.0,35.7,24.5,3.8,1.3,,,
face-landmarks-detection,face-landmarks-detection-retinaface,mobile0.25mod4lite-12-48,320x320,jetson-nano2,onnxruntime,CPU,F32,AP-medium,43.8,0.3,0.2,0.9,9.7,156.9,13.6,180.2,5.5,37754.9,22.0,0.8,22.0,0.9,2.0,2.0,62.0,0.0,0.0,35.2,23.8,3.6,0.2,,,
face-landmarks-detection,face-landmarks-detection-retinaface,mobile0.25mod4lite-12-48,320x185,jetson-nano2,lne,CPU,F32,AP-medium,31.9,0.2,0.2,0.9,5.3,38.8,3.1,47.2,21.2,144045.6,17.9,0.5,17.7,0.7,3.0,3.0,57.9,0.0,0.0,33.8,22.7,3.5,0.6,,,
face-landmarks-detection,face-landmarks-detection-retinaface,mobile0.25mod4lite-12-48,320x185,jetson-nano2,onnxruntime,CPU,F32,AP-medium,31.9,0.2,0.2,0.9,4.5,85.3,9.3,99.0,10.1,68697.8,16.7,0.5,16.6,0.6,2.0,2.0,61.3,0.0,0.0,34.3,22.8,3.5,0.3,,,
face-landmarks-detection,face-landmarks-detection-retinaface,mobile0.25mod4lite-12-48,320x185,jetson-nano2,lne,GPU/CPU,F32,AP-medium,31.9,0.2,0.2,0.9,4.5,30.6,3.2,38.3,26.1,177495.2,41.9,1.5,41.5,1.7,3.2,4.0,58.6,3.3,0.0,34.8,23.2,3.5,0.7,,,
face-landmarks-detection,face-landmarks-detection-retinaface,mobile0.25mod4lite-12-48,320x185,jetson-nano2,tensorrt,GPU,F16,AP-medium,31.9,0.2,0.2,0.5,4.6,9.6,4.3,18.5,54.1,367729.5,51.2,1.9,48.6,2.0,3.9,5.0,58.2,1.8,0.0,37.2,25.2,3.6,1.4,,,
face-landmarks-detection,face-landmarks-detection-retinaface,mobile0.25mod4lite-12-48,320x185,jetson-nano2,tensorrt,GPU,F32,AP-medium,31.9,0.2,0.2,0.9,4.6,11.3,4.2,20.2,49.5,336616.4,52.1,2.0,49.6,2.0,4.0,5.0,57.9,10.5,0.0,36.4,24.7,3.5,1.4,,,
face-landmarks-detection,face-landmarks-detection-retinaface,mobile0.25mod4lite-12-48,320x185,jetson-nano2,ncnn,GPU,F16,AP-medium,31.9,0.2,0.2,0.5,4.6,12.0,5.6,22.1,45.2,307310.8,25.1,0.9,24.7,1.0,2.9,3.0,52.7,3.9,0.0,35.4,23.9,3.5,1.2,,,
face-landmarks-detection,face-landmarks-detection-retinaface,mobile0.25mod4lite-12-48,320x185,jetson-nano2,ncnn,GPU,F32,AP-medium,31.9,0.2,0.2,0.9,4.6,12.0,5.7,22.3,44.8,305069.0,25.1,0.9,24.6,1.0,2.9,3.0,53.0,9.1,0.0,35.5,24.0,3.5,1.2,,,
face-landmarks-detection,face-landmarks-detection-retinaface,mobile0.25mod4lite-12-48,320x185,jetson-nano2,onnxruntime,CPU,F32,AP-medium,31.9,0.2,0.2,0.9,4.5,89.6,8.9,102.9,9.7,66089.7,22.8,0.9,22.7,0.9,2.0,2.0,61.6,0.0,0.0,34.9,23.5,3.5,0.3,,,
face-landmarks-detection,face-landmarks-detection-retinaface,mobile0.25mod4lite-12-48,320x250,jetson-nano2,lne,CPU,F32,AP-medium,41.7,0.3,0.2,0.9,7.9,52.0,5.2,65.1,15.4,104483.0,17.4,0.5,17.3,0.7,3.0,4.0,58.4,0.0,0.0,34.2,22.6,3.5,0.6,,,
face-landmarks-detection,face-landmarks-detection-retinaface,mobile0.25mod4lite-12-48,320x250,jetson-nano2,onnxruntime,CPU,F32,AP-medium,41.7,0.3,0.2,0.9,7.8,130.6,9.3,147.7,6.8,46075.1,17.2,0.5,17.1,0.7,2.0,2.0,61.7,0.0,0.0,34.4,23.0,3.5,0.2,,,
face-landmarks-detection,face-landmarks-detection-retinaface,mobile0.25mod4lite-12-48,320x250,jetson-nano2,lne,GPU/CPU,F32,AP-medium,41.7,0.3,0.2,0.9,5.7,39.2,4.5,49.4,20.3,137781.4,41.7,1.6,41.3,1.7,3.7,4.0,59.0,2.6,0.0,34.4,23.2,3.6,0.7,,,
face-landmarks-detection,face-landmarks-detection-retinaface,mobile0.25mod4lite-12-48,320x250,jetson-nano2,tensorrt,GPU,F16,AP-medium,41.7,0.3,0.2,0.5,5.7,12.1,5.6,23.4,42.7,290329.5,51.2,1.9,48.9,2.0,4.1,5.0,57.1,16.2,0.0,37.5,25.4,3.7,1.5,,,
face-landmarks-detection,face-landmarks-detection-retinaface,mobile0.25mod4lite-12-48,320x250,jetson-nano2,tensorrt,GPU,F32,AP-medium,41.7,0.3,0.2,0.9,5.8,8.7,5.4,19.9,50.3,342345.8,51.4,1.9,48.9,2.0,4.7,5.0,57.7,11.4,0.0,36.6,24.8,3.6,1.8,,,
face-landmarks-detection,face-landmarks-detection-retinaface,mobile0.25mod4lite-12-48,320x250,jetson-nano2,ncnn,GPU,F16,AP-medium,41.7,0.3,0.2,0.5,5.8,14.8,7.0,27.6,36.2,246389.4,25.5,1.0,25.1,1.0,3.4,4.0,53.5,15.7,0.0,35.6,23.7,3.7,1.3,,,
face-landmarks-detection,face-landmarks-detection-retinaface,mobile0.25mod4lite-12-48,320x250,jetson-nano2,ncnn,GPU,F32,AP-medium,41.7,0.3,0.2,0.9,5.7,14.8,7.0,27.6,36.3,246780.3,25.5,1.0,25.1,1.0,3.3,4.0,53.3,16.0,0.0,35.2,23.9,3.6,1.3,,,
face-landmarks-detection,face-landmarks-detection-retinaface,mobile0.25mod4lite-12-48,320x250,jetson-nano2,onnxruntime,CPU,F32,AP-medium,41.7,0.3,0.2,0.9,7.8,132.6,8.5,148.9,6.7,45698.3,22.0,1.0,21.9,0.9,2.0,2.0,61.6,0.0,0.0,34.9,23.3,3.5,0.2,,,
face-landmarks-detection,face-landmarks-detection-retinaface,mobile0.25mod4lite-12-48,640x640,jetson-nano2,lne,CPU,F32,AP-medium,73.9,1.3,0.2,0.9,24.9,263.6,19.9,308.3,3.2,22063.2,20.1,0.6,20.1,0.8,6.1,7.0,62.7,0.0,0.0,35.3,23.7,3.7,0.6,,,
face-landmarks-detection,face-landmarks-detection-retinaface,mobile0.25mod4lite-12-48,640x640,jetson-nano2,onnxruntime,CPU,F32,AP-medium,73.9,1.3,0.2,0.9,36.8,515.4,41.6,593.9,1.7,11455.6,18.2,0.5,18.2,0.7,3.0,3.0,62.7,0.0,0.0,36.1,24.6,3.7,0.3,,,
face-landmarks-detection,face-landmarks-detection-retinaface,mobile0.25mod4lite-12-48,640x640,jetson-nano2,lne,GPU/CPU,F32,AP-medium,73.9,1.3,0.2,0.9,25.2,139.0,18.9,183.1,5.5,37146.6,43.8,1.7,43.6,1.7,8.7,10.0,61.0,10.4,0.0,36.0,24.3,4.1,0.8,,,
face-landmarks-detection,face-landmarks-detection-retinaface,mobile0.25mod4lite-12-48,640x640,jetson-nano2,tensorrt,GPU,F16,AP-medium,73.9,1.3,0.2,0.5,25.4,38.1,23.9,87.4,11.4,77833.5,52.2,2.1,50.9,2.0,9.7,10.0,56.1,23.4,0.0,38.9,26.5,4.3,1.7,,,
face-landmarks-detection,face-landmarks-detection-retinaface,mobile0.25mod4lite-12-48,640x640,jetson-nano2,tensorrt,GPU,F32,AP-medium,73.9,1.3,0.2,0.9,25.5,36.4,23.5,85.4,11.7,79654.8,51.9,2.1,50.6,2.0,11.3,12.0,56.7,25.4,0.0,38.3,26.5,4.4,1.7,,,
face-landmarks-detection,face-landmarks-detection-retinaface,mobile0.25mod4lite-12-48,640x640,jetson-nano2,ncnn,GPU,F16,AP-medium,73.9,1.3,0.2,0.5,25.5,60.3,28.4,114.2,8.8,59592.2,26.2,1.1,25.9,1.0,7.2,8.0,51.6,35.5,0.0,37.9,25.8,4.4,1.3,,,
face-landmarks-detection,face-landmarks-detection-retinaface,mobile0.25mod4lite-12-48,640x640,jetson-nano2,ncnn,GPU,F32,AP-medium,73.9,1.3,0.2,0.9,25.3,60.1,28.4,113.9,8.8,59752.2,26.7,1.1,26.5,1.0,7.2,8.0,51.8,28.9,0.0,37.8,26.0,4.3,1.3,,,
face-landmarks-detection,face-landmarks-detection-retinaface,mobile0.25mod4lite-12-48,640x640,jetson-nano2,onnxruntime,CPU,F32,AP-medium,73.9,1.3,0.2,0.9,37.5,515.4,42.5,595.3,1.7,11427.0,22.2,1.0,22.2,0.9,3.0,4.0,63.0,0.0,0.0,36.5,24.8,3.7,0.3,,,
face-landmarks-detection,face-landmarks-detection-retinaface,mobile0.25mod4lite-12-48,640x380,jetson-nano2,lne,CPU,F32,AP-medium,67.2,0.8,0.2,0.9,16.2,154.9,11.7,182.8,5.5,37218.5,21.3,0.6,21.2,0.8,4.9,6.0,61.3,0.0,0.0,34.8,23.2,3.7,0.6,,,
face-landmarks-detection,face-landmarks-detection-retinaface,mobile0.25mod4lite-12-48,640x380,jetson-nano2,onnxruntime,CPU,F32,AP-medium,67.2,0.8,0.2,0.9,22.6,316.2,31.8,370.6,2.7,18354.9,18.3,0.5,18.3,0.7,2.6,3.0,62.4,0.0,0.0,35.5,24.0,3.7,0.3,,,
face-landmarks-detection,face-landmarks-detection-retinaface,mobile0.25mod4lite-12-48,640x380,jetson-nano2,lne,GPU/CPU,F32,AP-medium,67.2,0.8,0.2,0.9,15.6,88.4,11.5,115.5,8.7,58898.9,42.7,1.6,42.4,1.7,6.3,7.0,60.3,12.4,0.0,35.3,23.8,3.9,0.8,,,
face-landmarks-detection,face-landmarks-detection-retinaface,mobile0.25mod4lite-12-48,640x380,jetson-nano2,tensorrt,GPU,F16,AP-medium,67.2,0.8,0.2,0.5,16.0,23.7,15.1,54.8,18.2,124108.7,51.8,2.1,50.1,2.0,8.4,9.0,57.2,13.8,0.0,38.3,26.1,4.0,1.7,,,
face-landmarks-detection,face-landmarks-detection-retinaface,mobile0.25mod4lite-12-48,640x380,jetson-nano2,tensorrt,GPU,F32,AP-medium,67.2,0.8,0.2,0.9,16.0,22.6,15.0,53.6,18.6,126871.6,52.4,2.1,50.7,2.0,8.7,9.0,56.9,9.2,0.0,38.0,25.5,4.1,1.7,,,
face-landmarks-detection,face-landmarks-detection-retinaface,mobile0.25mod4lite-12-48,640x380,jetson-nano2,ncnn,GPU,F16,AP-medium,67.2,0.8,0.2,0.5,18.8,37.8,22.1,78.7,12.7,86478.6,24.8,1.0,24.6,1.0,5.6,6.0,53.0,2.0,0.0,36.9,24.6,3.8,1.3,,,
face-landmarks-detection,face-landmarks-detection-retinaface,mobile0.25mod4lite-12-48,640x380,jetson-nano2,ncnn,GPU,F32,AP-medium,67.2,0.8,0.2,0.9,18.7,37.6,21.9,78.2,12.8,86979.3,25.6,1.0,25.3,1.0,5.5,6.0,52.8,46.8,0.0,36.3,25.6,4.4,1.1,,,
face-landmarks-detection,face-landmarks-detection-retinaface,mobile0.25mod4lite-12-48,640x380,jetson-nano2,onnxruntime,CPU,F32,AP-medium,67.2,0.8,0.2,0.9,22.8,315.9,30.7,369.4,2.7,18415.1,22.8,1.0,22.7,0.9,2.7,3.0,62.4,0.0,0.0,35.4,24.4,3.7,0.3,,,
face-landmarks-detection,face-landmarks-detection-retinaface,mobile0.25mod4lite-12-48,640x480,jetson-nano2,lne,CPU,F32,AP-medium,72.3,1.0,0.2,0.9,19.6,194.8,14.0,228.4,4.4,29782.4,20.0,0.5,19.9,0.8,5.8,6.0,62.0,0.0,0.0,35.3,23.7,3.7,0.6,,,
face-landmarks-detection,face-landmarks-detection-retinaface,mobile0.25mod4lite-12-48,640x480,jetson-nano2,onnxruntime,CPU,F32,AP-medium,72.3,1.0,0.2,0.9,26.9,396.0,32.6,455.5,2.2,14934.4,19.2,0.5,19.1,0.7,3.0,3.0,62.5,0.0,0.0,35.9,24.2,3.7,0.3,,,
face-landmarks-detection,face-landmarks-detection-retinaface,mobile0.25mod4lite-12-48,640x480,jetson-nano2,lne,GPU/CPU,F32,AP-medium,72.3,1.0,0.2,0.9,19.6,103.0,14.2,136.8,7.3,49747.7,43.1,1.6,42.8,1.7,7.2,8.0,60.8,11.6,0.0,35.3,24.0,4.0,0.9,,,
face-landmarks-detection,face-landmarks-detection-retinaface,mobile0.25mod4lite-12-48,640x480,jetson-nano2,tensorrt,GPU,F16,AP-medium,72.3,1.0,0.2,0.5,19.4,29.4,17.9,66.7,15.0,101979.0,51.8,2.1,50.3,2.0,8.9,10.0,56.3,29.0,0.0,38.2,26.5,4.3,1.7,,,
face-landmarks-detection,face-landmarks-detection-retinaface,mobile0.25mod4lite-12-48,640x480,jetson-nano2,tensorrt,GPU,F32,AP-medium,72.3,1.0,0.2,0.9,19.5,28.0,18.1,65.5,15.3,103857.6,52.1,2.1,50.6,2.0,9.8,11.0,56.4,18.3,0.0,37.9,25.9,4.3,1.7,,,
face-landmarks-detection,face-landmarks-detection-retinaface,mobile0.25mod4lite-12-48,640x480,jetson-nano2,ncnn,GPU,F16,AP-medium,72.3,1.0,0.2,0.5,23.5,46.1,26.7,96.3,10.4,70617.1,25.1,1.0,24.9,1.0,6.3,7.0,52.9,25.5,0.0,37.1,25.2,4.2,1.2,,,
face-landmarks-detection,face-landmarks-detection-retinaface,mobile0.25mod4lite-12-48,640x480,jetson-nano2,ncnn,GPU,F32,AP-medium,72.3,1.0,0.2,0.9,23.4,46.3,26.9,96.6,10.4,70432.1,25.2,1.0,25.0,1.0,6.3,7.0,52.6,33.6,0.0,37.2,25.4,4.2,1.2,,,
face-landmarks-detection,face-landmarks-detection-retinaface,mobile0.25mod4lite-12-48,640x480,jetson-nano2,onnxruntime,CPU,F32,AP-medium,72.3,1.0,0.2,0.9,28.1,397.9,35.0,461.0,2.2,14758.3,22.4,1.0,22.4,0.9,2.9,4.0,62.7,0.0,0.0,35.8,24.4,3.7,0.3,,,
face-landmarks-detection,face-landmarks-detection-retinaface,mobile0.25mod4lite-16-64,320x320,jetson-nano2,lne,CPU,F32,AP-medium,53.4,0.5,0.4,1.7,8.8,79.7,5.1,93.7,10.7,72623.2,20.5,0.5,20.3,0.8,3.9,4.0,59.4,0.0,0.0,34.4,23.0,3.5,0.8,,,
face-landmarks-detection,face-landmarks-detection-retinaface,mobile0.25mod4lite-16-64,320x320,jetson-nano2,onnxruntime,CPU,F32,AP-medium,53.4,0.5,0.4,1.7,6.9,211.6,11.9,230.5,4.3,29519.1,19.3,0.5,19.3,0.8,2.0,2.0,62.2,0.0,0.0,34.9,23.4,3.6,0.3,,,
face-landmarks-detection,face-landmarks-detection-retinaface,mobile0.25mod4lite-16-64,320x320,jetson-nano2,lne,GPU/CPU,F32,AP-medium,53.4,0.5,0.4,1.7,7.1,59.0,5.1,71.2,14.1,95604.2,42.1,1.6,41.8,1.7,4.7,5.0,59.7,3.3,0.0,34.4,23.4,3.7,1.0,,,
face-landmarks-detection,face-landmarks-detection-retinaface,mobile0.25mod4lite-16-64,320x320,jetson-nano2,tensorrt,GPU,F16,AP-medium,53.4,0.5,0.4,0.8,7.0,12.2,6.9,26.1,38.3,260523.4,51.5,2.1,49.2,2.0,4.9,6.0,57.9,9.0,0.0,37.1,25.7,3.8,2.7,,,
face-landmarks-detection,face-landmarks-detection-retinaface,mobile0.25mod4lite-16-64,320x320,jetson-nano2,tensorrt,GPU,F32,AP-medium,53.4,0.5,0.4,1.7,7.0,11.9,6.9,25.7,38.9,264400.9,51.3,2.1,48.9,2.0,5.7,6.0,56.9,20.1,0.0,36.2,25.2,3.8,2.7,,,
face-landmarks-detection,face-landmarks-detection-retinaface,mobile0.25mod4lite-16-64,320x320,jetson-nano2,ncnn,GPU,F16,AP-medium,53.4,0.5,0.4,0.8,7.1,19.4,8.6,35.1,28.5,193714.8,25.3,1.0,24.9,1.0,4.2,5.0,52.1,16.4,0.0,35.1,24.2,3.7,2.0,,,
face-landmarks-detection,face-landmarks-detection-retinaface,mobile0.25mod4lite-16-64,320x320,jetson-nano2,ncnn,GPU,F32,AP-medium,53.4,0.5,0.4,1.7,7.0,18.9,8.7,34.6,28.9,196665.8,25.2,1.0,24.7,1.0,4.2,5.0,52.2,18.4,0.0,35.3,24.2,3.8,2.0,,,
face-landmarks-detection,face-landmarks-detection-retinaface,mobile0.25mod4lite-16-64,320x320,jetson-nano2,onnxruntime,CPU,F32,AP-medium,53.4,0.5,0.4,1.7,7.1,211.4,11.5,230.0,4.3,29582.0,21.9,1.0,21.9,0.9,2.0,3.0,62.2,0.0,0.0,34.8,23.7,3.6,0.3,,,
face-landmarks-detection,face-landmarks-detection-retinaface,mobile0.25mod4lite-16-64,320x185,jetson-nano2,lne,CPU,F32,AP-medium,42.2,0.3,0.4,1.7,5.3,47.5,3.1,55.9,17.9,121634.1,20.2,0.5,20.1,0.8,3.0,3.0,58.1,0.0,0.0,34.3,23.0,3.5,0.8,,,
face-landmarks-detection,face-landmarks-detection-retinaface,mobile0.25mod4lite-16-64,320x185,jetson-nano2,onnxruntime,CPU,F32,AP-medium,42.2,0.3,0.4,1.7,4.5,129.4,4.8,138.7,7.2,49036.2,20.1,0.5,20.0,0.8,2.0,2.0,62.0,0.0,0.0,34.7,23.3,3.6,0.3,,,
face-landmarks-detection,face-landmarks-detection-retinaface,mobile0.25mod4lite-16-64,320x185,jetson-nano2,lne,GPU/CPU,F32,AP-medium,42.2,0.3,0.4,1.7,4.5,42.1,3.3,49.8,20.1,136469.5,41.9,1.6,41.5,1.7,3.8,4.0,59.6,1.7,0.0,34.3,23.3,3.6,0.9,,,
face-landmarks-detection,face-landmarks-detection-retinaface,mobile0.25mod4lite-16-64,320x185,jetson-nano2,tensorrt,GPU,F16,AP-medium,42.2,0.3,0.4,0.8,4.5,12.0,4.2,20.7,48.3,328536.9,51.3,1.9,48.8,2.0,4.2,5.0,57.1,4.7,0.0,36.6,25.3,3.7,2.1,,,
face-landmarks-detection,face-landmarks-detection-retinaface,mobile0.25mod4lite-16-64,320x185,jetson-nano2,tensorrt,GPU,F32,AP-medium,42.2,0.3,0.4,1.7,4.5,8.2,4.2,16.9,59.3,403604.5,51.6,1.9,48.9,2.0,4.5,5.0,56.0,5.2,0.0,36.0,24.3,3.6,2.6,,,
face-landmarks-detection,face-landmarks-detection-retinaface,mobile0.25mod4lite-16-64,320x185,jetson-nano2,ncnn,GPU,F16,AP-medium,42.2,0.3,0.4,0.8,4.5,13.0,5.7,23.2,43.1,292872.3,25.4,1.0,24.9,1.0,3.3,4.0,52.7,7.6,0.0,34.6,23.5,3.5,2.0,,,
face-landmarks-detection,face-landmarks-detection-retinaface,mobile0.25mod4lite-16-64,320x185,jetson-nano2,ncnn,GPU,F32,AP-medium,42.2,0.3,0.4,1.7,4.6,13.2,5.7,23.5,42.6,289870.6,25.4,1.0,24.9,1.0,3.2,4.0,53.0,4.9,0.0,34.6,23.6,3.4,2.0,,,
face-landmarks-detection,face-landmarks-detection-retinaface,mobile0.25mod4lite-16-64,320x185,jetson-nano2,onnxruntime,CPU,F32,AP-medium,42.2,0.3,0.4,1.7,4.5,129.7,5.3,139.5,7.2,48774.9,22.2,1.0,22.1,0.9,2.0,2.0,62.1,0.0,0.0,34.5,23.4,3.6,0.3,,,
face-landmarks-detection,face-landmarks-detection-retinaface,mobile0.25mod4lite-16-64,320x250,jetson-nano2,lne,CPU,F32,AP-medium,51.9,0.4,0.4,1.7,8.2,63.4,5.2,76.7,13.0,88712.2,20.7,0.5,20.6,0.8,3.5,4.0,59.0,0.0,0.0,34.5,23.2,3.5,0.8,,,
face-landmarks-detection,face-landmarks-detection-retinaface,mobile0.25mod4lite-16-64,320x250,jetson-nano2,onnxruntime,CPU,F32,AP-medium,51.9,0.4,0.4,1.7,5.7,174.2,7.1,187.0,5.3,36375.2,21.1,0.5,21.0,0.8,2.0,2.0,62.4,0.0,0.0,35.1,23.6,3.6,0.3,,,
face-landmarks-detection,face-landmarks-detection-retinaface,mobile0.25mod4lite-16-64,320x250,jetson-nano2,lne,GPU/CPU,F32,AP-medium,51.9,0.4,0.4,1.7,5.7,50.4,4.2,60.2,16.6,112954.3,42.4,1.6,42.0,1.7,3.9,4.0,59.6,2.7,0.0,34.2,23.0,3.6,1.0,,,
face-landmarks-detection,face-landmarks-detection-retinaface,mobile0.25mod4lite-16-64,320x250,jetson-nano2,tensorrt,GPU,F16,AP-medium,51.9,0.4,0.4,0.8,5.8,13.0,5.4,24.2,41.4,281545.9,51.3,2.0,49.0,2.0,4.7,5.0,57.4,10.4,0.0,36.8,25.4,3.6,2.5,,,
face-landmarks-detection,face-landmarks-detection-retinaface,mobile0.25mod4lite-16-64,320x250,jetson-nano2,tensorrt,GPU,F32,AP-medium,51.9,0.4,0.4,1.7,5.7,10.1,5.5,21.4,46.8,318316.7,51.9,2.1,49.3,2.0,5.2,6.0,57.6,10.5,0.0,36.3,24.6,3.7,2.7,,,
face-landmarks-detection,face-landmarks-detection-retinaface,mobile0.25mod4lite-16-64,320x250,jetson-nano2,ncnn,GPU,F16,AP-medium,51.9,0.4,0.4,0.8,5.8,16.1,7.0,28.8,34.7,236069.6,25.7,1.0,25.3,1.0,3.8,4.0,53.2,17.0,0.0,34.7,23.7,3.7,2.0,,,
face-landmarks-detection,face-landmarks-detection-retinaface,mobile0.25mod4lite-16-64,320x250,jetson-nano2,ncnn,GPU,F32,AP-medium,51.9,0.4,0.4,1.7,5.7,16.1,7.1,28.9,34.6,235331.7,25.2,1.0,24.7,1.0,3.7,4.0,53.2,13.2,0.0,35.0,23.7,3.7,2.0,,,
face-landmarks-detection,face-landmarks-detection-retinaface,mobile0.25mod4lite-16-64,320x250,jetson-nano2,onnxruntime,CPU,F32,AP-medium,51.9,0.4,0.4,1.7,5.8,174.6,7.1,187.4,5.3,36301.2,21.8,1.0,21.8,0.8,2.0,2.0,62.6,0.0,0.0,34.7,23.4,3.6,0.3,,,
face-landmarks-detection,face-landmarks-detection-retinaface,mobile0.25mod4lite-16-64,640x640,jetson-nano2,lne,CPU,F32,AP-medium,79.9,2.1,0.4,1.7,25.2,320.2,18.4,363.8,2.7,18699.1,22.1,0.6,22.0,0.9,6.8,7.0,63.0,0.0,0.0,36.0,24.3,3.8,0.8,,,
face-landmarks-detection,face-landmarks-detection-retinaface,mobile0.25mod4lite-16-64,640x640,jetson-nano2,onnxruntime,CPU,F32,AP-medium,79.9,2.1,0.4,1.7,36.7,702.2,41.3,780.2,1.3,8719.3,20.2,0.5,20.2,0.8,3.0,3.0,62.9,0.0,0.0,37.2,25.2,3.7,0.4,,,
face-landmarks-detection,face-landmarks-detection-retinaface,mobile0.25mod4lite-16-64,640x640,jetson-nano2,lne,GPU/CPU,F32,AP-medium,79.9,2.1,0.4,1.7,25.1,161.4,19.1,205.6,4.9,33090.8,43.9,1.7,43.7,1.7,9.8,11.0,60.9,14.7,0.0,35.5,24.4,4.2,1.2,,,
face-landmarks-detection,face-landmarks-detection-retinaface,mobile0.25mod4lite-16-64,640x640,jetson-nano2,tensorrt,GPU,F16,AP-medium,79.9,2.1,0.4,0.8,25.6,38.0,23.9,87.5,11.4,77769.5,52.4,2.1,51.1,2.0,11.5,12.0,56.8,31.0,0.0,38.5,26.9,4.5,2.7,,,
face-landmarks-detection,face-landmarks-detection-retinaface,mobile0.25mod4lite-16-64,640x640,jetson-nano2,tensorrt,GPU,F32,AP-medium,79.9,2.1,0.4,1.7,25.3,40.8,24.0,90.2,11.1,75409.2,52.3,2.1,51.1,2.0,12.6,14.0,55.6,24.9,0.0,38.4,26.6,4.5,2.6,,,
face-landmarks-detection,face-landmarks-detection-retinaface,mobile0.25mod4lite-16-64,640x640,jetson-nano2,ncnn,GPU,F16,AP-medium,79.9,2.1,0.4,0.8,25.2,63.9,28.1,117.1,8.5,58074.9,27.5,1.1,27.2,1.1,8.3,9.0,51.5,41.6,0.0,37.5,25.9,4.5,2.0,,,
face-landmarks-detection,face-landmarks-detection-retinaface,mobile0.25mod4lite-16-64,640x640,jetson-nano2,ncnn,GPU,F32,AP-medium,79.9,2.1,0.4,1.7,25.5,63.8,28.8,118.1,8.5,57606.0,27.6,1.1,27.3,1.1,8.2,9.0,51.9,24.1,0.0,37.6,26.1,4.4,2.1,,,
face-landmarks-detection,face-landmarks-detection-retinaface,mobile0.25mod4lite-16-64,640x640,jetson-nano2,onnxruntime,CPU,F32,AP-medium,79.9,2.1,0.4,1.7,37.1,703.5,42.6,783.2,1.3,8686.3,22.6,1.0,22.6,0.9,3.0,4.0,63.2,0.0,0.0,36.3,25.2,3.8,0.4,,,
face-landmarks-detection,face-landmarks-detection-retinaface,mobile0.25mod4lite-16-64,640x380,jetson-nano2,lne,CPU,F32,AP-medium,75.0,1.3,0.4,1.7,16.0,187.8,11.7,215.5,4.6,31567.7,22.6,0.5,22.5,0.9,5.5,6.0,61.9,0.0,0.0,35.7,24.2,3.7,0.8,,,
face-landmarks-detection,face-landmarks-detection-retinaface,mobile0.25mod4lite-16-64,640x380,jetson-nano2,onnxruntime,CPU,F32,AP-medium,75.0,1.3,0.4,1.7,22.6,438.5,30.1,491.2,2.0,13849.7,21.4,0.5,21.3,0.8,2.4,3.0,62.6,0.0,0.0,36.5,24.9,3.7,0.4,,,
face-landmarks-detection,face-landmarks-detection-retinaface,mobile0.25mod4lite-16-64,640x380,jetson-nano2,lne,GPU/CPU,F32,AP-medium,75.0,1.3,0.4,1.7,15.9,108.8,11.9,136.6,7.3,49811.4,43.0,1.7,42.8,1.7,7.3,8.0,60.6,8.2,0.0,35.0,23.5,4.0,1.2,,,
face-landmarks-detection,face-landmarks-detection-retinaface,mobile0.25mod4lite-16-64,640x380,jetson-nano2,tensorrt,GPU,F16,AP-medium,75.0,1.3,0.4,0.8,15.9,24.0,15.2,55.2,18.1,123346.1,51.9,2.1,50.3,2.0,8.8,9.0,57.0,26.8,0.0,38.0,26.2,4.3,2.7,,,
face-landmarks-detection,face-landmarks-detection-retinaface,mobile0.25mod4lite-16-64,640x380,jetson-nano2,tensorrt,GPU,F32,AP-medium,75.0,1.3,0.4,1.7,16.1,25.4,15.2,56.7,17.6,119992.8,51.9,2.1,50.3,2.0,10.0,11.0,56.6,23.4,0.0,37.5,25.7,4.3,2.6,,,
face-landmarks-detection,face-landmarks-detection-retinaface,mobile0.25mod4lite-16-64,640x380,jetson-nano2,ncnn,GPU,F16,AP-medium,75.0,1.3,0.4,0.8,16.3,40.3,18.4,75.0,13.3,90747.2,26.6,1.1,26.3,1.0,6.5,7.0,52.2,23.6,0.0,36.0,24.7,4.1,2.1,,,
face-landmarks-detection,face-landmarks-detection-retinaface,mobile0.25mod4lite-16-64,640x380,jetson-nano2,ncnn,GPU,F32,AP-medium,75.0,1.3,0.4,1.7,15.9,40.3,18.4,74.6,13.4,91176.2,26.5,1.1,26.2,1.0,6.4,7.0,52.0,25.3,0.0,36.3,24.9,4.2,2.1,,,
face-landmarks-detection,face-landmarks-detection-retinaface,mobile0.25mod4lite-16-64,640x380,jetson-nano2,onnxruntime,CPU,F32,AP-medium,75.0,1.3,0.4,1.7,22.7,433.4,30.8,487.0,2.1,13969.8,22.3,1.0,22.2,0.9,2.5,4.0,62.8,0.0,0.0,35.2,24.2,3.7,0.4,,,
face-landmarks-detection,face-landmarks-detection-retinaface,mobile0.25mod4lite-16-64,640x480,jetson-nano2,lne,CPU,F32,AP-medium,78.7,1.6,0.4,1.7,19.9,234.8,14.0,268.7,3.7,25317.6,23.5,0.6,23.5,0.9,5.9,6.0,62.2,0.0,0.0,36.2,24.5,3.8,0.8,,,
face-landmarks-detection,face-landmarks-detection-retinaface,mobile0.25mod4lite-16-64,640x480,jetson-nano2,onnxruntime,CPU,F32,AP-medium,78.7,1.6,0.4,1.7,27.9,547.2,33.7,608.8,1.6,11173.7,22.6,0.5,22.6,0.9,2.9,3.0,62.9,0.0,0.0,37.0,25.3,3.7,0.4,,,
face-landmarks-detection,face-landmarks-detection-retinaface,mobile0.25mod4lite-16-64,640x480,jetson-nano2,lne,GPU/CPU,F32,AP-medium,78.7,1.6,0.4,1.7,19.5,130.2,14.6,164.3,6.1,41408.2,43.3,1.6,43.1,1.7,8.4,10.0,60.6,11.2,0.0,35.2,23.9,4.0,1.2,,,
face-landmarks-detection,face-landmarks-detection-retinaface,mobile0.25mod4lite-16-64,640x480,jetson-nano2,tensorrt,GPU,F16,AP-medium,78.7,1.6,0.4,0.8,19.6,28.2,18.1,65.9,15.2,103212.6,51.9,2.1,50.4,2.0,9.7,10.0,57.7,19.9,0.0,37.9,26.3,4.3,2.8,,,
face-landmarks-detection,face-landmarks-detection-retinaface,mobile0.25mod4lite-16-64,640x480,jetson-nano2,tensorrt,GPU,F32,AP-medium,78.7,1.6,0.4,1.7,19.6,31.3,18.0,68.9,14.5,98786.3,52.4,2.1,50.9,2.0,11.3,12.0,56.2,16.0,0.0,37.8,25.9,4.3,2.7,,,
face-landmarks-detection,face-landmarks-detection-retinaface,mobile0.25mod4lite-16-64,640x480,jetson-nano2,ncnn,GPU,F16,AP-medium,78.7,1.6,0.4,0.8,19.7,49.0,22.1,90.8,11.0,74946.5,26.9,1.1,26.6,1.0,7.4,8.0,51.7,30.8,0.0,36.6,25.1,4.3,2.1,,,
face-landmarks-detection,face-landmarks-detection-retinaface,mobile0.25mod4lite-16-64,640x480,jetson-nano2,ncnn,GPU,F32,AP-medium,78.7,1.6,0.4,1.7,19.7,48.9,21.9,90.5,11.0,75139.6,27.0,1.1,26.7,1.0,7.3,8.0,51.9,32.8,0.0,36.9,25.2,4.2,2.1,,,
face-landmarks-detection,face-landmarks-detection-retinaface,mobile0.25mod4lite-16-64,640x480,jetson-nano2,onnxruntime,CPU,F32,AP-medium,78.7,1.6,0.4,1.7,28.3,550.2,34.0,612.5,1.6,11106.1,22.7,1.0,22.6,0.9,2.8,4.0,63.0,0.0,0.0,35.7,24.3,3.7,0.4,,,
face-landmarks-detection,face-landmarks-detection-retinaface,mobile0.25mod4lite-32-72,320x320,jetson-nano2,lne,CPU,F32,AP-medium,61.9,0.9,0.7,2.9,8.7,128.9,5.1,142.8,7.0,47650.6,21.9,0.5,21.8,0.9,3.9,4.0,60.7,0.0,0.0,35.5,24.2,3.7,0.9,,,
face-landmarks-detection,face-landmarks-detection-retinaface,mobile0.25mod4lite-32-72,320x320,jetson-nano2,onnxruntime,CPU,F32,AP-medium,61.9,0.9,0.7,2.9,7.0,340.3,10.3,357.6,2.8,19024.1,21.6,0.5,21.5,0.8,2.0,2.0,62.8,0.0,0.0,36.0,24.4,3.7,0.4,,,
face-landmarks-detection,face-landmarks-detection-retinaface,mobile0.25mod4lite-32-72,320x320,jetson-nano2,lne,GPU/CPU,F32,AP-medium,61.9,0.9,0.7,2.9,7.1,81.1,5.1,93.3,10.7,72893.5,43.0,1.6,42.7,1.7,6.3,7.0,61.0,9.5,0.0,34.5,23.6,4.0,1.2,,,
face-landmarks-detection,face-landmarks-detection-retinaface,mobile0.25mod4lite-32-72,320x320,jetson-nano2,tensorrt,GPU,F16,AP-medium,61.9,0.9,0.7,1.5,7.1,17.7,6.7,31.5,31.7,215632.8,51.8,2.1,49.6,2.0,6.7,7.0,57.8,23.8,0.0,37.4,25.7,4.1,3.5,,,
face-landmarks-detection,face-landmarks-detection-retinaface,mobile0.25mod4lite-32-72,320x320,jetson-nano2,tensorrt,GPU,F32,AP-medium,61.9,0.9,0.7,2.9,7.0,18.4,6.8,32.3,31.0,210626.5,51.6,2.1,49.4,2.0,7.4,8.0,56.6,22.1,0.0,37.0,25.2,4.1,3.5,,,
face-landmarks-detection,face-landmarks-detection-retinaface,mobile0.25mod4lite-32-72,320x320,jetson-nano2,ncnn,GPU,F16,AP-medium,61.9,0.9,0.7,1.5,7.2,29.9,8.5,45.6,21.9,149138.9,25.8,1.0,25.4,1.0,4.6,5.0,50.8,25.7,0.0,35.9,24.3,4.0,2.5,,,
face-landmarks-detection,face-landmarks-detection-retinaface,mobile0.25mod4lite-32-72,320x320,jetson-nano2,ncnn,GPU,F32,AP-medium,61.9,0.9,0.7,2.9,7.0,30.1,8.6,45.7,21.9,148780.5,26.3,1.1,25.9,1.0,4.6,5.0,50.7,35.2,0.0,36.1,24.7,4.1,2.5,,,
face-landmarks-detection,face-landmarks-detection-retinaface,mobile0.25mod4lite-32-72,320x320,jetson-nano2,onnxruntime,CPU,F32,AP-medium,61.9,0.9,0.7,2.9,7.0,336.3,11.5,354.8,2.8,19175.8,21.9,1.0,21.9,0.9,2.0,3.0,62.9,0.0,0.0,34.9,23.9,3.7,0.4,,,
face-landmarks-detection,face-landmarks-detection-retinaface,mobile0.25mod4lite-32-72,320x185,jetson-nano2,lne,CPU,F32,AP-medium,50.5,0.6,0.7,2.9,4.8,77.9,3.2,85.9,11.6,79197.5,22.6,0.5,22.5,0.9,3.0,3.0,59.4,0.0,0.0,35.5,24.0,3.5,0.9,,,
face-landmarks-detection,face-landmarks-detection-retinaface,mobile0.25mod4lite-32-72,320x185,jetson-nano2,onnxruntime,CPU,F32,AP-medium,50.5,0.6,0.7,2.9,4.5,214.1,5.7,224.3,4.5,30328.3,21.8,0.5,21.7,0.8,2.0,2.0,62.6,0.0,0.0,35.9,24.2,3.6,0.3,,,
face-landmarks-detection,face-landmarks-detection-retinaface,mobile0.25mod4lite-32-72,320x185,jetson-nano2,lne,GPU/CPU,F32,AP-medium,50.5,0.6,0.7,2.9,4.5,62.3,3.2,69.9,14.3,97355.6,41.4,1.6,41.0,1.6,4.6,5.0,59.8,4.5,0.0,34.1,23.2,3.7,1.1,,,
face-landmarks-detection,face-landmarks-detection-retinaface,mobile0.25mod4lite-32-72,320x185,jetson-nano2,tensorrt,GPU,F16,AP-medium,50.5,0.6,0.7,1.5,4.5,18.8,4.3,27.6,36.2,246280.7,50.3,2.0,48.1,2.0,4.7,5.0,58.0,19.3,0.0,37.0,25.4,3.8,2.6,,,
face-landmarks-detection,face-landmarks-detection-retinaface,mobile0.25mod4lite-32-72,320x185,jetson-nano2,tensorrt,GPU,F32,AP-medium,50.5,0.6,0.7,2.9,4.5,12.6,4.3,21.4,46.7,317857.5,51.0,2.0,48.4,2.0,5.7,6.0,57.0,13.2,0.0,36.3,25.3,3.8,3.4,,,
face-landmarks-detection,face-landmarks-detection-retinaface,mobile0.25mod4lite-32-72,320x185,jetson-nano2,ncnn,GPU,F16,AP-medium,50.5,0.6,0.7,1.5,4.5,19.5,5.9,29.8,33.5,228045.4,24.7,1.0,24.3,1.0,3.8,4.0,52.2,21.3,0.0,35.0,24.1,3.8,2.5,,,
face-landmarks-detection,face-landmarks-detection-retinaface,mobile0.25mod4lite-32-72,320x185,jetson-nano2,ncnn,GPU,F32,AP-medium,50.5,0.6,0.7,2.9,4.5,19.6,5.7,29.8,33.5,228073.6,24.7,1.0,24.3,1.0,3.7,4.0,52.0,27.0,0.0,35.1,24.3,3.8,2.4,,,
face-landmarks-detection,face-landmarks-detection-retinaface,mobile0.25mod4lite-32-72,320x185,jetson-nano2,onnxruntime,CPU,F32,AP-medium,50.5,0.6,0.7,2.9,4.5,214.7,6.3,225.5,4.4,30173.0,21.7,1.0,21.6,0.8,2.0,2.0,62.8,0.0,0.0,34.5,23.6,3.6,0.3,,,
face-landmarks-detection,face-landmarks-detection-retinaface,mobile0.25mod4lite-32-72,320x250,jetson-nano2,lne,CPU,F32,AP-medium,60.3,0.7,0.7,2.9,7.2,102.0,4.2,113.4,8.8,60008.8,22.4,0.5,22.3,0.9,3.5,4.0,60.1,0.0,0.0,35.8,24.2,3.6,0.9,,,
face-landmarks-detection,face-landmarks-detection-retinaface,mobile0.25mod4lite-32-72,320x250,jetson-nano2,onnxruntime,CPU,F32,AP-medium,60.3,0.7,0.7,2.9,5.7,281.7,6.6,294.0,3.4,23141.4,22.2,0.5,22.1,0.9,2.0,2.0,62.7,0.0,0.0,36.5,24.9,3.6,0.3,,,
face-landmarks-detection,face-landmarks-detection-retinaface,mobile0.25mod4lite-32-72,320x250,jetson-nano2,lne,GPU/CPU,F32,AP-medium,60.3,0.7,0.7,2.9,5.7,74.2,4.2,84.1,11.9,80890.9,41.1,1.6,40.8,1.6,5.4,6.0,60.2,22.6,0.0,34.7,23.3,4.0,1.1,,,
face-landmarks-detection,face-landmarks-detection-retinaface,mobile0.25mod4lite-32-72,320x250,jetson-nano2,tensorrt,GPU,F16,AP-medium,60.3,0.7,0.7,1.5,5.7,14.5,5.3,25.5,39.3,267209.4,50.6,2.1,48.2,2.0,5.8,6.0,58.4,5.6,0.0,37.5,25.7,3.8,3.8,,,
face-landmarks-detection,face-landmarks-detection-retinaface,mobile0.25mod4lite-32-72,320x250,jetson-nano2,tensorrt,GPU,F32,AP-medium,60.3,0.7,0.7,2.9,5.7,14.8,5.4,26.0,38.5,262060.9,50.6,2.1,48.3,2.0,6.6,7.0,57.3,9.9,0.0,36.9,25.1,4.0,3.6,,,
face-landmarks-detection,face-landmarks-detection-retinaface,mobile0.25mod4lite-32-72,320x250,jetson-nano2,ncnn,GPU,F16,AP-medium,60.3,0.7,0.7,1.5,5.7,24.6,7.0,37.3,26.8,182567.1,24.4,1.0,24.0,0.9,4.3,5.0,51.2,29.4,0.0,35.6,24.1,4.0,2.4,,,
face-landmarks-detection,face-landmarks-detection-retinaface,mobile0.25mod4lite-32-72,320x250,jetson-nano2,ncnn,GPU,F32,AP-medium,60.3,0.7,0.7,2.9,5.7,24.5,7.3,37.5,26.7,181362.2,24.4,1.0,24.0,0.9,4.2,5.0,51.3,20.5,0.0,35.8,24.1,3.9,2.5,,,
face-landmarks-detection,face-landmarks-detection-retinaface,mobile0.25mod4lite-32-72,320x250,jetson-nano2,onnxruntime,CPU,F32,AP-medium,60.3,0.7,0.7,2.9,5.7,281.8,6.4,293.9,3.4,23148.1,20.8,1.0,20.8,0.8,2.0,3.0,62.9,0.0,0.0,34.7,23.4,3.6,0.3,,,
face-landmarks-detection,face-landmarks-detection-retinaface,mobile0.25mod4lite-32-72,640x640,jetson-nano2,lne,CPU,F32,AP-medium,84.0,3.7,0.7,2.9,25.2,511.0,18.5,554.6,1.8,12265.9,24.1,0.6,24.0,0.9,6.8,7.0,63.5,0.0,0.0,38.0,26.2,4.0,0.8,,,
face-landmarks-detection,face-landmarks-detection-retinaface,mobile0.25mod4lite-32-72,640x640,jetson-nano2,onnxruntime,CPU,F32,AP-medium,84.0,3.7,0.7,2.9,36.7,1201.8,41.8,1280.3,0.8,5313.7,21.9,0.5,21.9,0.9,3.0,3.0,63.3,0.0,0.0,38.7,26.9,3.8,0.4,,,
face-landmarks-detection,face-landmarks-detection-retinaface,mobile0.25mod4lite-32-72,640x640,jetson-nano2,lne,GPU/CPU,F32,AP-medium,84.0,3.7,0.7,2.9,25.2,230.0,18.6,273.8,3.7,24847.7,45.0,1.7,44.8,1.8,13.0,15.0,60.2,22.2,0.0,36.3,24.8,4.5,1.5,,,
face-landmarks-detection,face-landmarks-detection-retinaface,mobile0.25mod4lite-32-72,640x640,jetson-nano2,tensorrt,GPU,F16,AP-medium,84.0,3.7,0.7,1.5,25.3,52.9,23.3,101.5,9.9,67034.7,50.9,2.1,49.8,2.0,13.3,14.0,55.9,34.7,0.0,38.8,26.8,4.7,3.8,,,
face-landmarks-detection,face-landmarks-detection-retinaface,mobile0.25mod4lite-32-72,640x640,jetson-nano2,tensorrt,GPU,F32,AP-medium,84.0,3.7,0.7,2.9,25.0,60.9,23.9,109.8,9.1,61978.4,50.8,2.0,49.8,2.0,15.7,17.0,54.2,43.0,0.0,39.5,27.3,5.0,3.4,,,
face-landmarks-detection,face-landmarks-detection-retinaface,mobile0.25mod4lite-32-72,640x640,jetson-nano2,ncnn,GPU,F16,AP-medium,84.0,3.7,0.7,1.5,25.2,107.7,29.2,162.2,6.2,41947.0,29.4,1.2,29.2,1.1,8.5,9.0,48.8,45.3,0.0,38.7,27.2,4.9,2.3,,,
face-landmarks-detection,face-landmarks-detection-retinaface,mobile0.25mod4lite-32-72,640x640,jetson-nano2,ncnn,GPU,F32,AP-medium,84.0,3.7,0.7,2.9,25.3,107.8,29.2,162.3,6.2,41923.5,29.5,1.2,29.2,1.1,8.4,9.0,48.9,50.5,0.0,38.9,27.4,4.9,2.3,,,
face-landmarks-detection,face-landmarks-detection-retinaface,mobile0.25mod4lite-32-72,640x640,jetson-nano2,onnxruntime,CPU,F32,AP-medium,84.0,3.7,0.7,2.9,37.1,1204.2,41.6,1282.9,0.8,5302.8,22.8,1.0,22.8,0.9,3.0,5.0,63.3,0.0,0.0,36.9,25.6,3.8,0.4,,,
face-landmarks-detection,face-landmarks-detection-retinaface,mobile0.25mod4lite-32-72,640x380,jetson-nano2,lne,CPU,F32,AP-medium,79.7,2.2,0.7,2.9,16.2,304.7,11.8,332.7,3.0,20445.2,22.8,0.5,22.8,0.9,5.8,6.0,62.6,0.0,0.0,37.1,25.4,3.8,0.9,,,
face-landmarks-detection,face-landmarks-detection-retinaface,mobile0.25mod4lite-32-72,640x380,jetson-nano2,onnxruntime,CPU,F32,AP-medium,79.7,2.2,0.7,2.9,18.8,738.8,29.2,786.8,1.3,8646.4,21.9,0.5,21.9,0.9,2.6,3.0,62.9,0.0,0.0,38.2,26.3,3.7,0.4,,,
face-landmarks-detection,face-landmarks-detection-retinaface,mobile0.25mod4lite-32-72,640x380,jetson-nano2,lne,GPU/CPU,F32,AP-medium,79.7,2.2,0.7,2.9,16.0,143.9,11.8,171.7,5.8,39610.2,42.7,1.6,42.5,1.7,10.6,12.0,60.5,16.3,0.0,35.5,24.1,4.4,1.5,,,
face-landmarks-detection,face-landmarks-detection-retinaface,mobile0.25mod4lite-32-72,640x380,jetson-nano2,tensorrt,GPU,F16,AP-medium,79.7,2.2,0.7,1.5,16.0,35.3,15.3,66.7,15.0,102057.2,51.4,2.1,49.9,2.0,11.4,12.0,57.3,40.8,0.0,37.9,26.1,4.5,3.7,,,
face-landmarks-detection,face-landmarks-detection-retinaface,mobile0.25mod4lite-32-72,640x380,jetson-nano2,tensorrt,GPU,F32,AP-medium,79.7,2.2,0.7,2.9,16.0,39.0,15.4,70.4,14.2,96609.2,51.3,2.1,49.9,2.0,12.3,13.0,55.6,30.9,0.0,38.2,26.0,4.7,3.4,,,
face-landmarks-detection,face-landmarks-detection-retinaface,mobile0.25mod4lite-32-72,640x380,jetson-nano2,ncnn,GPU,F16,AP-medium,79.7,2.2,0.7,1.5,16.1,66.6,18.7,101.4,9.9,67085.1,27.0,1.1,26.7,1.1,7.1,8.0,49.7,41.5,0.0,37.3,25.4,4.6,2.4,,,
face-landmarks-detection,face-landmarks-detection-retinaface,mobile0.25mod4lite-32-72,640x380,jetson-nano2,ncnn,GPU,F32,AP-medium,79.7,2.2,0.7,2.9,17.4,66.4,25.2,109.0,9.2,62421.8,26.3,1.1,26.1,1.0,6.9,8.0,50.2,34.2,0.0,37.4,25.7,4.5,2.3,,,
face-landmarks-detection,face-landmarks-detection-retinaface,mobile0.25mod4lite-32-72,640x380,jetson-nano2,onnxruntime,CPU,F32,AP-medium,79.7,2.2,0.7,2.9,18.9,754.4,28.2,801.5,1.2,8488.1,21.7,1.0,21.7,0.8,2.5,4.0,63.1,0.0,0.0,35.9,24.3,3.7,0.4,,,
face-landmarks-detection,face-landmarks-detection-retinaface,mobile0.25mod4lite-32-72,640x480,jetson-nano2,lne,CPU,F32,AP-medium,82.9,2.8,0.7,2.9,19.6,381.9,14.1,415.6,2.4,16368.9,23.0,0.5,23.0,0.9,5.9,7.0,63.1,0.0,0.0,37.8,26.0,3.9,0.8,,,
face-landmarks-detection,face-landmarks-detection-retinaface,mobile0.25mod4lite-32-72,640x480,jetson-nano2,onnxruntime,CPU,F32,AP-medium,82.9,2.8,0.7,2.9,28.2,928.2,33.5,989.9,1.0,6872.3,22.3,0.5,22.2,0.9,2.9,3.0,63.1,0.0,0.0,38.9,27.2,3.8,0.4,,,
face-landmarks-detection,face-landmarks-detection-retinaface,mobile0.25mod4lite-32-72,640x480,jetson-nano2,lne,GPU/CPU,F32,AP-medium,82.9,2.8,0.7,2.9,19.6,170.2,14.1,203.9,4.9,33360.8,43.9,1.7,43.7,1.7,11.6,13.0,60.5,21.1,0.0,35.4,24.1,4.4,1.5,,,
face-landmarks-detection,face-landmarks-detection-retinaface,mobile0.25mod4lite-32-72,640x480,jetson-nano2,tensorrt,GPU,F16,AP-medium,82.9,2.8,0.7,1.5,19.4,39.7,18.4,77.5,12.9,87774.3,51.2,2.1,49.8,2.0,11.8,13.0,56.0,74.0,0.0,37.8,26.5,5.3,3.4,,,
face-landmarks-detection,face-landmarks-detection-retinaface,mobile0.25mod4lite-32-72,640x480,jetson-nano2,tensorrt,GPU,F32,AP-medium,82.9,2.8,0.7,2.9,19.3,51.2,17.5,88.0,11.4,77271.4,51.7,2.1,50.5,2.0,14.0,15.0,54.5,38.0,0.0,38.2,26.0,4.7,3.3,,,
face-landmarks-detection,face-landmarks-detection-retinaface,mobile0.25mod4lite-32-72,640x480,jetson-nano2,ncnn,GPU,F16,AP-medium,82.9,2.8,0.7,1.5,19.6,82.0,22.4,124.0,8.1,54871.9,27.5,1.1,27.3,1.1,7.5,9.0,49.5,47.1,0.0,37.7,25.8,4.7,2.3,,,
face-landmarks-detection,face-landmarks-detection-retinaface,mobile0.25mod4lite-32-72,640x480,jetson-nano2,ncnn,GPU,F32,AP-medium,82.9,2.8,0.7,2.9,19.8,81.9,22.5,124.2,8.1,54792.7,27.5,1.1,27.3,1.1,7.5,9.0,49.3,50.2,0.0,37.9,26.0,4.7,2.3,,,
face-landmarks-detection,face-landmarks-detection-retinaface,mobile0.25mod4lite-32-72,640x480,jetson-nano2,onnxruntime,CPU,F32,AP-medium,82.9,2.8,0.7,2.9,28.3,923.2,34.3,985.8,1.0,6901.1,22.1,1.0,22.1,0.9,3.0,5.0,63.3,0.0,0.0,35.8,24.5,3.7,0.4,,,
face-landmarks-detection,face-landmarks-detection-retinaface,mobile0.25mod4lite-48-96,320x320,jetson-nano2,lne,CPU,F32,AP-medium,64.0,1.7,1.4,5.7,7.2,209.6,5.1,222.0,4.5,30649.9,22.5,0.5,22.4,0.9,4.0,4.0,61.5,0.0,0.0,37.5,25.8,3.8,1.0,,,
face-landmarks-detection,face-landmarks-detection-retinaface,mobile0.25mod4lite-48-96,320x320,jetson-nano2,onnxruntime,CPU,F32,AP-medium,64.0,1.7,1.4,5.7,7.0,531.4,10.3,548.7,1.8,12398.9,22.2,0.5,22.1,0.9,2.0,2.0,63.1,0.0,0.0,38.0,26.3,3.7,0.4,,,
face-landmarks-detection,face-landmarks-detection-retinaface,mobile0.25mod4lite-48-96,320x320,jetson-nano2,lne,GPU/CPU,F32,AP-medium,64.0,1.7,1.4,5.7,7.0,101.3,5.3,113.7,8.8,59857.1,42.3,1.6,42.0,1.7,8.0,9.0,60.6,15.1,0.0,34.2,23.2,4.1,1.8,,,
face-landmarks-detection,face-landmarks-detection-retinaface,mobile0.25mod4lite-48-96,320x320,jetson-nano2,tensorrt,GPU,F16,AP-medium,64.0,1.7,1.4,2.8,7.1,21.9,6.8,35.9,27.8,189461.8,51.8,2.1,49.7,2.0,8.4,9.0,55.9,16.4,0.0,37.4,25.5,4.2,5.4,,,
face-landmarks-detection,face-landmarks-detection-retinaface,mobile0.25mod4lite-48-96,320x320,jetson-nano2,tensorrt,GPU,F32,AP-medium,64.0,1.7,1.4,5.7,7.0,24.4,6.7,38.2,26.2,178162.0,51.7,2.1,49.7,2.0,9.5,11.0,54.4,22.5,0.0,36.7,25.2,4.3,5.0,,,
face-landmarks-detection,face-landmarks-detection-retinaface,mobile0.25mod4lite-48-96,320x320,jetson-nano2,ncnn,GPU,F16,AP-medium,64.0,1.7,1.4,2.8,7.0,40.8,8.8,56.6,17.7,120160.1,26.4,1.1,26.0,1.0,5.9,7.0,49.6,27.0,0.0,35.8,24.7,4.2,3.5,,,
face-landmarks-detection,face-landmarks-detection-retinaface,mobile0.25mod4lite-48-96,320x320,jetson-nano2,ncnn,GPU,F32,AP-medium,64.0,1.7,1.4,5.7,7.1,40.8,8.7,56.5,17.7,120392.1,26.5,1.1,26.1,1.0,5.7,7.0,49.7,39.8,0.0,35.9,24.7,4.3,3.4,,,
face-landmarks-detection,face-landmarks-detection-retinaface,mobile0.25mod4lite-48-96,320x320,jetson-nano2,onnxruntime,CPU,F32,AP-medium,64.0,1.7,1.4,5.7,6.9,530.7,11.3,548.9,1.8,12394.4,21.5,1.0,21.5,0.8,2.0,4.0,63.1,0.0,0.0,34.7,23.6,3.7,0.4,,,
face-landmarks-detection,face-landmarks-detection-retinaface,mobile0.25mod4lite-48-96,320x185,jetson-nano2,lne,CPU,F32,AP-medium,52.2,1.0,1.4,5.7,4.6,125.9,3.2,133.7,7.5,50878.9,22.2,0.5,22.1,0.9,3.0,4.0,60.3,0.0,0.0,36.9,25.5,3.7,1.0,,,
face-landmarks-detection,face-landmarks-detection-retinaface,mobile0.25mod4lite-48-96,320x185,jetson-nano2,onnxruntime,CPU,F32,AP-medium,52.2,1.0,1.4,5.7,4.5,333.0,4.3,341.8,2.9,19905.6,21.9,0.5,21.8,0.9,2.0,2.0,62.9,0.0,0.0,37.7,26.2,3.7,0.4,,,
face-landmarks-detection,face-landmarks-detection-retinaface,mobile0.25mod4lite-48-96,320x185,jetson-nano2,lne,GPU/CPU,F32,AP-medium,52.2,1.0,1.4,5.7,4.6,77.1,3.3,85.1,11.8,79983.0,38.6,1.6,38.3,1.5,5.5,6.0,60.5,14.3,0.0,34.0,23.0,4.0,1.4,,,
face-landmarks-detection,face-landmarks-detection-retinaface,mobile0.25mod4lite-48-96,320x185,jetson-nano2,tensorrt,GPU,F16,AP-medium,52.2,1.0,1.4,2.8,4.5,14.7,4.4,23.6,42.3,288089.1,47.9,2.1,45.5,1.9,6.2,7.0,57.0,17.0,0.0,36.7,25.1,3.8,5.5,,,
face-landmarks-detection,face-landmarks-detection-retinaface,mobile0.25mod4lite-48-96,320x185,jetson-nano2,tensorrt,GPU,F32,AP-medium,52.2,1.0,1.4,5.7,4.5,15.7,4.4,24.6,40.6,276184.7,48.0,2.1,45.6,1.9,7.1,8.0,55.4,14.8,0.0,36.0,25.0,3.9,5.2,,,
face-landmarks-detection,face-landmarks-detection-retinaface,mobile0.25mod4lite-48-96,320x185,jetson-nano2,ncnn,GPU,F16,AP-medium,52.2,1.0,1.4,2.8,4.5,26.0,5.9,36.4,27.4,186707.5,22.2,1.1,21.8,0.9,4.5,5.0,50.3,2.1,0.0,35.4,23.6,3.7,3.6,,,
face-landmarks-detection,face-landmarks-detection-retinaface,mobile0.25mod4lite-48-96,320x185,jetson-nano2,ncnn,GPU,F32,AP-medium,52.2,1.0,1.4,5.7,4.6,26.0,5.8,36.4,27.4,186651.6,23.0,1.1,22.5,0.9,4.5,5.0,50.6,24.8,0.0,34.7,24.1,4.0,3.4,,,
face-landmarks-detection,face-landmarks-detection-retinaface,mobile0.25mod4lite-48-96,320x185,jetson-nano2,onnxruntime,CPU,F32,AP-medium,52.2,1.0,1.4,5.7,4.4,336.5,4.2,345.1,2.9,19710.4,18.2,1.0,18.2,0.7,2.0,3.0,63.2,0.0,0.0,34.3,23.3,3.6,0.4,,,
face-landmarks-detection,face-landmarks-detection-retinaface,mobile0.25mod4lite-48-96,320x250,jetson-nano2,lne,CPU,F32,AP-medium,62.5,1.3,1.4,5.7,5.7,167.1,4.2,176.9,5.7,38464.8,22.1,0.5,22.1,0.9,3.6,4.0,61.0,0.0,0.0,37.7,25.8,3.7,1.0,,,
face-landmarks-detection,face-landmarks-detection-retinaface,mobile0.25mod4lite-48-96,320x250,jetson-nano2,onnxruntime,CPU,F32,AP-medium,62.5,1.3,1.4,5.7,5.7,433.9,11.9,451.5,2.2,15067.3,21.7,0.5,21.6,0.8,2.0,2.0,62.7,0.0,0.0,38.1,26.4,3.7,0.4,,,
face-landmarks-detection,face-landmarks-detection-retinaface,mobile0.25mod4lite-48-96,320x250,jetson-nano2,lne,GPU/CPU,F32,AP-medium,62.5,1.3,1.4,5.7,5.7,98.4,4.2,108.3,9.2,62818.8,40.0,1.7,39.7,1.6,7.1,8.0,61.7,13.9,0.0,34.2,23.1,4.1,1.5,,,
face-landmarks-detection,face-landmarks-detection-retinaface,mobile0.25mod4lite-48-96,320x250,jetson-nano2,tensorrt,GPU,F16,AP-medium,62.5,1.3,1.4,2.8,5.7,17.8,5.5,29.0,34.5,234458.4,48.7,2.1,46.5,1.9,7.5,8.0,56.7,9.1,0.0,37.1,25.0,4.0,5.7,,,
face-landmarks-detection,face-landmarks-detection-retinaface,mobile0.25mod4lite-48-96,320x250,jetson-nano2,tensorrt,GPU,F32,AP-medium,62.5,1.3,1.4,5.7,5.7,19.8,5.5,31.0,32.3,219797.2,49.6,2.1,47.3,1.9,8.7,10.0,55.3,23.1,0.0,37.0,25.0,4.3,5.0,,,
face-landmarks-detection,face-landmarks-detection-retinaface,mobile0.25mod4lite-48-96,320x250,jetson-nano2,ncnn,GPU,F16,AP-medium,62.5,1.3,1.4,2.8,5.7,33.4,7.6,46.7,21.4,145706.2,23.8,1.1,23.4,0.9,5.3,6.0,50.0,25.7,0.0,35.4,24.1,4.1,3.4,,,
face-landmarks-detection,face-landmarks-detection-retinaface,mobile0.25mod4lite-48-96,320x250,jetson-nano2,ncnn,GPU,F32,AP-medium,62.5,1.3,1.4,5.7,5.7,33.2,7.3,46.2,21.6,147215.1,23.3,1.1,22.9,0.9,5.2,6.0,50.3,27.8,0.0,35.5,24.4,4.1,3.5,,,
face-landmarks-detection,face-landmarks-detection-retinaface,mobile0.25mod4lite-48-96,320x250,jetson-nano2,onnxruntime,CPU,F32,AP-medium,62.5,1.3,1.4,5.7,5.7,438.6,9.8,454.1,2.2,14982.0,19.5,1.0,19.5,0.8,2.0,3.0,62.9,0.0,0.0,34.5,23.4,3.6,0.4,,,
face-landmarks-detection,face-landmarks-detection-retinaface,mobile0.25mod4lite-48-96,640x640,jetson-nano2,lne,CPU,F32,AP-medium,86.0,6.6,1.4,5.7,25.3,822.6,18.6,866.5,1.2,7850.8,24.0,0.6,23.9,0.9,6.0,7.0,63.8,0.0,0.0,38.7,27.0,4.0,1.0,,,
face-landmarks-detection,face-landmarks-detection-retinaface,mobile0.25mod4lite-48-96,640x640,jetson-nano2,onnxruntime,CPU,F32,AP-medium,86.0,6.6,1.4,5.7,36.9,1802.2,44.4,1883.5,0.5,3612.0,22.2,0.5,22.2,0.9,3.0,3.0,63.4,0.0,0.0,40.3,28.4,3.8,0.5,,,
face-landmarks-detection,face-landmarks-detection-retinaface,mobile0.25mod4lite-48-96,640x640,jetson-nano2,lne,GPU/CPU,F32,AP-medium,86.0,6.6,1.4,5.7,25.4,291.0,19.1,335.4,3.0,20283.2,45.1,1.7,44.9,1.8,15.0,17.0,59.2,27.3,0.0,36.5,24.9,4.7,2.1,,,
face-landmarks-detection,face-landmarks-detection-retinaface,mobile0.25mod4lite-48-96,640x640,jetson-nano2,tensorrt,GPU,F16,AP-medium,86.0,6.6,1.4,2.8,25.2,72.6,24.2,122.1,8.2,55736.4,47.1,2.1,46.1,1.8,16.3,18.0,53.2,50.1,0.0,39.3,27.0,5.2,5.2,,,
face-landmarks-detection,face-landmarks-detection-retinaface,mobile0.25mod4lite-48-96,640x640,jetson-nano2,tensorrt,GPU,F32,AP-medium,86.0,6.6,1.4,5.7,25.3,85.0,23.4,133.7,7.5,50893.8,48.0,2.1,47.1,1.9,18.8,21.0,51.5,47.0,0.0,40.1,27.3,5.3,4.7,,,
face-landmarks-detection,face-landmarks-detection-retinaface,mobile0.25mod4lite-48-96,640x640,jetson-nano2,ncnn,GPU,F16,AP-medium,86.0,6.6,1.4,2.8,24.8,147.9,29.6,202.3,4.9,33630.1,31.8,1.3,31.5,1.3,10.4,11.0,47.3,59.6,0.0,39.1,27.2,5.2,3.1,,,
face-landmarks-detection,face-landmarks-detection-retinaface,mobile0.25mod4lite-48-96,640x640,jetson-nano2,ncnn,GPU,F32,AP-medium,86.0,6.6,1.4,5.7,25.0,148.1,29.6,202.7,4.9,33567.4,31.6,1.3,31.3,1.3,10.3,11.0,47.3,78.6,0.0,39.3,28.1,5.7,2.9,,,
face-landmarks-detection,face-landmarks-detection-retinaface,mobile0.25mod4lite-48-96,640x640,jetson-nano2,onnxruntime,CPU,F32,AP-medium,86.0,6.6,1.4,5.7,37.0,1807.2,44.1,1888.3,0.5,3602.6,23.1,1.0,23.1,0.9,3.0,6.0,63.5,0.0,0.0,37.0,25.7,3.8,0.5,,,
face-landmarks-detection,face-landmarks-detection-retinaface,mobile0.25mod4lite-48-96,640x380,jetson-nano2,lne,CPU,F32,AP-medium,81.6,3.9,1.4,5.7,16.0,502.4,11.6,530.0,1.9,12836.8,23.7,0.6,23.7,0.9,5.2,6.0,63.2,0.0,0.0,39.5,28.1,3.9,0.9,,,
face-landmarks-detection,face-landmarks-detection-retinaface,mobile0.25mod4lite-48-96,640x380,jetson-nano2,onnxruntime,CPU,F32,AP-medium,81.6,3.9,1.4,5.7,15.7,1163.6,22.7,1201.9,0.8,5660.1,22.1,0.5,22.1,0.9,2.5,3.0,63.2,0.0,0.0,40.5,28.7,3.8,0.4,,,
face-landmarks-detection,face-landmarks-detection-retinaface,mobile0.25mod4lite-48-96,640x380,jetson-nano2,lne,GPU/CPU,F32,AP-medium,81.6,3.9,1.4,5.7,16.0,192.6,12.2,220.8,4.5,30808.4,41.2,1.7,40.9,1.6,12.5,14.0,60.0,24.3,0.0,35.7,24.0,4.5,2.0,,,
face-landmarks-detection,face-landmarks-detection-retinaface,mobile0.25mod4lite-48-96,640x380,jetson-nano2,tensorrt,GPU,F16,AP-medium,81.6,3.9,1.4,2.8,15.9,44.1,15.4,75.5,13.3,90149.6,44.7,2.0,43.4,1.7,13.1,14.0,54.1,32.5,0.0,38.8,26.5,4.7,5.6,,,
face-landmarks-detection,face-landmarks-detection-retinaface,mobile0.25mod4lite-48-96,640x380,jetson-nano2,tensorrt,GPU,F32,AP-medium,81.6,3.9,1.4,5.7,16.1,56.3,15.1,87.5,11.4,77749.2,47.7,2.1,46.5,1.8,15.2,17.0,53.6,37.0,0.0,39.1,26.7,5.1,4.4,,,
face-landmarks-detection,face-landmarks-detection-retinaface,mobile0.25mod4lite-48-96,640x380,jetson-nano2,ncnn,GPU,F16,AP-medium,81.6,3.9,1.4,2.8,16.2,90.7,19.1,126.1,7.9,53967.9,27.0,1.2,26.7,1.1,8.5,9.0,48.3,43.5,0.0,38.2,26.0,4.7,3.3,,,
face-landmarks-detection,face-landmarks-detection-retinaface,mobile0.25mod4lite-48-96,640x380,jetson-nano2,ncnn,GPU,F32,AP-medium,81.6,3.9,1.4,5.7,15.9,90.8,19.2,126.0,7.9,53992.0,27.0,1.2,26.7,1.0,8.3,9.0,48.2,47.0,0.0,38.5,26.2,4.8,3.3,,,
face-landmarks-detection,face-landmarks-detection-retinaface,mobile0.25mod4lite-48-96,640x380,jetson-nano2,onnxruntime,CPU,F32,AP-medium,81.6,3.9,1.4,5.7,15.8,1155.6,23.3,1194.6,0.8,5694.6,20.1,1.0,20.1,0.8,2.5,5.0,63.4,0.0,0.0,36.4,24.9,3.7,0.4,,,
face-landmarks-detection,face-landmarks-detection-retinaface,mobile0.25mod4lite-48-96,640x480,jetson-nano2,lne,CPU,F32,AP-medium,84.9,4.9,1.4,5.7,19.6,623.9,14.0,657.4,1.5,10347.9,23.3,0.5,23.3,0.9,5.9,6.0,63.5,0.0,0.0,39.6,27.6,4.0,0.9,,,
face-landmarks-detection,face-landmarks-detection-retinaface,mobile0.25mod4lite-48-96,640x480,jetson-nano2,onnxruntime,CPU,F32,AP-medium,84.9,4.9,1.4,5.7,19.2,1423.7,26.2,1469.1,0.7,4630.8,22.1,0.5,22.1,0.9,2.9,3.0,63.3,0.0,0.0,40.8,29.0,3.8,0.4,,,
face-landmarks-detection,face-landmarks-detection-retinaface,mobile0.25mod4lite-48-96,640x480,jetson-nano2,lne,GPU/CPU,F32,AP-medium,84.9,4.9,1.4,5.7,19.5,223.3,14.6,257.4,3.9,26427.6,39.9,1.6,39.7,1.6,13.8,16.0,59.7,24.8,0.0,36.8,25.1,4.6,2.1,,,
face-landmarks-detection,face-landmarks-detection-retinaface,mobile0.25mod4lite-48-96,640x480,jetson-nano2,tensorrt,GPU,F16,AP-medium,84.9,4.9,1.4,2.8,19.6,53.7,18.1,91.4,10.9,74448.9,44.6,2.0,43.4,1.7,14.8,16.0,53.5,39.3,0.0,39.0,27.0,4.8,5.6,,,
face-landmarks-detection,face-landmarks-detection-retinaface,mobile0.25mod4lite-48-96,640x480,jetson-nano2,tensorrt,GPU,F32,AP-medium,84.9,4.9,1.4,5.7,19.5,65.2,18.3,103.0,9.7,66018.3,46.6,2.0,45.5,1.8,17.4,19.0,52.5,43.0,0.0,39.6,27.3,5.2,4.6,,,
face-landmarks-detection,face-landmarks-detection-retinaface,mobile0.25mod4lite-48-96,640x480,jetson-nano2,ncnn,GPU,F16,AP-medium,84.9,4.9,1.4,2.8,19.5,112.3,22.8,154.7,6.5,43979.9,26.2,1.2,25.9,1.0,9.4,10.0,47.7,48.9,0.0,38.7,26.8,4.9,3.2,,,
face-landmarks-detection,face-landmarks-detection-retinaface,mobile0.25mod4lite-48-96,640x480,jetson-nano2,ncnn,GPU,F32,AP-medium,84.9,4.9,1.4,5.7,19.1,112.5,22.6,154.2,6.5,44104.4,26.2,1.2,26.0,1.0,9.3,10.0,47.8,48.3,0.0,39.2,27.1,4.9,3.3,,,
face-landmarks-detection,face-landmarks-detection-retinaface,mobile0.25mod4lite-48-96,640x480,jetson-nano2,onnxruntime,CPU,F32,AP-medium,84.9,4.9,1.4,5.7,19.0,1424.7,25.9,1469.5,0.7,4629.3,19.0,1.0,18.9,0.7,2.8,6.0,63.5,0.0,0.0,37.0,25.5,3.8,0.4,,,
face-landmarks-detection,face-landmarks-detection-retinaface,mobile0.25mod4lite-64-128,320x320,jetson-nano2,lne,CPU,F32,AP-medium,68.4,2.9,2.5,10.0,7.0,332.2,5.2,344.3,2.9,19757.1,22.9,0.5,22.9,0.9,4.0,4.0,62.4,0.0,0.0,38.3,26.9,3.8,1.1,,,
face-landmarks-detection,face-landmarks-detection-retinaface,mobile0.25mod4lite-64-128,320x320,jetson-nano2,onnxruntime,CPU,F32,AP-medium,68.4,2.9,2.5,10.0,7.0,800.0,11.9,818.8,1.2,8308.6,21.8,0.5,21.8,0.8,2.0,3.0,63.1,0.0,0.0,39.1,27.5,3.7,0.5,,,
face-landmarks-detection,face-landmarks-detection-retinaface,mobile0.25mod4lite-64-128,320x320,jetson-nano2,lne,GPU/CPU,F32,AP-medium,68.4,2.9,2.5,10.0,7.1,141.6,5.2,153.8,6.5,44222.6,38.6,1.6,38.3,1.5,9.4,11.0,60.4,16.4,0.0,35.3,24.0,4.3,2.2,,,
face-landmarks-detection,face-landmarks-detection-retinaface,mobile0.25mod4lite-64-128,320x320,jetson-nano2,tensorrt,GPU,F16,AP-medium,68.4,2.9,2.5,5.0,7.1,26.9,6.8,40.8,24.5,166797.3,48.2,2.1,46.3,1.9,10.2,11.0,55.4,28.5,0.0,38.4,26.1,4.4,8.0,,,
face-landmarks-detection,face-landmarks-detection-retinaface,mobile0.25mod4lite-64-128,320x320,jetson-nano2,tensorrt,GPU,F32,AP-medium,68.4,2.9,2.5,10.0,7.2,31.8,6.8,45.8,21.8,148580.7,47.6,2.1,45.8,1.8,11.7,13.0,53.9,27.4,0.0,38.8,26.3,4.5,6.9,,,
face-landmarks-detection,face-landmarks-detection-retinaface,mobile0.25mod4lite-64-128,320x320,jetson-nano2,ncnn,GPU,F16,AP-medium,68.4,2.9,2.5,5.0,7.0,62.0,9.1,78.1,12.8,87094.1,24.0,1.1,23.6,0.9,6.5,7.0,48.1,16.9,0.0,38.4,25.2,4.2,4.3,,,
face-landmarks-detection,face-landmarks-detection-retinaface,mobile0.25mod4lite-64-128,320x320,jetson-nano2,ncnn,GPU,F32,AP-medium,68.4,2.9,2.5,10.0,7.0,62.1,9.4,78.5,12.7,86717.6,23.4,1.1,23.1,0.9,6.5,7.0,48.0,78.7,0.0,37.9,26.3,5.0,3.7,,,
face-landmarks-detection,face-landmarks-detection-retinaface,mobile0.25mod4lite-64-128,320x320,jetson-nano2,onnxruntime,CPU,F32,AP-medium,68.4,2.9,2.5,10.0,7.0,799.7,12.5,819.2,1.2,8304.5,17.5,1.0,17.5,0.7,2.0,4.0,63.3,0.0,0.0,36.0,24.5,3.7,0.5,,,
face-landmarks-detection,face-landmarks-detection-retinaface,mobile0.25mod4lite-64-128,320x185,jetson-nano2,lne,CPU,F32,AP-medium,56.9,1.7,2.5,10.0,4.5,198.5,3.1,206.2,4.9,32997.7,22.5,0.5,22.5,0.9,3.9,4.0,61.3,0.0,0.0,37.1,25.6,3.8,1.1,,,
face-landmarks-detection,face-landmarks-detection-retinaface,mobile0.25mod4lite-64-128,320x185,jetson-nano2,onnxruntime,CPU,F32,AP-medium,56.9,1.7,2.5,10.0,4.4,497.7,7.4,509.6,2.0,13350.9,21.6,0.5,21.6,0.8,2.0,2.0,63.2,0.0,0.0,37.8,26.4,3.7,0.5,,,
face-landmarks-detection,face-landmarks-detection-retinaface,mobile0.25mod4lite-64-128,320x185,jetson-nano2,lne,GPU/CPU,F32,AP-medium,56.9,1.7,2.5,10.0,4.5,99.1,3.2,106.8,9.4,63703.4,38.0,1.6,37.6,1.5,7.1,8.0,61.0,16.5,0.0,35.1,24.0,4.1,1.9,,,
face-landmarks-detection,face-landmarks-detection-retinaface,mobile0.25mod4lite-64-128,320x185,jetson-nano2,tensorrt,GPU,F16,AP-medium,56.9,1.7,2.5,5.0,4.6,18.6,4.2,27.4,36.5,248212.7,47.8,2.1,45.4,1.9,7.6,8.0,56.9,16.9,0.0,38.2,26.2,4.1,7.7,,,
face-landmarks-detection,face-landmarks-detection-retinaface,mobile0.25mod4lite-64-128,320x185,jetson-nano2,tensorrt,GPU,F32,AP-medium,56.9,1.7,2.5,10.0,4.5,20.5,4.4,29.4,34.0,231552.2,47.8,2.1,45.6,1.9,9.0,10.0,55.4,24.9,0.0,38.0,26.2,4.3,6.8,,,
face-landmarks-detection,face-landmarks-detection-retinaface,mobile0.25mod4lite-64-128,320x185,jetson-nano2,ncnn,GPU,F16,AP-medium,56.9,1.7,2.5,5.0,4.5,38.9,6.0,49.4,20.2,137583.0,22.3,1.1,21.9,0.9,5.0,6.0,49.0,43.6,0.0,36.9,25.2,4.4,4.0,,,
face-landmarks-detection,face-landmarks-detection-retinaface,mobile0.25mod4lite-64-128,320x185,jetson-nano2,ncnn,GPU,F32,AP-medium,56.9,1.7,2.5,10.0,4.6,39.3,6.0,49.9,20.1,136418.6,22.4,1.1,22.0,0.9,4.9,6.0,49.5,38.9,0.0,36.9,25.4,4.3,4.0,,,
face-landmarks-detection,face-landmarks-detection-retinaface,mobile0.25mod4lite-64-128,320x185,jetson-nano2,onnxruntime,CPU,F32,AP-medium,56.9,1.7,2.5,10.0,4.4,496.0,7.7,508.1,2.0,13389.7,17.9,1.0,17.9,0.7,2.0,3.0,63.4,0.0,0.0,35.6,24.3,3.7,0.5,,,
face-landmarks-detection,face-landmarks-detection-retinaface,mobile0.25mod4lite-64-128,320x250,jetson-nano2,lne,CPU,F32,AP-medium,66.5,2.3,2.5,10.0,5.7,263.0,4.2,272.9,3.7,24928.7,22.6,0.5,22.5,0.9,3.9,4.0,61.8,0.0,0.0,37.4,25.9,3.8,1.1,,,
face-landmarks-detection,face-landmarks-detection-retinaface,mobile0.25mod4lite-64-128,320x250,jetson-nano2,onnxruntime,CPU,F32,AP-medium,66.5,2.3,2.5,10.0,5.7,643.1,5.7,654.5,1.5,10394.0,22.0,0.5,22.0,0.9,2.0,3.0,63.3,0.0,0.0,38.0,26.3,3.7,0.5,,,
face-landmarks-detection,face-landmarks-detection-retinaface,mobile0.25mod4lite-64-128,320x250,jetson-nano2,lne,GPU/CPU,F32,AP-medium,66.5,2.3,2.5,10.0,5.7,124.4,4.2,134.3,7.4,50649.8,39.0,1.6,38.7,1.5,8.3,10.0,61.2,18.2,0.0,35.5,24.0,4.3,2.0,,,
face-landmarks-detection,face-landmarks-detection-retinaface,mobile0.25mod4lite-64-128,320x250,jetson-nano2,tensorrt,GPU,F16,AP-medium,66.5,2.3,2.5,5.0,5.7,22.7,5.5,33.9,29.5,200649.9,48.1,2.1,46.0,1.9,9.0,10.0,55.8,20.2,0.0,38.2,26.2,4.2,8.0,,,
face-landmarks-detection,face-landmarks-detection-retinaface,mobile0.25mod4lite-64-128,320x250,jetson-nano2,tensorrt,GPU,F32,AP-medium,66.5,2.3,2.5,10.0,5.7,25.5,5.5,36.7,27.2,185341.4,48.1,2.1,46.0,1.9,10.6,12.0,53.6,5.7,0.0,38.6,26.0,4.2,7.4,,,
face-landmarks-detection,face-landmarks-detection-retinaface,mobile0.25mod4lite-64-128,320x250,jetson-nano2,ncnn,GPU,F16,AP-medium,66.5,2.3,2.5,5.0,5.7,50.1,7.4,63.2,15.8,107607.1,23.5,1.1,23.1,0.9,5.9,7.0,48.7,44.5,0.0,37.5,25.6,4.5,4.0,,,
face-landmarks-detection,face-landmarks-detection-retinaface,mobile0.25mod4lite-64-128,320x250,jetson-nano2,ncnn,GPU,F32,AP-medium,66.5,2.3,2.5,10.0,5.9,50.1,7.4,63.4,15.8,107228.3,24.2,1.1,23.8,0.9,5.7,7.0,48.6,40.5,0.0,37.6,25.9,4.5,4.0,,,
face-landmarks-detection,face-landmarks-detection-retinaface,mobile0.25mod4lite-64-128,320x250,jetson-nano2,onnxruntime,CPU,F32,AP-medium,66.5,2.3,2.5,10.0,5.8,643.0,5.5,654.3,1.5,10397.8,18.4,1.0,18.3,0.7,2.0,4.0,63.3,0.0,0.0,36.0,24.4,3.7,0.5,,,
face-landmarks-detection,face-landmarks-detection-retinaface,mobile0.25mod4lite-64-128,640x640,jetson-nano2,lne,CPU,F32,AP-medium,87.3,11.4,2.5,10.0,25.2,1305.9,18.5,1349.6,0.7,5040.9,24.6,0.6,24.6,1.0,5.5,6.0,64.1,0.0,0.0,39.9,28.1,4.0,1.0,,,
face-landmarks-detection,face-landmarks-detection-retinaface,mobile0.25mod4lite-64-128,640x640,jetson-nano2,onnxruntime,CPU,F32,AP-medium,87.3,11.4,2.5,10.0,36.8,2740.1,42.8,2819.7,0.4,2412.6,22.5,0.5,22.5,0.9,2.9,3.0,63.5,0.0,0.0,41.2,29.3,3.8,0.5,,,
face-landmarks-detection,face-landmarks-detection-retinaface,mobile0.25mod4lite-64-128,640x640,jetson-nano2,lne,GPU/CPU,F32,AP-medium,87.3,11.4,2.5,10.0,25.2,422.3,19.3,466.8,2.1,14573.3,41.2,1.7,41.1,1.6,15.7,18.0,59.1,29.3,0.0,37.6,25.7,4.8,2.5,,,
face-landmarks-detection,face-landmarks-detection-retinaface,mobile0.25mod4lite-64-128,640x640,jetson-nano2,tensorrt,GPU,F16,AP-medium,87.3,11.4,2.5,5.0,25.1,86.2,24.1,135.4,7.4,50238.1,46.3,2.1,45.4,1.8,17.4,19.0,52.4,41.7,0.0,40.5,28.1,5.2,8.2,,,
face-landmarks-detection,face-landmarks-detection-retinaface,mobile0.25mod4lite-64-128,640x640,jetson-nano2,tensorrt,GPU,F32,AP-medium,87.3,11.4,2.5,10.0,25.2,110.6,23.9,159.7,6.3,42592.3,46.7,2.0,45.9,1.8,21.7,24.0,50.3,48.9,0.0,41.4,28.7,5.7,6.3,,,
face-landmarks-detection,face-landmarks-detection-retinaface,mobile0.25mod4lite-64-128,640x640,jetson-nano2,ncnn,GPU,F16,AP-medium,87.3,11.4,2.5,5.0,25.0,230.6,30.4,285.9,3.5,23795.8,30.5,1.4,30.3,1.2,10.5,11.0,45.3,68.4,0.0,41.3,28.9,5.4,3.7,,,
face-landmarks-detection,face-landmarks-detection-retinaface,mobile0.25mod4lite-64-128,640x640,jetson-nano2,ncnn,GPU,F32,AP-medium,87.3,11.4,2.5,10.0,24.8,230.4,30.1,285.3,3.5,23846.1,30.8,1.4,30.6,1.2,10.5,11.0,45.3,66.4,0.0,41.2,28.9,5.5,3.7,,,
face-landmarks-detection,face-landmarks-detection-retinaface,mobile0.25mod4lite-64-128,640x640,jetson-nano2,onnxruntime,CPU,F32,AP-medium,87.3,11.4,2.5,10.0,36.7,2744.6,43.7,2825.0,0.4,2408.2,18.5,1.0,18.5,0.7,2.9,6.0,63.6,0.0,0.0,38.2,26.8,3.8,0.5,,,
face-landmarks-detection,face-landmarks-detection-retinaface,mobile0.25mod4lite-64-128,640x380,jetson-nano2,lne,CPU,F32,AP-medium,83.3,6.8,2.5,10.0,15.9,785.1,11.9,812.9,1.2,8369.2,23.7,0.6,23.7,0.9,5.0,5.0,63.7,0.0,0.0,39.3,27.6,4.0,1.1,,,
face-landmarks-detection,face-landmarks-detection-retinaface,mobile0.25mod4lite-64-128,640x380,jetson-nano2,onnxruntime,CPU,F32,AP-medium,83.3,6.8,2.5,10.0,16.0,1699.6,23.8,1739.3,0.6,3911.3,22.5,0.5,22.5,0.9,2.5,3.0,63.5,0.0,0.0,39.9,28.2,3.8,0.5,,,
face-landmarks-detection,face-landmarks-detection-retinaface,mobile0.25mod4lite-64-128,640x380,jetson-nano2,lne,GPU/CPU,F32,AP-medium,83.3,6.8,2.5,10.0,16.4,253.6,11.9,281.9,3.5,24132.3,41.0,1.6,40.8,1.6,14.2,16.0,59.6,26.0,0.0,37.0,25.2,4.7,2.6,,,
face-landmarks-detection,face-landmarks-detection-retinaface,mobile0.25mod4lite-64-128,640x380,jetson-nano2,tensorrt,GPU,F16,AP-medium,83.3,6.8,2.5,5.0,16.1,53.1,15.3,84.5,11.8,80543.8,45.3,2.0,44.1,1.8,14.8,16.0,54.2,37.9,0.0,40.1,27.5,4.9,8.2,,,
face-landmarks-detection,face-landmarks-detection-retinaface,mobile0.25mod4lite-64-128,640x380,jetson-nano2,tensorrt,GPU,F32,AP-medium,83.3,6.8,2.5,10.0,15.9,69.0,15.2,100.1,10.0,67950.5,47.0,2.0,45.9,1.8,18.4,20.0,51.7,44.1,0.0,40.6,27.7,5.3,6.5,,,
face-landmarks-detection,face-landmarks-detection-retinaface,mobile0.25mod4lite-64-128,640x380,jetson-nano2,ncnn,GPU,F16,AP-medium,83.3,6.8,2.5,5.0,15.9,140.2,19.4,175.4,5.7,38776.5,27.7,1.2,27.4,1.1,9.3,10.0,46.3,56.5,0.0,40.0,27.9,5.2,3.8,,,
face-landmarks-detection,face-landmarks-detection-retinaface,mobile0.25mod4lite-64-128,640x380,jetson-nano2,ncnn,GPU,F32,AP-medium,83.3,6.8,2.5,10.0,15.8,140.4,19.5,175.7,5.7,38723.1,28.3,1.2,28.0,1.1,9.3,10.0,46.0,54.8,0.0,40.3,27.8,5.1,3.8,,,
face-landmarks-detection,face-landmarks-detection-retinaface,mobile0.25mod4lite-64-128,640x380,jetson-nano2,onnxruntime,CPU,F32,AP-medium,83.3,6.8,2.5,10.0,15.4,1698.8,23.1,1737.3,0.6,3915.8,19.2,1.0,19.2,0.7,2.5,6.0,63.5,0.0,0.0,37.6,26.0,3.8,0.5,,,
face-landmarks-detection,face-landmarks-detection-retinaface,mobile0.25mod4lite-64-128,640x480,jetson-nano2,lne,CPU,F32,AP-medium,86.2,8.6,2.5,10.0,19.4,996.7,14.0,1030.1,1.0,6604.5,24.1,0.6,24.1,0.9,5.0,6.0,63.9,0.0,0.0,39.4,27.5,4.0,1.0,,,
face-landmarks-detection,face-landmarks-detection-retinaface,mobile0.25mod4lite-64-128,640x480,jetson-nano2,onnxruntime,CPU,F32,AP-medium,86.2,8.6,2.5,10.0,19.3,2098.9,27.0,2145.3,0.5,3171.2,23.0,0.5,22.9,0.9,2.7,3.0,63.5,0.0,0.0,40.3,28.4,3.8,0.5,,,
face-landmarks-detection,face-landmarks-detection-retinaface,mobile0.25mod4lite-64-128,640x480,jetson-nano2,lne,GPU/CPU,F32,AP-medium,86.2,8.6,2.5,10.0,19.6,318.4,14.6,352.5,2.8,19299.6,40.4,1.7,40.3,1.6,14.7,17.0,59.3,26.8,0.0,38.0,26.0,4.8,2.5,,,
face-landmarks-detection,face-landmarks-detection-retinaface,mobile0.25mod4lite-64-128,640x480,jetson-nano2,tensorrt,GPU,F16,AP-medium,86.2,8.6,2.5,5.0,19.4,62.9,18.3,100.5,9.9,67671.7,45.7,2.0,44.6,1.8,15.6,17.0,53.3,43.8,0.0,40.4,27.8,5.1,8.4,,,
face-landmarks-detection,face-landmarks-detection-retinaface,mobile0.25mod4lite-64-128,640x480,jetson-nano2,tensorrt,GPU,F32,AP-medium,86.2,8.6,2.5,10.0,19.7,84.5,17.7,121.9,8.2,55801.7,46.0,2.0,45.1,1.8,19.8,22.0,51.0,28.2,0.0,41.3,28.5,5.1,6.9,,,
face-landmarks-detection,face-landmarks-detection-retinaface,mobile0.25mod4lite-64-128,640x480,jetson-nano2,ncnn,GPU,F16,AP-medium,86.2,8.6,2.5,5.0,19.3,175.0,23.1,217.4,4.6,31294.1,27.6,1.3,27.4,1.1,9.6,11.0,45.6,65.4,0.0,41.0,28.7,5.3,3.7,,,
face-landmarks-detection,face-landmarks-detection-retinaface,mobile0.25mod4lite-64-128,640x480,jetson-nano2,ncnn,GPU,F32,AP-medium,86.2,8.6,2.5,10.0,19.4,174.7,23.2,217.3,4.6,31304.7,28.5,1.3,28.2,1.1,9.6,11.0,45.6,68.2,0.0,41.3,29.0,5.4,3.7,,,
face-landmarks-detection,face-landmarks-detection-retinaface,mobile0.25mod4lite-64-128,640x480,jetson-nano2,onnxruntime,CPU,F32,AP-medium,86.2,8.6,2.5,10.0,19.2,2116.8,28.1,2164.1,0.5,3143.6,18.0,1.0,18.0,0.7,2.7,6.0,63.6,0.0,0.0,38.4,26.8,3.8,0.5,,,
incar-object-detection,incar-object-detection-nanodet,resnet50,320x320,jetson-nano2,lne,CPU,F32,/,/,17.4,24.4,97.4,11.6,1472.5,1.4,1485.4,0.7,4579.8,30.2,0.8,30.2,1.2,4.0,5.0,63.9,0.0,0.0,39.0,27.1,4.1,1.4,,,
incar-object-detection,incar-object-detection-nanodet,resnet50,320x320,jetson-nano2,onnxruntime,CPU,F32,/,/,17.4,24.4,97.4,11.4,3155.5,2.4,3169.3,0.3,2146.5,25.2,0.6,25.2,1.0,2.2,3.0,63.7,0.0,0.0,39.9,28.1,3.8,0.7,,,
incar-object-detection,incar-object-detection-nanodet,resnet50,320x320,jetson-nano2,lne,GPU/CPU,F32,/,/,17.4,24.4,97.4,11.6,347.8,1.4,360.8,2.8,18857.6,46.0,1.8,45.7,1.8,20.0,23.0,57.5,42.4,0.0,38.5,26.7,5.5,4.4,,,
incar-object-detection,incar-object-detection-nanodet,resnet50,320x320,jetson-nano2,tensorrt,GPU,F16,/,/,17.4,24.4,48.7,11.8,59.4,3.0,74.1,13.5,91831.7,50.3,2.1,48.7,2.0,16.0,18.0,50.0,52.7,0.0,40.3,27.9,5.5,21.2,,,
incar-object-detection,incar-object-detection-nanodet,resnet50,320x320,jetson-nano2,tensorrt,GPU,F32,/,/,17.4,24.4,97.4,11.6,104.1,2.9,118.7,8.4,57333.2,53.6,2.1,52.5,2.1,22.7,25.0,47.4,71.8,0.0,41.8,29.1,6.7,10.9,,,
incar-object-detection,incar-object-detection-nanodet,resnet50,320x320,jetson-nano2,ncnn,GPU,F16,/,/,17.4,24.4,48.7,11.5,232.4,10.9,254.8,3.9,26699.7,40.5,1.6,40.0,1.6,12.3,13.0,42.6,75.2,0.0,41.5,29.1,6.0,5.7,,,
incar-object-detection,incar-object-detection-nanodet,resnet50,320x320,jetson-nano2,ncnn,GPU,F32,/,/,17.4,24.4,97.4,11.7,232.1,7.3,251.1,4.0,27093.7,41.6,1.7,41.2,1.6,12.3,13.0,42.6,71.4,0.0,41.6,29.2,6.0,5.8,,,
incar-object-detection,incar-object-detection-nanodet,resnet50,320x320,jetson-nano2,onnxruntime,CPU,F32,/,/,17.4,24.4,97.4,11.4,3152.0,2.7,3166.1,0.3,2148.7,20.6,1.1,20.6,0.8,2.2,8.0,63.8,0.0,0.0,37.9,26.7,3.8,0.7,,,
incar-object-detection,incar-object-detection-nanodet,resnet50,640x640,jetson-nano2,lne,CPU,F32,/,/,81.4,28.5,114.1,42.2,7226.1,5.1,7273.4,0.1,935.3,35.7,1.0,35.7,1.4,4.1,6.0,64.2,0.0,0.0,41.0,28.9,4.1,1.4,,,
incar-object-detection,incar-object-detection-nanodet,resnet50,640x640,jetson-nano2,onnxruntime,CPU,F32,/,/,81.4,28.5,114.1,42.6,11935.9,6.5,11985.1,0.1,567.6,28.4,0.7,28.4,1.1,3.0,4.0,64.0,0.0,0.0,41.2,29.3,4.0,0.9,,,
incar-object-detection,incar-object-detection-nanodet,resnet50,640x640,jetson-nano2,lne,GPU/CPU,F32,/,/,81.4,28.5,114.1,42.9,1385.3,5.1,1433.4,0.7,4746.2,51.3,1.9,51.3,2.0,22.5,25.0,56.1,45.7,0.0,40.8,28.5,5.8,4.9,,,
incar-object-detection,incar-object-detection-nanodet,resnet50,640x640,jetson-nano2,tensorrt,GPU,F16,/,/,81.4,28.5,57.1,43.1,271.7,10.5,325.2,3.1,20916.5,53.7,2.1,53.1,2.1,25.8,28.0,45.7,68.0,0.0,44.7,30.8,6.6,18.9,,,
incar-object-detection,incar-object-detection-nanodet,resnet50,640x640,jetson-nano2,tensorrt,GPU,F32,/,/,81.4,28.5,114.1,43.3,461.8,10.7,515.8,1.9,13189.6,60.3,2.2,59.9,2.3,32.0,34.0,43.5,82.0,0.0,47.6,33.2,7.5,10.6,,,
incar-object-detection,incar-object-detection-nanodet,resnet50,640x640,jetson-nano2,ncnn,GPU,F16,/,/,81.4,28.5,57.1,43.3,1257.3,70.1,1370.7,0.7,4963.2,58.9,2.6,58.8,2.5,12.3,13.0,40.5,90.0,0.0,47.4,34.1,6.4,4.6,,,
incar-object-detection,incar-object-detection-nanodet,resnet50,640x640,jetson-nano2,ncnn,GPU,F32,/,/,81.4,28.5,114.1,43.0,1257.1,70.2,1370.3,0.7,4964.4,60.3,2.6,60.2,2.6,12.3,14.0,40.5,89.7,0.0,45.8,32.6,6.4,4.7,,,
incar-object-detection,incar-object-detection-nanodet,resnet50,640x640,jetson-nano2,onnxruntime,CPU,F32,/,/,81.4,28.5,114.1,42.3,11955.9,6.7,12004.9,0.1,566.7,23.5,1.2,23.5,0.9,3.0,8.0,64.1,0.0,0.0,39.9,28.4,3.9,0.9,,,
incar-object-detection,incar-object-detection-nanodet,resnet50,640x480,jetson-nano2,lne,CPU,F32,/,/,52.0,24.4,97.4,32.4,4317.7,3.8,4353.9,0.2,1562.5,35.8,1.0,35.8,1.4,4.2,8.0,64.2,0.0,0.0,40.4,28.6,4.1,1.4,,,
incar-object-detection,incar-object-detection-nanodet,resnet50,640x480,jetson-nano2,onnxruntime,CPU,F32,/,/,52.0,24.4,97.4,32.5,7722.7,12.2,7767.3,0.1,875.9,27.1,0.7,27.1,1.1,3.0,4.0,64.0,0.0,0.0,40.9,29.1,3.9,0.9,,,
incar-object-detection,incar-object-detection-nanodet,resnet50,640x480,jetson-nano2,lne,GPU/CPU,F32,/,/,52.0,24.4,97.4,32.7,691.2,3.8,727.8,1.4,9347.8,50.1,1.9,49.9,2.0,26.7,29.0,54.8,51.0,0.0,40.9,28.5,5.9,6.1,,,
incar-object-detection,incar-object-detection-nanodet,resnet50,640x480,jetson-nano2,tensorrt,GPU,F16,/,/,52.0,24.4,48.7,32.7,150.8,8.1,191.6,5.2,35504.0,53.7,2.2,52.9,2.1,22.2,24.0,47.6,61.8,0.0,43.0,29.8,6.2,22.0,,,
incar-object-detection,incar-object-detection-nanodet,resnet50,640x480,jetson-nano2,tensorrt,GPU,F32,/,/,52.0,24.4,97.4,33.0,272.7,7.9,313.5,3.2,21698.5,57.6,2.1,56.9,2.2,30.8,33.0,44.7,71.5,0.0,45.9,31.9,7.0,11.8,,,
incar-object-detection,incar-object-detection-nanodet,resnet50,640x480,jetson-nano2,ncnn,GPU,F16,/,/,52.0,24.4,48.7,32.7,659.7,18.2,710.6,1.4,9573.0,53.9,2.2,53.7,2.1,14.7,16.0,41.7,84.4,0.0,45.3,32.7,6.5,5.6,,,
incar-object-detection,incar-object-detection-nanodet,resnet50,640x480,jetson-nano2,ncnn,GPU,F32,/,/,52.0,24.4,97.4,32.9,659.7,17.9,710.6,1.4,9574.0,54.9,2.2,54.8,2.1,14.7,16.0,41.5,77.9,0.0,44.5,31.8,6.4,5.7,,,
incar-object-detection,incar-object-detection-nanodet,resnet50,640x480,jetson-nano2,onnxruntime,CPU,F32,/,/,52.0,24.4,97.4,32.2,7730.7,12.4,7775.3,0.1,874.9,21.6,1.1,21.6,0.8,3.0,10.0,64.1,0.0,0.0,39.9,28.5,3.9,0.9,,,
face-recognition,face-recognition-insightsface-mobilefacenet,mxnet,112x112,jetson-nano2,lne,CPU,F32,/,/,0.4,1.0,4.0,1.7,82.7,0.0,84.4,11.9,80636.6,22.4,0.5,22.2,0.9,2.9,3.0,61.6,0.0,0.0,34.4,23.0,3.7,0.7,,,
face-recognition,face-recognition-insightsface-mobilefacenet,mxnet,112x112,jetson-nano2,onnxruntime,CPU,F32,/,/,0.4,1.0,4.0,/,/,/,/,/,/,0.0,0.0,0.0,0.0,0.0,0.0,0.0,0.0,0.0,0.0,0.0,0.0,0.0,,,
face-recognition,face-recognition-insightsface-mobilefacenet,mxnet,112x112,jetson-nano2,lne,GPU/CPU,F32,/,/,0.4,1.0,4.0,1.6,62.4,0.0,64.0,15.6,106260.5,37.7,1.6,37.3,1.5,6.1,7.0,61.4,9.6,0.0,34.4,23.7,3.9,0.9,,,
face-recognition,face-recognition-insightsface-mobilefacenet,mxnet,112x112,jetson-nano2,tensorrt,GPU,F16,/,/,0.4,1.0,2.0,/,/,/,/,/,/,0.0,0.0,0.0,0.0,0.0,0.0,0.0,0.0,0.0,0.0,0.0,0.0,0.0,,,
face-recognition,face-recognition-insightsface-mobilefacenet,mxnet,112x112,jetson-nano2,tensorrt,GPU,F32,/,/,0.4,1.0,4.0,/,/,/,/,/,/,0.0,0.0,0.0,0.0,0.0,0.0,0.0,0.0,0.0,0.0,0.0,0.0,0.0,,,
face-recognition,face-recognition-insightsface-mobilefacenet,mxnet,112x112,jetson-nano2,ncnn,GPU,F16,/,/,0.4,1.0,2.0,1.6,9.0,0.2,10.9,91.8,624807.1,19.9,1.0,19.2,0.8,4.0,5.0,54.7,24.1,0.0,34.4,23.5,3.8,5.3,,,
face-recognition,face-recognition-insightsface-mobilefacenet,mxnet,112x112,jetson-nano2,ncnn,GPU,F32,/,/,0.4,1.0,4.0,1.7,9.0,0.2,10.9,91.5,622745.3,19.9,1.0,19.2,0.8,4.0,5.0,55.1,6.6,0.0,34.5,23.9,3.9,5.2,,,
face-recognition,face-recognition-insightsface-mobilefacenet,mxnet,112x112,jetson-nano2,onnxruntime,CPU,F32,/,/,0.4,1.0,4.0,/,/,/,/,/,/,0.0,0.0,0.0,0.0,0.0,0.0,0.0,0.0,0.0,0.0,0.0,0.0,0.0,,,
age-gender-estimation,age-gender-insightface,mobilenet_0_25x,112x112,jetson-nano2,lne,CPU,F32,/,/,0.1,0.3,1.1,1.7,13.3,0.0,14.9,66.9,455193.9,21.9,0.5,21.6,0.8,2.6,3.0,58.2,0.0,0.0,33.9,22.9,3.3,0.8,,,
age-gender-estimation,age-gender-insightface,mobilenet_0_25x,112x112,jetson-nano2,onnxruntime,CPU,F32,/,/,0.1,0.3,1.1,/,/,/,/,/,/,0.0,0.0,0.0,0.0,0.0,0.0,0.0,0.0,0.0,0.0,0.0,0.0,0.0,,,
age-gender-estimation,age-gender-insightface,mobilenet_0_25x,112x112,jetson-nano2,lne,GPU/CPU,F32,/,/,0.1,0.3,1.1,1.6,15.0,0.0,16.7,59.9,407771.6,38.5,1.6,37.8,1.6,3.9,4.0,60.9,3.1,0.0,34.3,23.2,3.5,0.7,,,
age-gender-estimation,age-gender-insightface,mobilenet_0_25x,112x112,jetson-nano2,tensorrt,GPU,F16,/,/,0.1,0.3,0.5,/,/,/,/,/,/,0.0,0.0,0.0,0.0,0.0,0.0,0.0,0.0,0.0,0.0,0.0,0.0,0.0,,,
age-gender-estimation,age-gender-insightface,mobilenet_0_25x,112x112,jetson-nano2,tensorrt,GPU,F32,/,/,0.1,0.3,1.1,/,/,/,/,/,/,0.0,0.0,0.0,0.0,0.0,0.0,0.0,0.0,0.0,0.0,0.0,0.0,0.0,,,
age-gender-estimation,age-gender-insightface,mobilenet_0_25x,112x112,jetson-nano2,ncnn,GPU,F16,/,/,0.1,0.3,0.5,1.6,3.0,0.2,4.8,207.2,1409314.4,22.5,0.9,21.6,0.9,2.9,3.0,56.7,1.6,0.0,34.3,23.5,3.3,2.6,,,
age-gender-estimation,age-gender-insightface,mobilenet_0_25x,112x112,jetson-nano2,ncnn,GPU,F32,/,/,0.1,0.3,1.1,1.6,2.9,0.2,4.7,213.9,1455352.2,22.4,0.9,21.6,0.9,2.9,3.0,56.1,3.4,0.0,34.5,23.3,3.4,2.6,,,
age-gender-estimation,age-gender-insightface,mobilenet_0_25x,112x112,jetson-nano2,onnxruntime,CPU,F32,/,/,0.1,0.3,1.1,/,/,/,/,/,/,0.0,0.0,0.0,0.0,0.0,0.0,0.0,0.0,0.0,0.0,0.0,0.0,0.0,,,
emotion-classification,emotion-classic-light-112x96,default_onnx,96x112,jetson-nano2,lne,CPU,F32,/,/,0.4,2.7,10.8,2.5,22.1,0.0,24.6,40.6,276043.3,22.3,0.5,22.0,0.9,3.8,4.0,59.9,0.0,0.0,34.4,23.0,3.5,2.1,,,
emotion-classification,emotion-classic-light-112x96,default_onnx,96x112,jetson-nano2,onnxruntime,CPU,F32,/,/,0.4,2.7,10.8,/,/,/,/,/,/,0.0,0.0,0.0,0.0,0.0,0.0,0.0,0.0,0.0,0.0,0.0,0.0,0.0,,,
emotion-classification,emotion-classic-light-112x96,default_onnx,96x112,jetson-nano2,lne,GPU/CPU,F32,/,/,0.4,2.7,10.8,2.4,13.0,0.0,15.5,64.7,440209.9,40.5,1.7,39.7,1.6,4.8,6.0,61.2,5.6,0.0,32.3,21.5,3.6,3.3,,,
emotion-classification,emotion-classic-light-112x96,default_onnx,96x112,jetson-nano2,tensorrt,GPU,F16,/,/,0.4,2.7,5.4,2.4,2.7,0.3,5.4,185.8,1264237.3,50.7,2.1,46.1,2.0,4.1,5.0,58.9,2.4,0.0,32.6,21.8,3.4,10.0,,,
emotion-classification,emotion-classic-light-112x96,default_onnx,96x112,jetson-nano2,tensorrt,GPU,F32,/,/,0.4,2.7,10.8,2.4,5.1,0.4,8.0,125.8,855536.0,51.6,2.1,47.4,2.0,5.8,7.0,58.4,3.4,0.0,32.3,21.5,3.5,6.4,,,
emotion-classification,emotion-classic-light-112x96,default_onnx,96x112,jetson-nano2,ncnn,GPU,F16,/,/,0.4,2.7,5.4,/,/,/,/,/,/,0.0,0.0,0.0,0.0,0.0,0.0,0.0,0.0,0.0,0.0,0.0,0.0,0.0,,,
emotion-classification,emotion-classic-light-112x96,default_onnx,96x112,jetson-nano2,ncnn,GPU,F32,/,/,0.4,2.7,10.8,/,/,/,/,/,/,0.0,0.0,0.0,0.0,0.0,0.0,0.0,0.0,0.0,0.0,0.0,0.0,0.0,,,
emotion-classification,emotion-classic-light-112x96,default_onnx,96x112,jetson-nano2,onnxruntime,CPU,F32,/,/,0.4,2.7,10.8,/,/,/,/,/,/,0.0,0.0,0.0,0.0,0.0,0.0,0.0,0.0,0.0,0.0,0.0,0.0,0.0,,,
emotion-classification,emotion-classic-light-112x96,moonshine_onnx,96x112,jetson-nano2,lne,CPU,F32,/,/,0.2,0.1,0.6,2.8,26.1,0.0,28.8,34.7,235835.8,22.5,0.5,22.3,0.9,3.8,4.0,61.2,0.0,0.0,34.7,23.1,3.5,1.1,,,
emotion-classification,emotion-classic-light-112x96,moonshine_onnx,96x112,jetson-nano2,onnxruntime,CPU,F32,/,/,0.2,0.1,0.6,2.9,82.0,0.0,84.9,11.8,80100.3,21.9,0.5,21.8,0.9,2.0,2.0,64.4,0.0,0.0,35.1,23.5,3.6,0.4,,,
emotion-classification,emotion-classic-light-112x96,moonshine_onnx,96x112,jetson-nano2,lne,GPU/CPU,F32,/,/,0.2,0.1,0.6,2.4,18.0,0.0,20.4,48.9,332849.4,40.1,1.7,39.3,1.6,4.5,5.0,61.1,5.2,0.0,31.9,21.4,3.6,1.5,,,
emotion-classification,emotion-classic-light-112x96,moonshine_onnx,96x112,jetson-nano2,tensorrt,GPU,F16,/,/,0.2,0.1,0.3,2.4,3.1,0.3,5.9,170.6,1160422.5,50.5,2.0,45.8,2.0,3.4,4.0,60.7,0.0,0.0,32.7,21.5,3.4,5.6,,,
emotion-classification,emotion-classic-light-112x96,moonshine_onnx,96x112,jetson-nano2,tensorrt,GPU,F32,/,/,0.2,0.1,0.6,2.4,3.6,0.3,6.3,158.0,1074565.7,50.3,2.0,45.7,1.9,4.0,5.0,60.1,7.9,0.0,32.3,21.5,3.5,5.0,,,
emotion-classification,emotion-classic-light-112x96,moonshine_onnx,96x112,jetson-nano2,ncnn,GPU,F16,/,/,0.2,0.1,0.3,2.5,5.5,0.2,8.1,122.7,835022.1,24.2,1.0,23.5,0.9,2.9,3.0,57.5,6.8,0.0,32.3,21.6,3.6,3.8,,,
emotion-classification,emotion-classic-light-112x96,moonshine_onnx,96x112,jetson-nano2,ncnn,GPU,F32,/,/,0.2,0.1,0.6,2.4,5.3,0.2,7.9,126.6,861154.5,23.8,1.0,23.1,0.9,2.8,3.0,57.3,7.1,0.0,32.4,21.8,3.6,3.9,,,
emotion-classification,emotion-classic-light-112x96,moonshine_onnx,96x112,jetson-nano2,onnxruntime,CPU,F32,/,/,0.2,0.1,0.6,2.8,80.1,0.0,82.9,12.1,82081.8,21.1,0.9,20.9,0.8,2.0,3.0,64.0,0.0,0.0,32.2,21.4,3.5,0.4,,,
emotion-classification,emotion-classic-light-112x96,student_g1,96x112,jetson-nano2,lne,CPU,F32,/,/,0.6,0.4,1.6,2.6,34.3,0.0,36.9,27.1,184388.3,22.5,0.5,22.3,0.9,3.7,4.0,61.4,0.0,0.0,36.1,24.8,3.6,2.3,,,
emotion-classification,emotion-classic-light-112x96,student_g1,96x112,jetson-nano2,onnxruntime,CPU,F32,/,/,0.6,0.4,1.6,2.8,150.2,0.0,153.1,6.5,44432.5,22.4,0.5,22.3,0.9,2.0,2.0,64.0,0.0,0.0,36.7,25.0,3.6,0.5,,,
emotion-classification,emotion-classic-light-112x96,student_g1,96x112,jetson-nano2,lne,GPU/CPU,F32,/,/,0.6,0.4,1.6,2.4,20.7,0.0,23.2,43.1,293410.2,38.5,1.6,37.8,1.6,4.9,6.0,60.9,6.1,0.0,33.4,22.2,3.6,3.6,,,
emotion-classification,emotion-classic-light-112x96,student_g1,96x112,jetson-nano2,tensorrt,GPU,F16,/,/,0.6,0.4,0.8,2.4,2.9,0.3,5.6,178.6,1214730.3,49.2,1.9,44.6,1.9,3.9,4.0,60.0,5.3,0.0,33.9,22.6,3.4,15.9,,,
emotion-classification,emotion-classic-light-112x96,student_g1,96x112,jetson-nano2,tensorrt,GPU,F32,/,/,0.6,0.4,1.6,2.4,4.1,0.3,6.9,145.4,988943.3,48.9,1.9,44.3,1.9,5.4,6.0,59.2,11.4,0.0,34.0,22.5,3.7,12.1,,,
emotion-classification,emotion-classic-light-112x96,student_g1,96x112,jetson-nano2,ncnn,GPU,F16,/,/,0.6,0.4,0.8,2.5,7.2,0.2,9.9,101.0,687311.3,22.4,1.0,21.6,0.9,4.1,5.0,57.7,17.0,0.0,33.6,22.5,3.7,8.4,,,
emotion-classification,emotion-classic-light-112x96,student_g1,96x112,jetson-nano2,ncnn,GPU,F32,/,/,0.6,0.4,1.6,2.4,7.2,0.2,9.9,101.5,690375.3,22.2,1.0,21.4,0.9,4.0,5.0,57.8,15.1,0.0,33.8,22.4,3.6,8.5,,,
emotion-classification,emotion-classic-light-112x96,student_g1,96x112,jetson-nano2,onnxruntime,CPU,F32,/,/,0.6,0.4,1.6,2.4,151.3,0.0,153.8,6.5,44224.8,19.5,0.9,19.4,0.8,2.0,3.0,64.0,0.0,0.0,33.5,22.5,3.6,0.5,,,
emotion-classification,emotion-classic-light-112x96,student_g16,96x112,jetson-nano2,lne,CPU,F32,/,/,0.1,0.1,0.3,3.0,28.1,0.0,31.1,32.2,218774.0,22.2,0.5,22.0,0.9,3.6,4.0,60.6,0.0,0.0,34.8,23.5,3.5,0.6,,,
emotion-classification,emotion-classic-light-112x96,student_g16,96x112,jetson-nano2,onnxruntime,CPU,F32,/,/,0.1,0.1,0.3,3.1,62.6,0.0,65.7,15.2,103494.9,21.9,0.5,21.7,0.9,2.0,2.0,64.6,0.0,0.0,35.0,23.5,3.6,0.3,,,
emotion-classification,emotion-classic-light-112x96,student_g16,96x112,jetson-nano2,lne,GPU/CPU,F32,/,/,0.1,0.1,0.3,2.4,18.2,0.0,20.7,48.4,329229.1,40.4,1.7,39.6,1.6,4.3,5.0,61.9,7.9,0.0,32.6,21.6,3.7,0.8,,,
emotion-classification,emotion-classic-light-112x96,student_g16,96x112,jetson-nano2,tensorrt,GPU,F16,/,/,0.1,0.1,0.2,2.5,8.4,0.3,11.2,89.5,608644.3,49.7,2.1,45.6,1.9,3.1,4.0,61.9,7.5,0.0,33.2,22.2,3.5,1.6,,,
emotion-classification,emotion-classic-light-112x96,student_g16,96x112,jetson-nano2,tensorrt,GPU,F32,/,/,0.1,0.1,0.3,2.5,8.6,0.3,11.4,87.4,594711.5,49.9,2.1,45.8,1.9,3.8,4.0,61.9,14.9,0.0,33.1,21.9,3.8,1.4,,,
emotion-classification,emotion-classic-light-112x96,student_g16,96x112,jetson-nano2,ncnn,GPU,F16,/,/,0.1,0.1,0.2,2.4,4.1,0.2,6.7,149.3,1015529.3,23.0,1.0,22.4,0.9,2.9,3.0,57.6,10.2,0.0,32.4,21.4,3.5,2.7,,,
emotion-classification,emotion-classic-light-112x96,student_g16,96x112,jetson-nano2,ncnn,GPU,F32,/,/,0.1,0.1,0.3,2.4,4.1,0.2,6.7,149.5,1016983.6,23.2,1.0,22.5,0.9,2.8,3.0,58.5,6.5,0.0,32.7,21.6,3.6,2.6,,,
emotion-classification,emotion-classic-light-112x96,student_g16,96x112,jetson-nano2,onnxruntime,CPU,F32,/,/,0.1,0.1,0.3,3.1,61.7,0.0,64.8,15.4,104953.5,20.6,0.9,20.5,0.8,2.0,2.0,64.6,0.0,0.0,32.5,21.6,3.6,0.3,,,
emotion-classification,emotion-classic-light-112x96,student_g2,96x112,jetson-nano2,lne,CPU,F32,/,/,0.4,0.2,0.9,2.8,27.2,0.0,30.0,33.3,226523.1,22.6,0.5,22.4,0.9,3.8,4.0,60.6,0.0,0.0,34.8,23.6,3.5,1.7,,,
emotion-classification,emotion-classic-light-112x96,student_g2,96x112,jetson-nano2,onnxruntime,CPU,F32,/,/,0.4,0.2,0.9,2.5,106.5,0.0,109.1,9.2,62364.2,22.3,0.5,22.2,0.9,2.0,2.0,64.1,0.0,0.0,35.3,24.0,3.6,0.4,,,
emotion-classification,emotion-classic-light-112x96,student_g2,96x112,jetson-nano2,lne,GPU/CPU,F32,/,/,0.4,0.2,0.9,2.4,16.9,0.0,19.3,51.7,351895.6,38.7,1.6,38.0,1.6,4.4,5.0,62.1,3.7,0.0,33.3,22.1,3.6,2.5,,,
emotion-classification,emotion-classic-light-112x96,student_g2,96x112,jetson-nano2,tensorrt,GPU,F16,/,/,0.4,0.2,0.5,2.4,2.7,0.3,5.4,184.0,1251672.0,49.7,2.1,45.0,1.9,3.6,4.0,60.0,1.1,0.0,33.2,22.2,3.4,9.5,,,
emotion-classification,emotion-classic-light-112x96,student_g2,96x112,jetson-nano2,tensorrt,GPU,F32,/,/,0.4,0.2,0.9,2.4,3.6,0.3,6.4,157.4,1070842.8,49.0,2.0,44.4,1.9,4.6,5.0,59.8,8.9,0.0,33.3,22.3,3.6,7.6,,,
emotion-classification,emotion-classic-light-112x96,student_g2,96x112,jetson-nano2,ncnn,GPU,F16,/,/,0.4,0.2,0.5,2.4,8.2,0.2,10.9,92.1,626843.4,22.4,1.0,21.8,0.9,2.9,3.0,55.0,15.8,0.0,33.5,22.6,3.7,4.4,,,
emotion-classification,emotion-classic-light-112x96,student_g2,96x112,jetson-nano2,ncnn,GPU,F32,/,/,0.4,0.2,0.9,2.5,8.3,0.2,11.0,91.2,620216.0,22.9,1.0,22.2,0.9,2.8,3.0,54.9,8.2,0.0,33.5,22.6,3.6,4.5,,,
emotion-classification,emotion-classic-light-112x96,student_g2,96x112,jetson-nano2,onnxruntime,CPU,F32,/,/,0.4,0.2,0.9,2.6,103.1,0.0,105.8,9.5,64320.9,19.9,0.9,19.8,0.8,2.0,3.0,64.4,0.0,0.0,33.2,22.3,3.6,0.5,,,
emotion-classification,emotion-classic-light-112x96,student_g32,96x112,jetson-nano2,lne,CPU,F32,/,/,0.1,0.1,0.3,3.0,39.4,0.0,42.4,23.6,160518.4,22.1,0.5,21.9,0.9,3.7,4.0,61.0,0.0,0.0,34.3,23.1,3.5,0.4,,,
emotion-classification,emotion-classic-light-112x96,student_g32,96x112,jetson-nano2,onnxruntime,CPU,F32,/,/,0.1,0.1,0.3,3.0,53.9,0.0,57.0,17.5,119324.9,22.8,0.5,22.6,0.9,2.0,2.0,63.8,0.0,0.0,34.9,23.6,3.5,0.3,,,
emotion-classification,emotion-classic-light-112x96,student_g32,96x112,jetson-nano2,lne,GPU/CPU,F32,/,/,0.1,0.1,0.3,2.4,14.5,0.0,16.9,59.2,402591.5,39.7,1.7,38.9,1.6,4.3,5.0,61.3,3.9,0.0,32.6,21.6,3.6,0.9,,,
emotion-classification,emotion-classic-light-112x96,student_g32,96x112,jetson-nano2,tensorrt,GPU,F16,/,/,0.1,0.1,0.1,2.4,5.5,0.3,8.3,120.9,822339.4,50.8,2.1,46.6,2.0,3.8,4.0,59.2,10.9,0.0,33.2,22.0,3.6,1.8,,,
emotion-classification,emotion-classic-light-112x96,student_g32,96x112,jetson-nano2,tensorrt,GPU,F32,/,/,0.1,0.1,0.3,2.4,5.5,0.3,8.2,122.6,834140.5,49.9,2.0,45.9,1.9,3.9,5.0,59.5,1.1,0.0,32.9,21.7,3.5,1.9,,,
emotion-classification,emotion-classic-light-112x96,student_g32,96x112,jetson-nano2,ncnn,GPU,F16,/,/,0.1,0.1,0.1,2.5,4.6,0.3,7.3,136.8,930970.3,23.3,1.0,22.6,0.9,2.9,3.0,57.9,2.8,0.0,32.1,21.4,3.5,2.1,,,
emotion-classification,emotion-classic-light-112x96,student_g32,96x112,jetson-nano2,ncnn,GPU,F32,/,/,0.1,0.1,0.3,2.4,4.5,0.2,7.2,139.2,947237.1,23.3,1.0,22.6,0.9,2.8,3.0,57.7,8.2,0.0,32.6,21.2,3.5,2.2,,,
emotion-classification,emotion-classic-light-112x96,student_g32,96x112,jetson-nano2,onnxruntime,CPU,F32,/,/,0.1,0.1,0.3,2.7,52.2,0.0,55.0,18.2,123685.2,20.7,0.9,20.6,0.8,2.0,2.0,64.2,0.0,0.0,32.3,21.4,3.5,0.3,,,
emotion-classification,emotion-classic-light-112x96,student_g4,96x112,jetson-nano2,lne,CPU,F32,/,/,0.2,0.1,0.6,2.8,26.1,0.0,28.9,34.6,235286.2,22.2,0.5,21.9,0.9,3.7,4.0,60.7,0.0,0.0,34.4,22.7,3.4,1.1,,,
emotion-classification,emotion-classic-light-112x96,student_g4,96x112,jetson-nano2,onnxruntime,CPU,F32,/,/,0.2,0.1,0.6,3.0,81.5,0.0,84.5,11.8,80493.6,22.7,0.5,22.5,0.9,2.0,2.0,63.9,0.0,0.0,34.7,23.3,3.6,0.4,,,
emotion-classification,emotion-classic-light-112x96,student_g4,96x112,jetson-nano2,lne,GPU/CPU,F32,/,/,0.2,0.1,0.6,2.5,18.0,0.0,20.5,48.8,331756.1,38.4,1.6,37.7,1.6,4.5,5.0,60.8,6.8,0.0,34.3,23.6,3.6,1.5,,,
emotion-classification,emotion-classic-light-112x96,student_g4,96x112,jetson-nano2,tensorrt,GPU,F16,/,/,0.2,0.1,0.3,2.6,2.8,0.3,5.6,178.0,1210653.3,49.0,2.0,44.4,1.9,3.4,4.0,60.5,3.0,0.0,35.1,24.0,3.3,5.9,,,
emotion-classification,emotion-classic-light-112x96,student_g4,96x112,jetson-nano2,tensorrt,GPU,F32,/,/,0.2,0.1,0.6,2.5,3.6,0.4,6.6,151.6,1031140.3,48.6,2.0,44.0,1.9,4.1,5.0,60.4,8.1,0.0,34.6,23.9,3.4,4.9,,,
emotion-classification,emotion-classic-light-112x96,student_g4,96x112,jetson-nano2,ncnn,GPU,F16,/,/,0.2,0.1,0.3,2.6,5.5,0.2,8.2,121.8,828343.1,21.9,0.9,21.2,0.8,2.9,3.0,57.7,4.0,0.0,34.7,23.8,3.6,3.8,,,
emotion-classification,emotion-classic-light-112x96,student_g4,96x112,jetson-nano2,ncnn,GPU,F32,/,/,0.2,0.1,0.6,2.5,5.4,0.2,8.0,124.4,846333.8,21.9,0.9,21.2,0.8,2.8,3.0,57.8,12.6,0.0,34.6,23.9,3.6,3.9,,,
emotion-classification,emotion-classic-light-112x96,student_g4,96x112,jetson-nano2,onnxruntime,CPU,F32,/,/,0.2,0.1,0.6,2.8,81.7,0.0,84.5,11.8,80465.9,19.3,0.9,19.1,0.7,2.0,3.0,64.4,0.0,0.0,34.6,23.6,3.6,0.4,,,
emotion-classification,emotion-classic-light-112x96,student_g8,96x112,jetson-nano2,lne,CPU,F32,/,/,0.2,0.1,0.4,3.2,25.8,0.0,29.0,34.5,234526.9,21.8,0.5,21.6,0.8,3.6,4.0,60.1,0.0,0.0,34.5,23.2,3.4,0.8,,,
emotion-classification,emotion-classic-light-112x96,student_g8,96x112,jetson-nano2,onnxruntime,CPU,F32,/,/,0.2,0.1,0.4,2.9,67.6,0.0,70.6,14.2,96375.3,22.0,0.5,21.9,0.9,2.0,2.0,64.4,0.0,0.0,34.9,23.6,3.6,0.3,,,
emotion-classification,emotion-classic-light-112x96,student_g8,96x112,jetson-nano2,lne,GPU/CPU,F32,/,/,0.2,0.1,0.4,2.4,17.4,0.0,19.9,50.3,342100.0,39.2,1.6,38.5,1.6,4.3,5.0,62.2,4.7,0.0,32.6,21.7,3.6,1.1,,,
emotion-classification,emotion-classic-light-112x96,student_g8,96x112,jetson-nano2,tensorrt,GPU,F16,/,/,0.2,0.1,0.2,2.4,4.2,0.3,6.9,145.6,990820.0,49.4,2.1,45.4,1.9,3.6,4.0,61.4,8.2,0.0,33.2,21.9,3.4,3.4,,,
emotion-classification,emotion-classic-light-112x96,student_g8,96x112,jetson-nano2,tensorrt,GPU,F32,/,/,0.2,0.1,0.4,2.4,4.6,0.3,7.3,136.8,930530.9,49.8,2.1,45.8,1.9,4.0,5.0,62.0,5.8,0.0,33.3,21.9,3.5,3.1,,,
emotion-classification,emotion-classic-light-112x96,student_g8,96x112,jetson-nano2,ncnn,GPU,F16,/,/,0.2,0.1,0.2,2.4,3.8,0.2,6.5,154.5,1050804.1,22.9,1.0,22.2,0.9,2.9,3.0,58.0,9.0,0.0,32.7,21.8,3.4,3.6,,,
emotion-classification,emotion-classic-light-112x96,student_g8,96x112,jetson-nano2,ncnn,GPU,F32,/,/,0.2,0.1,0.4,2.4,3.8,0.2,6.5,154.7,1052219.7,22.8,1.0,22.1,0.9,2.8,3.0,57.7,5.1,0.0,32.9,21.9,3.4,3.5,,,
emotion-classification,emotion-classic-light-112x96,student_g8,96x112,jetson-nano2,onnxruntime,CPU,F32,/,/,0.2,0.1,0.4,2.9,65.7,0.0,68.7,14.6,99094.4,20.0,0.9,19.9,0.8,2.0,3.0,64.2,0.0,0.0,33.0,22.0,3.6,0.3,,,
emotion-classification,emotion-classic-light-112x96,teacher_onnx,96x112,jetson-nano2,lne,CPU,F32,/,/,0.5,8.5,33.8,2.5,33.3,0.0,35.9,27.9,189686.6,22.9,0.5,22.6,0.9,4.6,5.0,61.0,0.0,0.0,35.3,23.7,3.6,2.0,,,
emotion-classification,emotion-classic-light-112x96,teacher_onnx,96x112,jetson-nano2,onnxruntime,CPU,F32,/,/,0.5,8.5,33.8,2.9,156.9,0.0,159.8,6.3,42566.2,22.6,0.5,22.6,0.9,2.2,3.0,64.3,0.0,0.0,35.9,24.4,3.6,0.4,,,
emotion-classification,emotion-classic-light-112x96,teacher_onnx,96x112,jetson-nano2,lne,GPU/CPU,F32,/,/,0.5,8.5,33.8,2.4,16.8,0.0,19.2,52.0,353844.9,40.1,1.6,39.2,1.6,5.7,7.0,60.0,4.6,0.0,33.4,22.2,3.7,3.6,,,
emotion-classification,emotion-classic-light-112x96,teacher_onnx,96x112,jetson-nano2,tensorrt,GPU,F16,/,/,0.5,8.5,16.9,2.4,3.5,0.4,6.3,158.3,1076759.7,51.6,2.2,46.5,2.0,5.4,6.0,59.0,5.1,0.0,34.0,22.8,3.5,11.6,,,
emotion-classification,emotion-classic-light-112x96,teacher_onnx,96x112,jetson-nano2,tensorrt,GPU,F32,/,/,0.5,8.5,33.8,2.4,5.5,0.3,8.3,121.0,822868.6,51.9,2.1,47.5,2.0,7.9,9.0,58.0,3.1,0.0,33.6,22.3,3.6,8.7,,,
emotion-classification,emotion-classic-light-112x96,teacher_onnx,96x112,jetson-nano2,ncnn,GPU,F16,/,/,0.5,8.5,16.9,2.5,9.0,0.2,11.7,85.5,581777.7,24.9,1.1,24.0,1.0,4.7,6.0,55.2,16.3,0.0,33.1,22.3,3.6,6.1,,,
emotion-classification,emotion-classic-light-112x96,teacher_onnx,96x112,jetson-nano2,ncnn,GPU,F32,/,/,0.5,8.5,33.8,2.5,9.2,0.2,11.8,84.4,574242.6,23.7,1.0,22.9,0.9,4.6,6.0,54.7,9.6,0.0,33.4,22.7,3.6,6.0,,,
emotion-classification,emotion-classic-light-112x96,teacher_onnx,96x112,jetson-nano2,onnxruntime,CPU,F32,/,/,0.5,8.5,33.8,2.8,156.0,0.0,158.9,6.3,42823.7,20.6,1.0,20.5,0.8,2.3,3.0,64.5,0.0,0.0,33.6,22.4,3.6,0.5,,,
eyegaze,eyegaze-rankgaze,mobilefacenet-mpiigaze,224x224,jetson-nano2,lne,CPU,F32,Avg MAE,5.66,1.9,4.2,16.6,5.9,355.1,0.0,361.1,2.8,18842.3,23.1,0.5,23.0,0.9,4.3,5.0,63.4,0.0,0.0,36.0,24.3,3.9,0.7,,,
eyegaze,eyegaze-rankgaze,mobilefacenet-mpiigaze,224x224,jetson-nano2,onnxruntime,CPU,F32,Avg MAE,5.66,1.9,4.2,16.6,5.9,579.7,0.0,585.7,1.7,11616.2,22.7,0.5,22.7,0.9,2.9,3.0,63.9,0.0,0.0,37.2,25.4,3.8,0.4,,,
eyegaze,eyegaze-rankgaze,mobilefacenet-mpiigaze,224x224,jetson-nano2,lne,GPU/CPU,F32,Avg MAE,5.66,1.9,4.2,16.6,5.9,57.6,0.0,63.5,15.7,107090.0,39.1,1.6,38.6,1.6,12.1,17.0,58.9,30.3,0.0,36.6,25.2,4.7,3.2,,,
eyegaze,eyegaze-rankgaze,mobilefacenet-mpiigaze,224x224,jetson-nano2,tensorrt,GPU,F16,Avg MAE,5.66,1.9,4.2,8.3,5.9,22.2,0.5,28.6,35.0,237780.7,49.3,2.1,46.4,1.9,10.4,12.0,54.2,33.9,0.0,39.3,27.4,4.7,7.0,,,
eyegaze,eyegaze-rankgaze,mobilefacenet-mpiigaze,224x224,jetson-nano2,tensorrt,GPU,F32,Avg MAE,5.66,1.9,4.2,16.6,5.9,22.3,0.5,28.7,34.8,236829.6,49.5,2.1,46.6,1.9,10.6,13.0,54.4,2.8,0.0,39.2,26.8,4.5,7.3,,,
eyegaze,eyegaze-rankgaze,mobilefacenet-mpiigaze,224x224,jetson-nano2,ncnn,GPU,F16,Avg MAE,5.66,1.9,4.2,8.3,6.0,27.6,0.2,33.8,29.5,201021.0,23.9,1.0,23.3,0.9,7.6,9.0,51.9,40.6,0.0,37.5,26.0,4.7,6.0,,,
eyegaze,eyegaze-rankgaze,mobilefacenet-mpiigaze,224x224,jetson-nano2,ncnn,GPU,F32,Avg MAE,5.66,1.9,4.2,16.6,5.9,27.6,0.3,33.9,29.5,200877.7,24.0,1.0,23.4,0.9,7.4,9.0,52.1,29.5,0.0,37.9,26.5,4.6,6.1,,,
eyegaze,eyegaze-rankgaze,mobilefacenet-mpiigaze,224x224,jetson-nano2,onnxruntime,CPU,F32,Avg MAE,5.66,1.9,4.2,16.6,5.9,581.0,0.0,586.9,1.7,11591.7,19.3,0.9,19.3,0.8,2.9,6.0,64.0,0.0,0.0,36.3,25.3,3.8,0.4,,,
eyegaze,eyegaze-rankgaze,mobilefacenet-mpiigaze-righteye-t50,32x32,jetson-nano2,lne,CPU,F32,Avg MAE,5.9,0.0,4.1,16.2,0.3,11.3,0.0,11.6,85.9,584468.2,22.1,0.5,21.9,0.9,2.8,3.0,58.6,0.0,0.0,33.7,22.8,3.3,0.6,,,
eyegaze,eyegaze-rankgaze,mobilefacenet-mpiigaze-righteye-t50,32x32,jetson-nano2,onnxruntime,CPU,F32,Avg MAE,5.9,0.0,4.1,16.2,0.3,62.4,0.0,62.8,15.9,108340.9,22.1,0.5,22.0,0.9,2.0,2.0,64.5,0.0,0.0,34.2,23.2,3.5,0.1,,,
eyegaze,eyegaze-rankgaze,mobilefacenet-mpiigaze-righteye-t50,32x32,jetson-nano2,lne,GPU/CPU,F32,Avg MAE,5.9,0.0,4.1,16.2,0.3,10.4,0.0,10.8,92.7,630921.6,31.8,1.4,31.0,1.2,3.1,4.0,58.5,0.8,0.0,34.9,24.1,3.4,0.6,,,
eyegaze,eyegaze-rankgaze,mobilefacenet-mpiigaze-righteye-t50,32x32,jetson-nano2,tensorrt,GPU,F16,Avg MAE,5.9,0.0,4.1,8.1,0.4,7.8,0.3,8.4,119.1,809986.1,49.1,2.0,44.8,1.9,3.9,5.0,60.4,5.5,0.0,36.9,25.9,3.6,0.7,,,
eyegaze,eyegaze-rankgaze,mobilefacenet-mpiigaze-righteye-t50,32x32,jetson-nano2,tensorrt,GPU,F32,Avg MAE,5.9,0.0,4.1,16.2,0.3,7.7,0.3,8.4,119.0,809694.0,48.8,2.0,44.6,1.9,4.2,5.0,60.3,1.5,0.0,36.5,25.1,3.5,0.8,,,
eyegaze,eyegaze-rankgaze,mobilefacenet-mpiigaze-righteye-t50,32x32,jetson-nano2,ncnn,GPU,F16,Avg MAE,5.9,0.0,4.1,8.1,0.3,4.2,0.2,4.7,211.3,1437722.3,21.4,1.0,20.4,0.8,2.9,3.0,58.5,12.4,0.0,35.3,24.3,3.4,1.4,,,
eyegaze,eyegaze-rankgaze,mobilefacenet-mpiigaze-righteye-t50,32x32,jetson-nano2,ncnn,GPU,F32,Avg MAE,5.9,0.0,4.1,16.2,0.3,4.4,0.2,4.9,206.2,1402532.9,21.5,1.0,20.6,0.8,2.7,3.0,57.5,6.9,0.0,35.6,24.5,3.4,1.4,,,
eyegaze,eyegaze-rankgaze,mobilefacenet-mpiigaze-righteye-t50,32x32,jetson-nano2,onnxruntime,CPU,F32,Avg MAE,5.9,0.0,4.1,16.2,0.3,63.6,0.0,64.0,15.6,106376.9,18.3,0.9,18.1,0.7,2.0,2.0,64.4,0.0,0.0,36.1,25.0,3.5,0.1,,,
eyegaze,eyegaze-rankgaze,mobilefacenet-mpiigaze-righteye-t50,48x32,jetson-nano2,lne,CPU,F32,Avg MAE,7.25,0.1,4.1,16.2,0.4,14.7,0.0,15.1,66.2,450319.9,22.6,0.5,22.4,0.9,2.9,3.0,58.3,0.0,0.0,33.6,22.6,3.3,0.6,,,
eyegaze,eyegaze-rankgaze,mobilefacenet-mpiigaze-righteye-t50,48x32,jetson-nano2,onnxruntime,CPU,F32,Avg MAE,7.25,0.1,4.1,16.2,0.4,73.6,0.0,74.0,13.5,91974.6,22.5,0.5,22.4,0.9,2.0,2.0,64.2,0.0,0.0,33.9,23.1,3.5,0.1,,,
eyegaze,eyegaze-rankgaze,mobilefacenet-mpiigaze-righteye-t50,48x32,jetson-nano2,lne,GPU/CPU,F32,Avg MAE,7.25,0.1,4.1,16.2,/,/,/,/,/,/,0.0,0.0,0.0,0.0,0.0,0.0,0.0,0.0,0.0,0.0,0.0,0.0,0.0,,,
eyegaze,eyegaze-rankgaze,mobilefacenet-mpiigaze-righteye-t50,48x32,jetson-nano2,tensorrt,GPU,F16,Avg MAE,7.25,0.1,4.1,8.1,0.4,7.3,0.3,8.0,125.5,854104.2,49.0,2.1,44.8,1.9,3.9,5.0,61.4,7.0,0.0,37.0,25.8,3.5,1.1,,,
eyegaze,eyegaze-rankgaze,mobilefacenet-mpiigaze-righteye-t50,48x32,jetson-nano2,tensorrt,GPU,F32,Avg MAE,7.25,0.1,4.1,16.2,0.4,7.7,0.4,8.4,118.6,806940.4,48.8,2.0,44.6,1.9,4.2,5.0,60.9,12.0,0.0,36.4,25.1,3.5,1.1,,,
eyegaze,eyegaze-rankgaze,mobilefacenet-mpiigaze-righteye-t50,48x32,jetson-nano2,ncnn,GPU,F16,Avg MAE,7.25,0.1,4.1,8.1,0.4,4.4,0.2,5.0,201.2,1368669.7,22.4,1.0,21.4,0.9,2.9,3.0,57.7,7.7,0.0,35.4,24.4,3.4,1.9,,,
eyegaze,eyegaze-rankgaze,mobilefacenet-mpiigaze-righteye-t50,48x32,jetson-nano2,ncnn,GPU,F32,Avg MAE,7.25,0.1,4.1,16.2,0.4,4.3,0.2,4.9,204.9,1394043.1,21.9,1.0,21.0,0.9,2.7,3.0,58.3,4.0,0.0,35.6,25.0,3.4,1.9,,,
eyegaze,eyegaze-rankgaze,mobilefacenet-mpiigaze-righteye-t50,48x32,jetson-nano2,onnxruntime,CPU,F32,Avg MAE,7.25,0.1,4.1,16.2,0.4,74.9,0.0,75.3,13.3,90392.2,19.1,0.9,18.9,0.7,2.0,3.0,64.2,0.0,0.0,36.4,25.4,3.5,0.1,,,
eyegaze,eyegaze-rankgaze,mobilefacenet-mpiigaze-righteye-t50,64x48,jetson-nano2,lne,CPU,F32,Avg MAE,6.32,0.1,4.1,16.2,0.5,25.0,0.0,25.6,39.1,266259.9,22.1,0.5,21.9,0.9,2.9,3.0,59.9,0.0,0.0,34.0,23.2,3.5,0.7,,,
eyegaze,eyegaze-rankgaze,mobilefacenet-mpiigaze-righteye-t50,64x48,jetson-nano2,onnxruntime,CPU,F32,Avg MAE,6.32,0.1,4.1,16.2,0.5,91.1,0.0,91.7,10.9,74207.8,23.2,0.5,23.1,0.9,2.0,3.0,64.8,0.0,0.0,34.5,23.4,3.5,0.2,,,
eyegaze,eyegaze-rankgaze,mobilefacenet-mpiigaze-righteye-t50,64x48,jetson-nano2,lne,GPU/CPU,F32,Avg MAE,6.32,0.1,4.1,16.2,/,/,/,/,/,/,0.0,0.0,0.0,0.0,0.0,0.0,0.0,0.0,0.0,0.0,0.0,0.0,0.0,,,
eyegaze,eyegaze-rankgaze,mobilefacenet-mpiigaze-righteye-t50,64x48,jetson-nano2,tensorrt,GPU,F16,Avg MAE,6.32,0.1,4.1,8.1,0.5,5.9,0.3,6.7,148.6,1010624.7,49.4,2.1,44.6,1.9,4.0,5.0,60.6,14.0,0.0,36.6,25.4,3.6,2.5,,,
eyegaze,eyegaze-rankgaze,mobilefacenet-mpiigaze-righteye-t50,64x48,jetson-nano2,tensorrt,GPU,F32,Avg MAE,6.32,0.1,4.1,16.2,0.5,4.8,0.3,5.5,180.8,1230252.3,49.6,2.1,44.8,1.9,4.6,5.0,60.3,4.0,0.0,36.0,24.6,3.6,3.0,,,
eyegaze,eyegaze-rankgaze,mobilefacenet-mpiigaze-righteye-t50,64x48,jetson-nano2,ncnn,GPU,F16,Avg MAE,6.32,0.1,4.1,8.1,0.5,5.1,0.2,5.8,173.6,1180799.6,22.4,1.0,21.6,0.9,2.9,3.0,57.3,11.1,0.0,35.0,24.2,3.4,3.1,,,
eyegaze,eyegaze-rankgaze,mobilefacenet-mpiigaze-righteye-t50,64x48,jetson-nano2,ncnn,GPU,F32,Avg MAE,6.32,0.1,4.1,16.2,0.5,5.2,0.2,5.9,170.3,1158876.7,22.7,1.0,21.8,0.9,2.8,3.0,57.5,5.8,0.0,35.6,24.5,3.4,3.0,,,
eyegaze,eyegaze-rankgaze,mobilefacenet-mpiigaze-righteye-t50,64x48,jetson-nano2,onnxruntime,CPU,F32,Avg MAE,6.32,0.1,4.1,16.2,0.5,93.4,0.0,93.9,10.6,72417.7,19.2,0.9,19.0,0.7,2.0,3.0,64.5,0.0,0.0,36.0,24.8,3.6,0.2,,,
eyegaze,eyegaze-rankgaze,mobilefacenet-mpiigaze-righteye-t50,64x64,jetson-nano2,lne,CPU,F32,Avg MAE,5.82,0.2,4.1,16.2,0.6,33.4,0.0,34.0,29.4,200012.8,22.2,0.5,22.0,0.9,2.7,3.0,59.7,0.0,0.0,34.2,22.9,3.5,0.7,,,
eyegaze,eyegaze-rankgaze,mobilefacenet-mpiigaze-righteye-t50,64x64,jetson-nano2,onnxruntime,CPU,F32,Avg MAE,5.82,0.2,4.1,16.2,0.6,105.6,0.0,106.3,9.4,64023.0,22.8,0.5,22.7,0.9,2.0,2.0,64.4,0.0,0.0,34.5,23.2,3.6,0.2,,,
eyegaze,eyegaze-rankgaze,mobilefacenet-mpiigaze-righteye-t50,64x64,jetson-nano2,lne,GPU/CPU,F32,Avg MAE,5.82,0.2,4.1,16.2,0.6,26.0,0.0,26.7,37.5,254819.8,39.3,1.6,38.7,1.6,3.7,4.0,61.4,4.5,0.0,34.7,23.6,3.7,0.8,,,
eyegaze,eyegaze-rankgaze,mobilefacenet-mpiigaze-righteye-t50,64x64,jetson-nano2,tensorrt,GPU,F16,Avg MAE,5.82,0.2,4.1,8.1,0.6,6.2,0.3,7.1,140.5,955973.0,49.9,2.1,45.6,1.9,4.2,5.0,60.2,5.9,0.0,36.7,25.2,3.6,3.1,,,
eyegaze,eyegaze-rankgaze,mobilefacenet-mpiigaze-righteye-t50,64x64,jetson-nano2,tensorrt,GPU,F32,Avg MAE,5.82,0.2,4.1,16.2,0.7,5.0,0.3,6.0,167.7,1140928.0,49.6,2.1,44.8,1.9,4.6,5.0,60.9,7.1,0.0,35.7,24.6,3.6,3.8,,,
eyegaze,eyegaze-rankgaze,mobilefacenet-mpiigaze-righteye-t50,64x64,jetson-nano2,ncnn,GPU,F16,Avg MAE,5.82,0.2,4.1,8.1,0.6,5.5,0.2,6.3,159.1,1082468.4,22.8,1.0,22.0,0.9,2.9,3.0,56.6,7.0,0.0,34.5,23.6,3.4,3.7,,,
eyegaze,eyegaze-rankgaze,mobilefacenet-mpiigaze-righteye-t50,64x64,jetson-nano2,ncnn,GPU,F32,Avg MAE,5.82,0.2,4.1,16.2,0.6,5.5,0.2,6.3,158.7,1079839.6,23.0,1.0,22.1,0.9,2.8,3.0,57.6,11.4,0.0,34.9,23.9,3.5,3.6,,,
eyegaze,eyegaze-rankgaze,mobilefacenet-mpiigaze-righteye-t50,64x64,jetson-nano2,onnxruntime,CPU,F32,Avg MAE,5.82,0.2,4.1,16.2,0.6,103.8,0.0,104.5,9.6,65083.1,19.7,0.9,19.6,0.8,2.0,3.0,64.5,0.0,0.0,34.9,23.9,3.6,0.2,,,
eyegaze,eyegaze-rankgaze,resnet50-mpiigaze,224x224,jetson-nano2,lne,CPU,F32,/,/,8.2,25.6,102.3,6.1,702.6,0.0,708.7,1.4,9599.1,30.3,0.8,30.2,1.2,4.8,5.0,64.0,0.0,0.0,38.1,26.3,4.1,1.4,,,
eyegaze,eyegaze-rankgaze,resnet50-mpiigaze,224x224,jetson-nano2,onnxruntime,CPU,F32,/,/,8.2,25.6,102.3,6.0,1798.6,0.0,1804.6,0.6,3769.8,25.0,0.6,25.0,1.0,2.1,3.0,63.8,0.0,0.0,38.9,27.0,3.8,0.6,,,
eyegaze,eyegaze-rankgaze,resnet50-mpiigaze,224x224,jetson-nano2,lne,GPU/CPU,F32,/,/,8.2,25.6,102.3,6.0,193.4,0.0,199.4,5.0,34116.4,47.7,1.8,47.3,1.9,15.9,19.0,59.7,19.6,0.0,37.7,26.6,5.0,4.1,,,
eyegaze,eyegaze-rankgaze,resnet50-mpiigaze,224x224,jetson-nano2,tensorrt,GPU,F16,/,/,8.2,25.6,51.2,6.1,30.7,0.5,37.3,26.8,182593.8,52.6,2.2,49.9,2.0,11.3,13.0,52.5,48.9,0.0,40.7,28.5,5.0,22.0,,,
eyegaze,eyegaze-rankgaze,resnet50-mpiigaze,224x224,jetson-nano2,tensorrt,GPU,F32,/,/,8.2,25.6,102.3,6.3,55.1,0.5,62.0,16.1,109782.7,56.7,2.2,54.5,2.2,17.6,21.0,50.2,48.6,0.0,42.2,28.8,5.9,11.2,,,
eyegaze,eyegaze-rankgaze,resnet50-mpiigaze,224x224,jetson-nano2,ncnn,GPU,F16,/,/,8.2,25.6,51.2,6.0,109.9,0.2,116.1,8.6,58615.5,38.0,1.5,37.2,1.5,10.3,11.0,44.7,70.6,0.0,41.5,28.8,5.8,6.1,,,
eyegaze,eyegaze-rankgaze,resnet50-mpiigaze,224x224,jetson-nano2,ncnn,GPU,F32,/,/,8.2,25.6,102.3,5.9,109.9,0.2,116.0,8.6,58645.1,39.7,1.6,38.9,1.5,10.2,11.0,44.6,63.6,0.0,41.9,29.4,5.8,6.1,,,
eyegaze,eyegaze-rankgaze,resnet50-mpiigaze,224x224,jetson-nano2,onnxruntime,CPU,F32,/,/,8.2,25.6,102.3,5.9,1798.5,0.0,1804.4,0.6,3770.1,21.5,1.0,21.5,0.8,2.1,7.0,63.9,0.0,0.0,38.5,27.1,3.8,0.6,,,
headpose-estimation,headpose-rankpose,mobilefacenetfc512,112x112,jetson-nano2,lne,CPU,F32,Avg MAE,4.4,0.5,6.2,25.0,2.5,66.7,0.0,69.2,14.4,98272.5,22.8,0.5,22.6,0.9,3.0,3.0,61.0,0.0,0.0,34.5,23.3,3.6,1.0,,,
headpose-estimation,headpose-rankpose,mobilefacenetfc512,112x112,jetson-nano2,onnxruntime,CPU,F32,Avg MAE,4.4,0.5,6.2,25.0,2.6,231.1,0.2,233.9,4.3,29085.2,22.8,0.5,22.7,0.9,2.0,3.0,64.0,0.0,0.0,35.0,23.9,3.6,0.3,,,
headpose-estimation,headpose-rankpose,mobilefacenetfc512,112x112,jetson-nano2,lne,GPU/CPU,F32,Avg MAE,4.4,0.5,6.2,25.0,2.5,33.8,0.0,36.2,27.6,187693.4,38.2,1.6,37.6,1.5,5.5,7.0,61.0,16.2,0.0,35.0,24.0,4.0,1.7,,,
headpose-estimation,headpose-rankpose,mobilefacenetfc512,112x112,jetson-nano2,tensorrt,GPU,F16,Avg MAE,4.4,0.5,6.2,12.5,2.5,8.2,0.5,11.2,89.0,605166.7,48.2,2.2,44.3,1.9,5.7,6.0,57.0,8.1,0.0,36.4,24.8,3.8,5.7,,,
headpose-estimation,headpose-rankpose,mobilefacenetfc512,112x112,jetson-nano2,tensorrt,GPU,F32,Avg MAE,4.4,0.5,6.2,25.0,2.5,9.1,0.5,12.1,82.7,562728.6,47.7,2.1,43.8,1.8,6.7,8.0,56.9,21.9,0.0,34.8,23.6,3.9,5.1,,,
headpose-estimation,headpose-rankpose,mobilefacenetfc512,112x112,jetson-nano2,onnxruntime,CPU,F32,Avg MAE,4.4,0.5,6.2,25.0,2.4,227.4,0.0,229.9,4.3,29590.2,18.1,1.0,18.0,0.7,2.0,3.0,64.1,0.0,0.0,35.5,24.4,3.7,0.3,,,
headpose-estimation,headpose-rankpose,mobilefacenetfc512,192x224,jetson-nano2,lne,CPU,F32,Avg MAE,4.63,1.6,6.3,25.2,5.1,224.5,0.0,229.7,4.4,29621.0,23.0,0.5,23.0,0.9,3.7,4.0,62.8,0.0,0.0,35.8,24.5,3.8,0.9,,,
headpose-estimation,headpose-rankpose,mobilefacenetfc512,192x224,jetson-nano2,onnxruntime,CPU,F32,Avg MAE,4.63,1.6,6.3,25.2,5.1,537.2,0.1,542.5,1.8,12539.7,23.7,0.5,23.7,0.9,2.9,3.0,63.8,0.0,0.0,36.4,25.1,3.7,0.4,,,
headpose-estimation,headpose-rankpose,mobilefacenetfc512,192x224,jetson-nano2,lne,GPU/CPU,F32,Avg MAE,4.63,1.6,6.3,25.2,/,/,/,/,/,/,0.0,0.0,0.0,0.0,0.0,0.0,0.0,0.0,0.0,0.0,0.0,0.0,0.0,,,
headpose-estimation,headpose-rankpose,mobilefacenetfc512,192x224,jetson-nano2,tensorrt,GPU,F16,Avg MAE,4.63,1.6,6.3,12.6,5.1,19.4,0.5,25.0,40.1,272647.8,48.1,2.1,45.2,1.9,9.9,11.0,54.1,31.0,0.0,38.2,26.8,4.5,7.2,,,
headpose-estimation,headpose-rankpose,mobilefacenetfc512,192x224,jetson-nano2,tensorrt,GPU,F32,Avg MAE,4.63,1.6,6.3,25.2,5.1,20.3,0.5,25.8,38.7,263294.0,48.4,2.1,45.5,1.9,10.1,12.0,54.1,22.7,0.0,37.3,25.7,4.5,7.0,,,
headpose-estimation,headpose-rankpose,mobilefacenetfc512,192x224,jetson-nano2,onnxruntime,CPU,F32,Avg MAE,4.63,1.6,6.3,25.2,5.1,532.5,0.0,537.7,1.9,12652.8,19.8,0.9,19.7,0.8,2.9,3.0,64.1,0.0,0.0,37.4,25.9,3.8,0.4,,,
headpose-estimation,headpose-rankpose,mobilefacenetfc512,224x224,jetson-nano2,lne,CPU,F32,Avg MAE,4.43,1.9,6.3,25.3,5.9,362.5,0.0,368.5,2.7,18460.5,23.3,0.5,23.2,0.9,4.3,5.0,63.3,0.0,0.0,36.0,24.5,3.9,0.7,,,
headpose-estimation,headpose-rankpose,mobilefacenetfc512,224x224,jetson-nano2,onnxruntime,CPU,F32,Avg MAE,4.43,1.9,6.3,25.3,5.9,643.6,0.1,649.5,1.5,10473.9,23.1,0.5,23.1,0.9,3.0,3.0,63.9,0.0,0.0,37.2,25.5,3.8,0.4,,,
headpose-estimation,headpose-rankpose,mobilefacenetfc512,224x224,jetson-nano2,lne,GPU/CPU,F32,Avg MAE,4.43,1.9,6.3,25.3,5.9,57.8,0.0,63.8,15.7,106692.2,39.2,1.6,38.7,1.6,12.0,16.0,58.7,28.8,0.0,36.8,25.2,4.6,3.2,,,
headpose-estimation,headpose-rankpose,mobilefacenetfc512,224x224,jetson-nano2,tensorrt,GPU,F16,Avg MAE,4.43,1.9,6.3,12.6,6.0,22.5,0.5,29.0,34.4,234226.1,50.1,2.1,47.1,1.9,10.6,12.0,53.9,22.8,0.0,39.9,27.7,4.6,7.0,,,
headpose-estimation,headpose-rankpose,mobilefacenetfc512,224x224,jetson-nano2,tensorrt,GPU,F32,Avg MAE,4.43,1.9,6.3,25.3,5.9,22.9,0.5,29.4,34.0,231446.6,49.8,2.1,46.9,1.9,11.2,13.0,53.6,34.0,0.0,39.3,26.8,4.7,6.9,,,
headpose-estimation,headpose-rankpose,mobilefacenetfc512,224x224,jetson-nano2,ncnn,GPU,F16,Avg MAE,4.43,1.9,6.3,12.6,6.1,28.4,0.2,34.7,28.8,196251.2,23.9,1.1,23.2,0.9,7.6,9.0,51.2,56.8,0.0,37.8,26.6,4.7,5.9,,,
headpose-estimation,headpose-rankpose,mobilefacenetfc512,224x224,jetson-nano2,ncnn,GPU,F32,Avg MAE,4.43,1.9,6.3,25.3,5.9,28.5,0.2,34.6,28.9,196639.1,24.2,1.1,23.5,0.9,7.4,9.0,51.4,30.1,0.0,38.5,27.0,4.6,6.0,,,
headpose-estimation,headpose-rankpose,mobilefacenetfc512,224x224,jetson-nano2,onnxruntime,CPU,F32,Avg MAE,4.43,1.9,6.3,25.3,5.9,648.3,0.1,654.3,1.5,10397.7,19.8,1.0,19.7,0.8,3.0,6.0,63.9,0.0,0.0,36.8,25.5,3.8,0.4,,,
headpose-estimation,headpose-rankpose,mobilefacenetfc512,96x112,jetson-nano2,lne,CPU,F32,Avg MAE,4.63,0.4,6.2,25.0,2.3,58.2,0.0,60.6,16.5,112348.8,22.3,0.5,22.2,0.9,3.0,3.0,60.8,0.0,0.0,34.3,23.0,3.6,0.9,,,
headpose-estimation,headpose-rankpose,mobilefacenetfc512,96x112,jetson-nano2,onnxruntime,CPU,F32,Avg MAE,4.63,0.4,6.2,25.0,2.3,212.6,0.0,214.9,4.7,31653.2,22.3,0.5,22.3,0.9,2.0,3.0,63.9,0.0,0.0,34.6,23.6,3.5,0.3,,,
headpose-estimation,headpose-rankpose,mobilefacenetfc512,96x112,jetson-nano2,lne,GPU/CPU,F32,Avg MAE,4.63,0.4,6.2,25.0,/,/,/,/,/,/,0.0,0.0,0.0,0.0,0.0,0.0,0.0,0.0,0.0,0.0,0.0,0.0,0.0,,,
headpose-estimation,headpose-rankpose,mobilefacenetfc512,96x112,jetson-nano2,tensorrt,GPU,F16,Avg MAE,4.63,0.4,6.2,12.5,2.2,8.0,0.3,10.6,94.5,642752.3,48.0,2.1,44.1,1.9,5.7,6.0,58.1,15.8,0.0,36.3,25.3,3.9,5.0,,,
headpose-estimation,headpose-rankpose,mobilefacenetfc512,96x112,jetson-nano2,tensorrt,GPU,F32,Avg MAE,4.63,0.4,6.2,25.0,2.3,8.5,0.4,11.1,90.0,612404.0,47.9,2.1,44.1,1.9,6.4,7.0,57.8,11.6,0.0,35.4,24.5,3.8,4.9,,,
headpose-estimation,headpose-rankpose,mobilefacenetfc512,96x112,jetson-nano2,onnxruntime,CPU,F32,Avg MAE,4.63,0.4,6.2,25.0,2.2,210.6,0.0,212.9,4.7,31955.6,19.5,1.0,19.4,0.8,2.0,3.0,64.0,0.0,0.0,36.5,25.2,3.6,0.3,,,
headpose-estimation,headpose-rankpose,mobilefacenetfc512onlypose,96x112,jetson-nano2,lne,CPU,F32,Avg MAE,4.34,0.4,3.0,12.1,2.3,80.1,0.0,82.4,12.1,82570.3,22.3,0.5,22.1,0.9,3.0,3.0,61.5,0.0,0.0,34.4,23.2,3.7,0.7,,,
headpose-estimation,headpose-rankpose,mobilefacenetfc512onlypose,96x112,jetson-nano2,onnxruntime,CPU,F32,Avg MAE,4.34,0.4,3.0,12.1,2.3,179.9,0.3,182.5,5.5,37269.4,22.3,0.5,22.2,0.9,2.0,3.0,64.1,0.0,0.0,35.0,23.6,3.6,0.3,,,
headpose-estimation,headpose-rankpose,mobilefacenetfc512onlypose,96x112,jetson-nano2,lne,GPU/CPU,F32,Avg MAE,4.34,0.4,3.0,12.1,/,/,/,/,/,/,0.0,0.0,0.0,0.0,0.0,0.0,0.0,0.0,0.0,0.0,0.0,0.0,0.0,,,
headpose-estimation,headpose-rankpose,mobilefacenetfc512onlypose,96x112,jetson-nano2,tensorrt,GPU,F16,Avg MAE,4.34,0.4,3.0,6.0,2.2,7.0,0.3,9.6,104.3,709868.1,49.4,2.0,45.3,1.9,5.6,6.0,61.2,15.6,0.0,37.5,25.8,3.8,5.7,,,
headpose-estimation,headpose-rankpose,mobilefacenetfc512onlypose,96x112,jetson-nano2,tensorrt,GPU,F32,Avg MAE,4.34,0.4,3.0,12.1,2.3,7.8,0.4,10.4,96.3,655358.4,50.3,2.1,46.0,1.9,5.5,6.0,59.3,20.6,0.0,36.7,25.3,3.8,5.1,,,
headpose-estimation,headpose-rankpose,mobilefacenetfc512onlypose,96x112,jetson-nano2,ncnn,GPU,F16,Avg MAE,4.34,0.4,3.0,6.0,2.3,8.4,0.2,10.8,92.4,628612.3,23.6,1.0,22.8,0.9,3.6,4.0,55.7,12.9,0.0,35.8,24.7,3.8,4.9,,,
headpose-estimation,headpose-rankpose,mobilefacenetfc512onlypose,96x112,jetson-nano2,ncnn,GPU,F32,Avg MAE,4.34,0.4,3.0,12.1,2.2,8.4,0.2,10.8,92.8,631115.9,23.2,1.0,22.4,0.9,3.6,4.0,55.4,25.2,0.0,36.4,25.2,3.6,5.2,,,
headpose-estimation,headpose-rankpose,mobilefacenetfc512onlypose,96x112,jetson-nano2,onnxruntime,CPU,F32,Avg MAE,4.34,0.4,3.0,12.1,2.4,179.6,0.0,182.1,5.5,37366.0,20.2,0.9,20.1,0.8,2.0,3.0,64.4,0.0,0.0,36.4,25.1,3.7,0.3,,,
headpose-estimation,headpose-rankpose,mobilefacenetonlyposefc512,112x112,jetson-nano2,lne,CPU,F32,Avg MAE,4.38,0.5,3.0,12.1,2.5,93.9,0.0,96.4,10.4,70544.0,22.1,0.5,22.0,0.9,3.0,3.0,61.7,0.0,0.0,34.4,23.3,3.6,0.7,,,
headpose-estimation,headpose-rankpose,mobilefacenetonlyposefc512,112x112,jetson-nano2,onnxruntime,CPU,F32,Avg MAE,4.38,0.5,3.0,12.1,2.6,202.1,0.0,204.7,4.9,33227.8,22.9,0.5,22.8,0.9,2.0,3.0,64.0,0.0,0.0,35.2,24.0,3.6,0.3,,,
headpose-estimation,headpose-rankpose,mobilefacenetonlyposefc512,112x112,jetson-nano2,lne,GPU/CPU,F32,Avg MAE,4.38,0.5,3.0,12.1,2.6,31.9,0.0,34.5,29.0,197260.3,39.8,1.6,39.2,1.6,5.5,7.0,61.9,23.2,0.0,34.9,24.2,4.1,1.7,,,
headpose-estimation,headpose-rankpose,mobilefacenetonlyposefc512,112x112,jetson-nano2,tensorrt,GPU,F16,Avg MAE,4.38,0.5,3.0,6.1,2.5,8.3,0.4,11.2,89.5,608528.9,50.6,2.1,46.4,2.0,5.5,6.0,59.6,26.9,0.0,37.2,25.8,4.0,5.3,,,
headpose-estimation,headpose-rankpose,mobilefacenetonlyposefc512,112x112,jetson-nano2,tensorrt,GPU,F32,Avg MAE,4.38,0.5,3.0,12.1,2.5,8.2,0.3,11.0,90.5,615793.2,50.0,2.0,45.8,1.9,5.5,6.0,59.2,16.5,0.0,36.2,24.9,3.9,5.5,,,
headpose-estimation,headpose-rankpose,mobilefacenetonlyposefc512,112x112,jetson-nano2,ncnn,GPU,F16,Avg MAE,4.38,0.5,3.0,6.1,2.5,9.3,0.2,12.0,83.1,565306.0,23.5,1.0,22.7,0.9,3.7,4.0,55.6,16.7,0.0,35.1,24.3,3.9,5.1,,,
headpose-estimation,headpose-rankpose,mobilefacenetonlyposefc512,112x112,jetson-nano2,ncnn,GPU,F32,Avg MAE,4.38,0.5,3.0,12.1,2.5,9.2,0.2,12.0,83.5,568005.8,23.7,1.0,22.9,0.9,3.6,4.0,55.8,6.9,0.0,35.2,24.6,3.7,5.3,,,
headpose-estimation,headpose-rankpose,mobilefacenetonlyposefc512,112x112,jetson-nano2,onnxruntime,CPU,F32,Avg MAE,4.38,0.5,3.0,12.1,2.6,199.5,0.0,202.2,4.9,33643.1,20.7,0.9,20.6,0.8,2.1,3.0,64.0,0.0,0.0,35.1,24.3,3.7,0.3,,,
headpose-estimation,headpose-rankpose,resnet50,224x224,jetson-nano2,lne,CPU,F32,/,/,8.2,23.8,95.1,6.0,699.6,0.0,705.7,1.4,9640.5,29.7,0.8,29.7,1.2,4.7,5.0,63.7,0.0,0.0,37.8,26.0,4.1,1.4,,,
headpose-estimation,headpose-rankpose,resnet50,224x224,jetson-nano2,onnxruntime,CPU,F32,/,/,8.2,23.8,95.1,5.9,1773.5,0.1,1779.5,0.6,3823.0,25.2,0.6,25.2,1.0,2.1,3.0,63.8,0.0,0.0,38.5,26.7,3.8,0.6,,,
headpose-estimation,headpose-rankpose,resnet50,224x224,jetson-nano2,lne,GPU/CPU,F32,/,/,8.2,23.8,95.1,6.1,193.1,0.0,199.2,5.0,34150.6,48.2,1.9,47.9,1.9,15.6,19.0,59.3,30.6,0.0,37.7,26.5,5.4,3.8,,,
headpose-estimation,headpose-rankpose,resnet50,224x224,jetson-nano2,tensorrt,GPU,F16,/,/,8.2,23.8,47.5,6.0,30.8,0.5,37.3,26.8,182562.0,54.1,2.2,51.4,2.1,10.9,13.0,52.3,30.0,0.0,40.8,28.4,4.9,22.4,,,
headpose-estimation,headpose-rankpose,resnet50,224x224,jetson-nano2,tensorrt,GPU,F32,/,/,8.2,23.8,95.1,6.0,53.9,0.5,60.5,16.5,112495.0,57.5,2.2,55.3,2.2,17.7,20.0,49.6,44.2,0.0,41.4,28.5,5.7,11.8,,,
headpose-estimation,headpose-rankpose,resnet50,224x224,jetson-nano2,ncnn,GPU,F16,/,/,8.2,23.8,47.5,6.0,109.5,0.2,115.7,8.6,58794.8,38.8,1.5,38.1,1.5,10.2,11.0,44.5,63.5,0.0,40.9,28.7,5.7,6.3,,,
headpose-estimation,headpose-rankpose,resnet50,224x224,jetson-nano2,ncnn,GPU,F32,/,/,8.2,23.8,95.1,6.0,109.6,0.2,115.8,8.6,58730.7,39.9,1.6,39.2,1.5,10.1,11.0,44.5,65.5,0.0,41.3,29.2,5.6,6.3,,,
headpose-estimation,headpose-rankpose,resnet50,224x224,jetson-nano2,onnxruntime,CPU,F32,/,/,8.2,23.8,95.1,5.9,1770.4,0.1,1776.3,0.6,3829.8,23.3,1.0,23.3,0.9,2.1,6.0,63.9,0.0,0.0,38.2,27.0,3.8,0.6,,,
imagenet,imagenet-alexnet,benchmark,227x227,jetson-nano2,lne,CPU,F32,Accuracy top-1,56.6,1.4,61.0,243.9,4.8,197.3,0.0,202.1,4.9,33665.6,29.1,0.7,28.9,1.1,6.8,8.0,62.3,0.0,0.0,35.2,24.0,3.9,0.9,,,
imagenet,imagenet-alexnet,benchmark,227x227,jetson-nano2,onnxruntime,CPU,F32,Accuracy top-1,56.6,1.4,61.0,243.9,/,/,/,/,/,/,0.0,0.0,0.0,0.0,0.0,0.0,0.0,0.0,0.0,0.0,0.0,0.0,0.0,,,
imagenet,imagenet-alexnet,benchmark,227x227,jetson-nano2,lne,GPU/CPU,F32,Accuracy top-1,56.6,1.4,61.0,243.9,4.5,49.3,0.0,53.9,18.5,126171.9,50.5,1.9,49.6,2.0,11.0,15.0,57.0,5.9,0.0,34.3,23.4,4.1,3.1,,,
imagenet,imagenet-alexnet,benchmark,227x227,jetson-nano2,onnxruntime,CPU,F32,Accuracy top-1,56.6,1.4,61.0,243.9,/,/,/,/,/,/,0.0,0.0,0.0,0.0,0.0,0.0,0.0,0.0,0.0,0.0,0.0,0.0,0.0,,,
imagenet,imagenet-efficientb0,default,224x224,jetson-nano2,lne,CPU,F32,Accuracy top-1,77.1,0.8,5.3,21.1,3.8,265.7,0.0,269.6,3.7,25238.2,23.3,0.5,23.3,0.9,4.0,4.0,62.1,0.0,0.0,35.4,23.9,3.7,0.4,,,
imagenet,imagenet-efficientb0,default,224x224,jetson-nano2,onnxruntime,CPU,F32,Accuracy top-1,77.1,0.8,5.3,21.1,3.8,533.3,0.1,537.2,1.9,12663.3,23.2,0.5,23.2,0.9,3.0,3.0,63.5,0.0,0.0,36.2,24.8,3.7,0.2,,,
imagenet,imagenet-efficientb0,default,224x224,jetson-nano2,lne,GPU/CPU,F32,Accuracy top-1,77.1,0.8,5.3,21.1,3.8,127.6,0.0,131.5,7.6,51744.5,41.6,1.6,41.3,1.6,11.0,13.0,60.4,15.1,0.0,34.1,23.3,4.2,0.7,,,
imagenet,imagenet-efficientb0,default,224x224,jetson-nano2,tensorrt,GPU,F16,Accuracy top-1,77.1,0.8,5.3,10.5,3.7,25.3,0.6,29.6,33.8,229757.1,50.3,2.1,47.9,1.9,9.4,10.0,56.3,36.4,0.0,38.4,27.2,4.3,3.1,,,
imagenet,imagenet-efficientb0,default,224x224,jetson-nano2,tensorrt,GPU,F32,Accuracy top-1,77.1,0.8,5.3,21.1,3.8,27.3,0.5,31.6,31.7,215441.1,50.8,2.1,48.4,2.0,10.6,12.0,54.3,42.4,0.0,38.1,26.3,4.6,2.8,,,
imagenet,imagenet-efficientb0,default,224x224,jetson-nano2,ncnn,GPU,F16,Accuracy top-1,77.1,0.8,5.3,10.5,3.7,22.8,0.4,26.9,37.2,253101.5,23.9,1.0,23.3,0.9,6.1,7.0,51.4,11.9,0.0,34.7,24.1,4.0,3.7,,,
imagenet,imagenet-efficientb0,default,224x224,jetson-nano2,ncnn,GPU,F32,Accuracy top-1,77.1,0.8,5.3,21.1,3.7,22.8,0.4,26.9,37.2,252787.0,23.7,1.0,23.2,0.9,6.0,7.0,51.1,36.9,0.0,35.2,24.5,4.1,3.6,,,
imagenet,imagenet-efficientb0,default,224x224,jetson-nano2,onnxruntime,CPU,F32,Accuracy top-1,77.1,0.8,5.3,21.1,3.7,532.6,0.1,536.3,1.9,12683.9,20.5,1.0,20.5,0.8,3.0,4.0,63.7,0.0,0.0,34.1,23.4,3.7,0.2,,,
imagenet,imagenet-googlenet,benchmark,224x224,jetson-nano2,lne,CPU,F32,Accuracy top-1,66.5,3.2,7.0,28.0,3.7,305.2,0.0,308.9,3.2,22023.0,25.2,0.6,25.1,1.0,4.0,4.0,62.7,0.0,0.0,36.4,24.9,3.8,1.4,,,
imagenet,imagenet-googlenet,benchmark,224x224,jetson-nano2,onnxruntime,CPU,F32,Accuracy top-1,66.5,3.2,7.0,28.0,/,/,/,/,/,/,0.0,0.0,0.0,0.0,0.0,0.0,0.0,0.0,0.0,0.0,0.0,0.0,0.0,,,
imagenet,imagenet-googlenet,benchmark,224x224,jetson-nano2,lne,GPU/CPU,F32,Accuracy top-1,66.5,3.2,7.0,28.0,3.6,103.6,0.0,107.3,9.3,63413.5,42.4,1.7,42.0,1.7,9.2,11.0,61.2,16.0,0.0,34.5,23.2,4.3,3.5,,,
imagenet,imagenet-googlenet,benchmark,224x224,jetson-nano2,onnxruntime,CPU,F32,Accuracy top-1,66.5,3.2,7.0,28.0,/,/,/,/,/,/,0.0,0.0,0.0,0.0,0.0,0.0,0.0,0.0,0.0,0.0,0.0,0.0,0.0,,,
imagenet,imagenet-mobilenet,default,224x224,jetson-nano2,lne,CPU,F32,Accuracy top-1,69.5,1.1,4.2,16.9,6.0,132.0,0.0,138.0,7.2,49298.2,23.1,0.5,23.0,0.9,3.0,3.0,61.5,0.0,0.0,35.2,24.0,3.8,1.1,,,
imagenet,imagenet-mobilenet,default,224x224,jetson-nano2,onnxruntime,CPU,F32,Accuracy top-1,69.5,1.1,4.2,16.9,/,/,/,/,/,/,0.0,0.0,0.0,0.0,0.0,0.0,0.0,0.0,0.0,0.0,0.0,0.0,0.0,,,
imagenet,imagenet-mobilenet,default,224x224,jetson-nano2,lne,GPU/CPU,F32,Accuracy top-1,69.5,1.1,4.2,16.9,5.8,30.3,0.0,36.1,27.7,188321.9,39.9,1.6,39.3,1.6,7.6,10.0,57.6,25.0,0.0,34.6,23.8,4.3,3.7,,,
imagenet,imagenet-mobilenet,default,224x224,jetson-nano2,onnxruntime,CPU,F32,Accuracy top-1,69.5,1.1,4.2,16.9,/,/,/,/,/,/,0.0,0.0,0.0,0.0,0.0,0.0,0.0,0.0,0.0,0.0,0.0,0.0,0.0,,,
imagenet,imagenet-mobilenet-v2,fp32,224x224,jetson-nano2,lne,CPU,F32,Accuracy top-1,71.8,0.6,3.5,14.0,5.8,137.1,0.0,143.0,7.0,47581.5,23.3,0.5,23.2,0.9,3.7,4.0,61.4,0.0,0.0,34.9,23.6,3.7,0.6,,,
imagenet,imagenet-mobilenet-v2,fp32,224x224,jetson-nano2,onnxruntime,CPU,F32,Accuracy top-1,71.8,0.6,3.5,14.0,6.0,259.2,0.1,265.2,3.8,25652.0,22.6,0.5,22.5,0.9,2.4,3.0,63.7,0.0,0.0,35.7,24.4,3.7,0.3,,,
imagenet,imagenet-mobilenet-v2,fp32,224x224,jetson-nano2,lne,GPU/CPU,F32,Accuracy top-1,71.8,0.6,3.5,14.0,5.8,37.1,0.0,42.9,23.3,158549.4,40.5,1.7,40.0,1.6,7.0,9.0,59.6,16.3,0.0,34.4,23.2,4.1,1.7,,,
imagenet,imagenet-mobilenet-v2,fp32,224x224,jetson-nano2,tensorrt,GPU,F16,Accuracy top-1,71.8,0.6,3.5,7.0,5.8,13.6,0.5,19.9,50.3,342270.5,50.8,2.1,48.0,2.0,6.6,7.0,54.3,36.0,0.0,37.0,25.6,4.2,3.6,,,
imagenet,imagenet-mobilenet-v2,fp32,224x224,jetson-nano2,tensorrt,GPU,F32,Accuracy top-1,71.8,0.6,3.5,14.0,5.7,14.3,0.5,20.5,48.7,331393.1,50.6,2.1,47.8,2.0,7.6,8.0,53.9,17.8,0.0,36.7,24.8,4.0,3.7,,,
imagenet,imagenet-mobilenet-v2,fp32,224x224,jetson-nano2,ncnn,GPU,F16,Accuracy top-1,71.8,0.6,3.5,7.0,5.9,12.8,0.3,18.9,52.8,359527.5,23.9,1.0,23.3,0.9,4.5,5.0,52.7,27.2,0.0,34.8,23.5,3.9,4.1,,,
imagenet,imagenet-mobilenet-v2,fp32,224x224,jetson-nano2,ncnn,GPU,F32,Accuracy top-1,71.8,0.6,3.5,14.0,5.8,12.8,0.3,18.8,53.1,361342.8,23.7,1.0,23.1,0.9,4.4,5.0,52.5,10.9,0.0,34.7,23.8,3.9,4.2,,,
imagenet,imagenet-mobilenet-v2,fp32,224x224,jetson-nano2,onnxruntime,CPU,F32,Accuracy top-1,71.8,0.6,3.5,14.0,5.7,259.6,0.1,265.4,3.8,25634.8,20.5,1.0,20.5,0.8,2.4,3.0,63.7,0.0,0.0,34.5,23.5,3.7,0.3,,,
imagenet,imagenet-mobilenetv3,large,223x224,jetson-nano2,lne,CPU,F32,Accuracy top-1,75.2,0.4,5.5,21.9,6.1,70.3,0.0,76.4,13.1,89052.1,23.8,0.5,23.6,0.9,3.9,4.0,60.2,0.0,0.0,34.4,23.2,3.6,0.8,,,
imagenet,imagenet-mobilenetv3,large,223x224,jetson-nano2,onnxruntime,CPU,F32,Accuracy top-1,75.2,0.4,5.5,21.9,5.9,265.7,0.1,271.6,3.7,25046.2,23.2,0.5,23.1,0.9,2.7,3.0,63.5,0.1,0.0,35.2,23.9,3.7,0.2,,,
imagenet,imagenet-mobilenetv3,large,223x224,jetson-nano2,lne,GPU/CPU,F32,Accuracy top-1,75.2,0.4,5.5,21.9,5.9,59.0,0.0,64.9,15.4,104885.8,40.4,1.7,40.0,1.6,6.1,7.0,60.1,7.2,0.0,33.8,22.9,3.8,0.9,,,
imagenet,imagenet-mobilenetv3,large,223x224,jetson-nano2,tensorrt,GPU,F16,Accuracy top-1,75.2,0.4,5.5,10.9,5.8,13.9,0.5,20.2,49.4,336340.3,49.8,2.1,47.0,1.9,6.2,7.0,57.0,5.3,0.0,37.5,26.0,3.9,2.8,,,
imagenet,imagenet-mobilenetv3,large,223x224,jetson-nano2,tensorrt,GPU,F32,Accuracy top-1,75.2,0.4,5.5,21.9,5.9,15.9,0.6,22.4,44.7,304083.4,49.9,2.1,47.0,1.9,7.6,8.0,55.5,18.6,0.0,36.9,25.1,4.0,2.4,,,
imagenet,imagenet-mobilenetv3,large,223x224,jetson-nano2,ncnn,GPU,F16,Accuracy top-1,75.2,0.4,5.5,10.9,6.0,15.4,0.4,21.8,45.9,312425.4,23.3,1.1,22.7,0.9,5.4,6.0,53.4,21.3,0.0,33.8,23.2,3.7,2.7,,,
imagenet,imagenet-mobilenetv3,large,223x224,jetson-nano2,ncnn,GPU,F32,Accuracy top-1,75.2,0.4,5.5,21.9,5.9,15.5,0.4,21.7,46.0,313061.6,23.1,1.1,22.5,0.9,5.2,6.0,53.5,16.4,0.0,34.0,23.3,3.7,2.7,,,
imagenet,imagenet-mobilenetv3,large,223x224,jetson-nano2,onnxruntime,CPU,F32,Accuracy top-1,75.2,0.4,5.5,21.9,5.8,264.6,0.1,270.5,3.7,25152.7,19.6,1.0,19.6,0.8,2.8,3.0,63.5,0.0,0.0,33.9,22.9,3.6,0.2,,,
imagenet,imagenet-mobilenetv3,small,223x224,jetson-nano2,lne,CPU,F32,Accuracy top-1,67.4,0.1,2.9,11.8,6.0,23.0,0.0,29.0,34.4,234245.9,22.7,0.5,22.5,0.9,2.9,3.0,57.7,0.0,0.0,33.8,23.0,3.4,0.6,,,
imagenet,imagenet-mobilenetv3,small,223x224,jetson-nano2,onnxruntime,CPU,F32,Accuracy top-1,67.4,0.1,2.9,11.8,5.9,112.0,0.1,117.9,8.5,57686.9,22.3,0.5,22.2,0.9,2.1,3.0,63.0,0.0,0.0,34.5,23.2,3.5,0.1,,,
imagenet,imagenet-mobilenetv3,small,223x224,jetson-nano2,lne,GPU/CPU,F32,Accuracy top-1,67.4,0.1,2.9,11.8,5.9,23.8,0.0,29.8,33.6,228315.4,41.3,1.6,40.7,1.7,3.5,4.0,59.6,1.5,0.0,33.1,22.4,3.5,0.6,,,
imagenet,imagenet-mobilenetv3,small,223x224,jetson-nano2,tensorrt,GPU,F16,Accuracy top-1,67.4,0.1,2.9,5.9,5.8,11.1,0.7,17.6,56.9,387168.7,45.7,2.0,43.0,1.8,4.0,5.0,58.4,3.0,0.0,36.3,25.0,3.6,0.9,,,
imagenet,imagenet-mobilenetv3,small,223x224,jetson-nano2,tensorrt,GPU,F32,Accuracy top-1,67.4,0.1,2.9,11.8,5.9,9.3,0.5,15.7,63.5,432008.6,47.1,2.0,44.4,1.8,4.9,6.0,58.2,10.8,0.0,35.3,24.2,3.7,1.0,,,
imagenet,imagenet-mobilenetv3,small,223x224,jetson-nano2,ncnn,GPU,F16,Accuracy top-1,67.4,0.1,2.9,5.9,5.9,8.5,0.2,14.6,68.6,466745.0,24.8,1.0,24.2,1.0,3.7,4.0,54.6,0.0,0.0,33.6,23.0,3.4,1.2,,,
imagenet,imagenet-mobilenetv3,small,223x224,jetson-nano2,ncnn,GPU,F32,Accuracy top-1,67.4,0.1,2.9,11.8,5.9,8.5,0.2,14.6,68.5,465901.8,24.4,1.0,23.8,0.9,3.6,4.0,54.6,12.5,0.0,33.5,22.7,3.4,1.2,,,
imagenet,imagenet-mobilenetv3,small,223x224,jetson-nano2,onnxruntime,CPU,F32,Accuracy top-1,67.4,0.1,2.9,11.8,5.8,114.9,0.1,120.8,8.3,56307.8,21.3,1.0,21.2,0.8,2.1,3.0,63.4,0.0,0.0,33.7,22.7,3.5,0.1,,,
imagenet,imagenet-resnet-resnet18,benchmark,224x224,jetson-nano2,lne,CPU,F32,Accuracy top-1,69.6,3.7,11.7,46.8,3.9,219.3,0.1,223.4,4.5,30453.9,27.7,0.7,27.5,1.1,6.0,7.0,63.0,0.0,0.0,35.9,24.3,3.9,2.1,,,
imagenet,imagenet-resnet-resnet18,benchmark,224x224,jetson-nano2,onnxruntime,CPU,F32,Accuracy top-1,69.6,3.7,11.7,46.8,/,/,/,/,/,/,0.0,0.0,0.0,0.0,0.0,0.0,0.0,0.0,0.0,0.0,0.0,0.0,0.0,,,
imagenet,imagenet-resnet-resnet18,benchmark,224x224,jetson-nano2,lne,GPU/CPU,F32,Accuracy top-1,69.6,3.7,11.7,46.8,3.8,93.5,0.0,97.3,10.3,69900.1,45.4,1.9,44.8,1.8,10.4,13.0,61.6,11.2,0.0,34.2,23.2,4.2,4.4,,,
imagenet,imagenet-resnet-resnet18,benchmark,224x224,jetson-nano2,onnxruntime,CPU,F32,Accuracy top-1,69.6,3.7,11.7,46.8,/,/,/,/,/,/,0.0,0.0,0.0,0.0,0.0,0.0,0.0,0.0,0.0,0.0,0.0,0.0,0.0,,,
imagenet,imagenet-resnet-resnet32,caffe,224x224,jetson-nano2,lne,CPU,F32,Accuracy top-1,73.3,4.6,20.7,82.9,3.8,394.3,0.0,398.1,2.5,17088.5,25.6,0.6,25.5,1.0,4.9,5.0,63.4,0.0,0.0,36.5,25.0,4.0,1.5,,,
imagenet,imagenet-resnet-resnet32,caffe,224x224,jetson-nano2,onnxruntime,CPU,F32,Accuracy top-1,73.3,4.6,20.7,82.9,/,/,/,/,/,/,0.0,0.0,0.0,0.0,0.0,0.0,0.0,0.0,0.0,0.0,0.0,0.0,0.0,,,
imagenet,imagenet-resnet-resnet32,caffe,224x224,jetson-nano2,lne,GPU/CPU,F32,Accuracy top-1,73.3,4.6,20.7,82.9,3.8,95.5,0.0,99.3,10.1,68491.0,45.9,1.9,45.4,1.8,15.3,20.0,58.5,25.3,0.0,35.9,24.3,4.7,4.9,,,
imagenet,imagenet-resnet-resnet32,caffe,224x224,jetson-nano2,onnxruntime,CPU,F32,Accuracy top-1,73.3,4.6,20.7,82.9,/,/,/,/,/,/,0.0,0.0,0.0,0.0,0.0,0.0,0.0,0.0,0.0,0.0,0.0,0.0,0.0,,,
imagenet,imagenet-resnet-resnet50,onnx,224x224,jetson-nano2,lne,CPU,F32,Accuracy top-1,76.0,7.7,25.5,102.1,5.9,617.2,0.0,623.1,1.6,10917.4,30.8,0.8,30.7,1.2,5.0,5.0,63.8,0.0,0.0,37.6,26.0,4.1,1.5,,,
imagenet,imagenet-resnet-resnet50,onnx,224x224,jetson-nano2,onnxruntime,CPU,F32,Accuracy top-1,76.0,7.7,25.5,102.1,5.9,1640.3,0.1,1646.2,0.6,4132.5,28.8,0.7,28.8,1.1,2.1,4.0,63.7,0.0,0.0,38.5,26.9,3.8,0.6,,,
imagenet,imagenet-resnet-resnet50,onnx,224x224,jetson-nano2,lne,GPU/CPU,F32,Accuracy top-1,76.0,7.7,25.5,102.1,5.8,209.3,0.0,215.2,4.6,31617.2,50.3,2.1,49.9,2.0,14.9,18.0,60.5,25.9,0.0,35.9,24.4,4.8,3.7,,,
imagenet,imagenet-resnet-resnet50,onnx,224x224,jetson-nano2,tensorrt,GPU,F16,Accuracy top-1,76.0,7.7,25.5,51.1,5.9,27.9,0.5,34.3,29.2,198587.5,54.4,2.2,52.0,2.1,10.9,12.0,52.2,24.5,0.0,38.3,25.8,4.7,24.3,,,
imagenet,imagenet-resnet-resnet50,onnx,224x224,jetson-nano2,tensorrt,GPU,F32,Accuracy top-1,76.0,7.7,25.5,102.1,5.8,50.1,0.5,56.5,17.7,120412.6,60.3,2.2,58.1,2.3,17.3,20.0,49.5,60.0,0.0,39.6,26.4,5.9,11.6,,,
imagenet,imagenet-resnet-resnet50,onnx,224x224,jetson-nano2,ncnn,GPU,F16,Accuracy top-1,76.0,7.7,25.5,51.1,5.7,93.7,0.5,100.0,10.0,68061.6,39.4,1.6,38.7,1.5,10.9,12.0,45.1,59.3,0.0,39.1,26.7,5.4,7.1,,,
imagenet,imagenet-resnet-resnet50,onnx,224x224,jetson-nano2,ncnn,GPU,F32,Accuracy top-1,76.0,7.7,25.5,102.1,5.9,93.7,0.4,100.1,10.0,67988.5,41.2,1.7,40.4,1.6,10.8,12.0,45.0,57.9,0.0,39.5,27.4,5.4,7.1,,,
imagenet,imagenet-resnet-resnet50,onnx,224x224,jetson-nano2,onnxruntime,CPU,F32,Accuracy top-1,76.0,7.7,25.5,102.1,5.8,1660.3,0.1,1666.2,0.6,4083.0,27.9,1.2,27.8,1.1,2.0,5.0,63.7,0.0,0.0,36.7,25.4,3.8,0.6,,,
imagenet,imagenet-squeezenet,benchmark,227x227,jetson-nano2,lne,CPU,F32,Accuracy top-1,58.2,0.8,1.2,4.9,3.8,66.8,0.0,70.6,14.2,96319.9,22.3,0.5,22.2,0.9,3.9,4.0,60.2,0.0,0.0,34.7,23.3,3.6,1.5,,,
imagenet,imagenet-squeezenet,benchmark,227x227,jetson-nano2,onnxruntime,CPU,F32,Accuracy top-1,58.2,0.8,1.2,4.9,/,/,/,/,/,/,0.0,0.0,0.0,0.0,0.0,0.0,0.0,0.0,0.0,0.0,0.0,0.0,0.0,,,
imagenet,imagenet-squeezenet,benchmark,227x227,jetson-nano2,lne,GPU/CPU,F32,Accuracy top-1,58.2,0.8,1.2,4.9,3.7,38.2,0.0,42.0,23.8,162153.2,38.8,1.6,38.2,1.6,6.9,9.0,60.1,12.4,0.0,33.9,23.1,3.9,2.4,,,
imagenet,imagenet-squeezenet,benchmark,227x227,jetson-nano2,onnxruntime,CPU,F32,Accuracy top-1,58.2,0.8,1.2,4.9,/,/,/,/,/,/,0.0,0.0,0.0,0.0,0.0,0.0,0.0,0.0,0.0,0.0,0.0,0.0,0.0,,,
3D-face-landmarks,face-landmarks-detection-3ddfa,default,120x120,rpi4,lne,CPU,F32,/,/,0.4,3.3,13.0,1.7,38.4,0.2,40.3,24.8,175709.5,35.4,1.1,0.0,0.0,0.0,0.0,52.9,0.0,0.0,71.9,0.0,0.0,0.0,,,
3D-face-landmarks,face-landmarks-detection-3ddfa,default,120x120,rpi4,onnxruntime,CPU,F32,/,/,0.4,3.3,13.0,1.7,116.4,0.2,118.3,8.5,59867.2,35.7,1.1,0.0,0.0,0.0,0.0,56.4,0.0,0.0,71.8,0.0,0.0,0.0,,,
bodypose-estimation,body-pose-openpifpaf,regnety400mf-59p,128x96,rpi4,lne,CPU,F32,/,/,0.2,4.7,19.0,3.2,41.4,10.3,54.8,18.2,129113.5,18.5,0.5,0.0,0.0,0.0,0.0,41.8,0.0,0.0,65.1,0.0,0.0,0.0,,,
bodypose-estimation,body-pose-openpifpaf,regnety400mf-59p,128x96,rpi4,onnxruntime,CPU,F32,/,/,0.2,4.7,19.0,3.2,101.0,9.9,114.1,8.8,62025.9,18.1,0.5,0.0,0.0,0.0,0.0,52.2,0.0,0.0,66.7,0.0,0.0,0.0,,,
bodypose-estimation,body-pose-openpifpaf,regnety400mf-59p,192x144,rpi4,lne,CPU,F32,/,/,0.5,4.7,19.0,6.8,86.6,32.5,125.9,7.9,56246.2,18.4,0.5,0.0,0.0,0.0,0.0,53.2,0.0,0.0,66.6,0.0,0.0,0.0,,,
bodypose-estimation,body-pose-openpifpaf,regnety400mf-59p,192x144,rpi4,onnxruntime,CPU,F32,/,/,0.5,4.7,19.0,6.9,192.5,26.1,225.5,4.4,31402.0,18.1,0.5,0.0,0.0,0.0,0.0,52.6,0.0,0.0,67.2,0.0,0.0,0.0,,,
bodypose-estimation,body-pose-openpifpaf,regnety400mf-59p,256x192,rpi4,lne,CPU,F32,/,/,0.9,4.7,19.0,9.5,141.3,55.8,206.6,4.8,34269.3,19.2,0.6,0.0,0.0,0.0,0.0,54.4,0.0,0.0,66.7,0.0,0.0,0.0,,,
bodypose-estimation,body-pose-openpifpaf,regnety400mf-59p,256x192,rpi4,onnxruntime,CPU,F32,/,/,0.9,4.7,19.0,9.1,300.3,36.4,345.8,2.9,20475.1,18.8,0.5,0.0,0.0,0.0,0.0,54.2,0.0,0.0,68.0,0.0,0.0,0.0,,,
bodypose-estimation,body-pose-openpifpaf,regnety400mf-86p,128x96,rpi4,lne,CPU,F32,/,/,0.2,4.7,19.0,3.2,41.6,14.9,59.6,16.8,118703.5,18.9,0.5,0.0,0.0,0.0,0.0,50.7,0.0,0.0,65.7,0.0,0.0,0.0,,,
bodypose-estimation,body-pose-openpifpaf,regnety400mf-86p,128x96,rpi4,onnxruntime,CPU,F32,/,/,0.2,4.7,19.0,3.2,103.3,12.3,118.8,8.4,59616.3,17.9,0.5,0.0,0.0,0.0,0.0,53.4,0.0,0.0,66.7,0.0,0.0,0.0,,,
bodypose-estimation,body-pose-openpifpaf,regnety400mf-86p,192x144,rpi4,lne,CPU,F32,/,/,0.5,4.7,19.0,7.2,86.5,49.2,142.9,7.0,49532.2,18.6,0.5,0.0,0.0,0.0,0.0,53.4,0.0,0.0,66.0,0.0,0.0,0.0,,,
bodypose-estimation,body-pose-openpifpaf,regnety400mf-86p,192x144,rpi4,onnxruntime,CPU,F32,/,/,0.5,4.7,19.0,7.1,194.9,34.5,236.5,4.2,29942.9,18.2,0.5,0.0,0.0,0.0,0.0,53.3,0.0,0.0,67.3,0.0,0.0,0.0,,,
bodypose-estimation,body-pose-openpifpaf,regnety400mf-86p,256x192,rpi4,lne,CPU,F32,/,/,0.9,4.7,19.0,9.7,140.4,79.9,230.0,4.3,30779.9,18.9,0.6,0.0,0.0,0.0,0.0,53.1,0.0,0.0,66.9,0.0,0.0,0.0,,,
bodypose-estimation,body-pose-openpifpaf,regnety400mf-86p,256x192,rpi4,onnxruntime,CPU,F32,/,/,0.9,4.7,19.0,9.3,302.9,50.9,363.1,2.8,19497.0,18.6,0.5,0.0,0.0,0.0,0.0,54.4,0.0,0.0,68.3,0.0,0.0,0.0,,,
bodypose-estimation,body-pose-openpifpaf,regnety400mf-hands,128x96,rpi4,lne,CPU,F32,/,/,0.2,4.7,19.0,3.6,46.5,3.9,54.0,18.5,131171.4,18.2,0.5,0.0,0.0,0.0,0.0,70.8,0.0,0.0,68.0,0.0,0.0,0.0,,,
bodypose-estimation,body-pose-openpifpaf,regnety400mf-hands,128x96,rpi4,onnxruntime,CPU,F32,/,/,0.2,4.7,19.0,3.2,101.4,7.4,112.0,8.9,63209.0,17.4,0.5,0.0,0.0,0.0,0.0,52.9,0.0,0.0,67.4,0.0,0.0,0.0,,,
bodypose-estimation,body-pose-openpifpaf,regnety400mf-hands,192x144,rpi4,lne,CPU,F32,/,/,0.5,4.7,19.0,6.9,86.4,24.6,117.9,8.5,60075.6,18.7,0.5,0.0,0.0,0.0,0.0,53.0,0.0,0.0,66.0,0.0,0.0,0.0,,,
bodypose-estimation,body-pose-openpifpaf,regnety400mf-hands,192x144,rpi4,onnxruntime,CPU,F32,/,/,0.5,4.7,19.0,6.9,195.2,19.7,221.9,4.5,31910.2,18.3,0.5,0.0,0.0,0.0,0.0,53.8,0.0,0.0,68.5,0.0,0.0,0.0,,,
bodypose-estimation,body-pose-openpifpaf,regnety400mf-hands,256x192,rpi4,lne,CPU,F32,/,/,0.9,4.7,19.0,9.3,140.6,40.8,190.8,5.2,37116.6,18.9,0.5,0.0,0.0,0.0,0.0,54.0,0.0,0.0,67.1,0.0,0.0,0.0,,,
bodypose-estimation,body-pose-openpifpaf,regnety400mf-hands,256x192,rpi4,onnxruntime,CPU,F32,/,/,0.9,4.7,19.0,9.2,301.5,28.1,338.8,3.0,20899.2,18.5,0.5,0.0,0.0,0.0,0.0,54.0,0.0,0.0,67.9,0.0,0.0,0.0,,,
bodypose-estimation,body-pose-openpifpaf,regnety400mf-wholebody,128x96,rpi4,lne,CPU,F32,/,/,0.2,4.7,19.0,3.3,41.6,22.1,67.1,14.9,105557.1,18.7,0.5,0.0,0.0,0.0,0.0,52.1,0.0,0.0,66.3,0.0,0.0,0.0,,,
bodypose-estimation,body-pose-openpifpaf,regnety400mf-wholebody,128x96,rpi4,onnxruntime,CPU,F32,/,/,0.2,4.7,19.0,3.2,102.6,23.5,129.3,7.7,54765.2,18.2,0.5,0.0,0.0,0.0,0.0,53.2,0.0,0.0,66.8,0.0,0.0,0.0,,,
bodypose-estimation,body-pose-openpifpaf,regnety400mf-wholebody,192x144,rpi4,lne,CPU,F32,/,/,0.5,4.7,19.0,6.9,86.7,71.7,165.3,6.1,42838.7,19.1,0.6,0.0,0.0,0.0,0.0,54.0,0.0,0.0,67.1,0.0,0.0,0.0,,,
bodypose-estimation,body-pose-openpifpaf,regnety400mf-wholebody,192x144,rpi4,onnxruntime,CPU,F32,/,/,0.5,4.7,19.0,7.1,196.0,47.9,250.9,4.0,28213.4,18.9,0.5,0.0,0.0,0.0,0.0,53.8,0.0,0.0,67.8,0.0,0.0,0.0,,,
bodypose-estimation,body-pose-openpifpaf,regnety400mf-wholebody,256x192,rpi4,lne,CPU,F32,/,/,0.9,4.7,19.0,9.8,140.8,123.2,273.9,3.7,25851.5,19.2,0.6,0.0,0.0,0.0,0.0,54.4,0.0,0.0,68.1,0.0,0.0,0.0,,,
bodypose-estimation,body-pose-openpifpaf,regnety400mf-wholebody,256x192,rpi4,onnxruntime,CPU,F32,/,/,0.9,4.7,19.0,9.2,301.4,96.1,406.7,2.5,17409.5,19.0,0.6,0.0,0.0,0.0,0.0,54.6,0.0,0.0,68.5,0.0,0.0,0.0,,,
bodypose-estimation,body-pose-openpifpaf,regnety800mf-59p,128x96,rpi4,lne,CPU,F32,/,/,0.4,7.2,28.6,3.2,65.8,4.5,73.5,13.6,96367.4,19.3,0.6,0.0,0.0,0.0,0.0,49.5,0.0,0.0,66.4,0.0,0.0,0.0,,,
bodypose-estimation,body-pose-openpifpaf,regnety800mf-59p,128x96,rpi4,onnxruntime,CPU,F32,/,/,0.4,7.2,28.6,3.2,175.4,10.5,189.1,5.3,37430.9,18.4,0.5,0.0,0.0,0.0,0.0,66.8,0.0,0.0,69.4,0.0,0.0,0.0,,,
bodypose-estimation,body-pose-openpifpaf,regnety800mf-59p,192x144,rpi4,lne,CPU,F32,/,/,1.0,7.2,28.6,7.0,143.0,32.0,182.0,5.5,38894.1,19.5,0.6,0.0,0.0,0.0,0.0,52.2,0.0,0.0,67.6,0.0,0.0,0.0,,,
bodypose-estimation,body-pose-openpifpaf,regnety800mf-59p,192x144,rpi4,onnxruntime,CPU,F32,/,/,1.0,7.2,28.6,6.8,331.9,28.7,367.4,2.7,19271.1,18.9,0.6,0.0,0.0,0.0,0.0,53.4,0.0,0.0,68.6,0.0,0.0,0.0,,,
bodypose-estimation,body-pose-openpifpaf,regnety800mf-59p,256x192,rpi4,lne,CPU,F32,/,/,1.8,7.2,28.6,9.5,238.2,54.9,302.7,3.3,23390.5,19.8,0.6,0.0,0.0,0.0,0.0,54.7,0.0,0.0,68.6,0.0,0.0,0.0,,,
bodypose-estimation,body-pose-openpifpaf,regnety800mf-59p,256x192,rpi4,onnxruntime,CPU,F32,/,/,1.8,7.2,28.6,9.4,533.8,35.0,578.1,1.7,12246.6,19.3,0.6,0.0,0.0,0.0,0.0,54.8,0.0,0.0,70.3,0.0,0.0,0.0,,,
bodypose-estimation,body-pose-openpifpaf,regnety800mf-86p,128x96,rpi4,lne,CPU,F32,/,/,0.4,7.2,28.6,3.2,65.9,6.2,75.3,13.3,94000.9,19.4,0.6,0.0,0.0,0.0,0.0,51.7,0.0,0.0,66.8,0.0,0.0,0.0,,,
bodypose-estimation,body-pose-openpifpaf,regnety800mf-86p,128x96,rpi4,onnxruntime,CPU,F32,/,/,0.4,7.2,28.6,3.2,167.0,17.1,187.3,5.3,37802.5,18.5,0.5,0.0,0.0,0.0,0.0,53.8,0.0,0.0,69.7,0.0,0.0,0.0,,,
bodypose-estimation,body-pose-openpifpaf,regnety800mf-86p,192x144,rpi4,lne,CPU,F32,/,/,1.0,7.2,28.6,7.1,143.5,47.7,198.3,5.0,35712.4,19.4,0.6,0.0,0.0,0.0,0.0,54.3,0.0,0.0,67.5,0.0,0.0,0.0,,,
bodypose-estimation,body-pose-openpifpaf,regnety800mf-86p,192x144,rpi4,onnxruntime,CPU,F32,/,/,1.0,7.2,28.6,6.8,330.8,36.5,374.1,2.7,18924.4,18.9,0.6,0.0,0.0,0.0,0.0,54.0,0.0,0.0,69.7,0.0,0.0,0.0,,,
bodypose-estimation,body-pose-openpifpaf,regnety800mf-86p,256x192,rpi4,lne,CPU,F32,/,/,1.8,7.2,28.6,9.4,240.5,79.7,329.6,3.0,21481.2,19.3,0.6,0.0,0.0,0.0,0.0,55.0,0.0,0.0,68.9,0.0,0.0,0.0,,,
bodypose-estimation,body-pose-openpifpaf,regnety800mf-86p,256x192,rpi4,onnxruntime,CPU,F32,/,/,1.8,7.2,28.6,9.3,531.0,49.7,590.0,1.7,12000.8,19.5,0.6,0.0,0.0,0.0,0.0,54.8,0.0,0.0,69.5,0.0,0.0,0.0,,,
bodypose-estimation,body-pose-openpifpaf,regnety800mf-hands,128x96,rpi4,lne,CPU,F32,/,/,0.4,7.2,28.6,3.2,66.0,4.1,73.2,13.7,96740.4,19.2,0.6,0.0,0.0,0.0,0.0,52.3,0.0,0.0,64.8,0.0,0.0,0.0,,,
bodypose-estimation,body-pose-openpifpaf,regnety800mf-hands,128x96,rpi4,onnxruntime,CPU,F32,/,/,0.4,7.2,28.6,3.2,168.8,6.0,178.0,5.6,39776.2,18.3,0.5,0.0,0.0,0.0,0.0,54.2,0.0,0.0,66.5,0.0,0.0,0.0,,,
bodypose-estimation,body-pose-openpifpaf,regnety800mf-hands,192x144,rpi4,lne,CPU,F32,/,/,1.0,7.2,28.6,6.9,143.6,24.9,175.3,5.7,40381.7,19.3,0.6,0.0,0.0,0.0,0.0,53.9,0.0,0.0,66.9,0.0,0.0,0.0,,,
bodypose-estimation,body-pose-openpifpaf,regnety800mf-hands,192x144,rpi4,onnxruntime,CPU,F32,/,/,1.0,7.2,28.6,7.1,330.8,22.3,360.1,2.8,19658.5,18.7,0.5,0.0,0.0,0.0,0.0,53.4,0.0,0.0,68.3,0.0,0.0,0.0,,,
bodypose-estimation,body-pose-openpifpaf,regnety800mf-hands,256x192,rpi4,lne,CPU,F32,/,/,1.8,7.2,28.6,9.3,238.1,40.3,287.6,3.5,24615.0,19.6,0.6,0.0,0.0,0.0,0.0,54.5,0.0,0.0,67.7,0.0,0.0,0.0,,,
bodypose-estimation,body-pose-openpifpaf,regnety800mf-hands,256x192,rpi4,onnxruntime,CPU,F32,/,/,1.8,7.2,28.6,9.3,537.4,26.7,573.3,1.7,12349.0,19.0,0.6,0.0,0.0,0.0,0.0,54.7,0.0,0.0,70.1,0.0,0.0,0.0,,,
bodypose-estimation,body-pose-openpifpaf,regnety800mf-wholebody,128x96,rpi4,lne,CPU,F32,/,/,0.4,7.2,28.6,3.3,66.7,22.0,91.9,10.9,77008.0,19.4,0.6,0.0,0.0,0.0,0.0,53.0,0.0,0.0,66.6,0.0,0.0,0.0,,,
bodypose-estimation,body-pose-openpifpaf,regnety800mf-wholebody,128x96,rpi4,onnxruntime,CPU,F32,/,/,0.4,7.2,28.6,3.2,168.0,24.6,195.8,5.1,36158.8,18.4,0.5,0.0,0.0,0.0,0.0,53.5,0.0,0.0,67.4,0.0,0.0,0.0,,,
bodypose-estimation,body-pose-openpifpaf,regnety800mf-wholebody,192x144,rpi4,lne,CPU,F32,/,/,1.0,7.2,28.6,6.9,143.0,71.2,221.1,4.5,32022.9,19.5,0.6,0.0,0.0,0.0,0.0,57.3,0.0,0.0,67.2,0.0,0.0,0.0,,,
bodypose-estimation,body-pose-openpifpaf,regnety800mf-wholebody,192x144,rpi4,onnxruntime,CPU,F32,/,/,1.0,7.2,28.6,6.8,334.1,52.5,393.4,2.5,17998.8,19.2,0.6,0.0,0.0,0.0,0.0,54.7,0.0,0.0,68.5,0.0,0.0,0.0,,,
bodypose-estimation,body-pose-openpifpaf,regnety800mf-wholebody,256x192,rpi4,lne,CPU,F32,/,/,1.8,7.2,28.6,9.5,240.3,120.7,370.6,2.7,19106.1,19.5,0.6,0.0,0.0,0.0,0.0,54.8,0.0,0.0,67.7,0.0,0.0,0.0,,,
bodypose-estimation,body-pose-openpifpaf,regnety800mf-wholebody,256x192,rpi4,onnxruntime,CPU,F32,/,/,1.8,7.2,28.6,9.3,535.1,91.5,635.9,1.6,11133.6,19.8,0.6,0.0,0.0,0.0,0.0,55.0,0.0,0.0,70.0,0.0,0.0,0.0,,,
bodypose-estimation,body-pose-openpifpaf,resnet50-012-13,160x120,rpi4,lne,CPU,F32,/,/,13.0,27.4,109.7,2.6,1062.5,6.4,1071.5,0.9,6607.7,44.5,1.4,0.0,0.0,0.0,0.0,56.0,0.0,0.0,77.9,0.0,0.0,0.0,,,
bodypose-estimation,body-pose-openpifpaf,resnet50-012-13,160x120,rpi4,onnxruntime,CPU,F32,/,/,13.0,27.4,109.7,2.7,2243.1,7.2,2253.1,0.4,3142.4,39.3,1.2,0.0,0.0,0.0,0.0,55.5,0.0,0.0,78.7,0.0,0.0,0.0,,,
bodypose-estimation,body-pose-openpifpaf,resnet50-012-13,240x180,rpi4,lne,CPU,F32,/,/,28.9,25.6,102.3,4.2,2338.5,11.7,2354.4,0.4,3007.1,44.9,1.5,0.0,0.0,0.0,0.0,56.0,0.0,0.0,80.2,0.0,0.0,0.0,,,
bodypose-estimation,body-pose-openpifpaf,resnet50-012-13,240x180,rpi4,onnxruntime,CPU,F32,/,/,28.9,25.6,102.3,4.1,4566.6,21.9,4592.6,0.2,1541.6,39.2,1.2,0.0,0.0,0.0,0.0,55.8,0.0,0.0,80.3,0.0,0.0,0.0,,,
bodypose-estimation,body-pose-openpifpaf,resnet50-012-13,320x180,rpi4,lne,CPU,F32,/,/,38.6,25.6,102.3,6.0,3168.8,16.6,3191.4,0.3,2218.5,45.6,1.5,0.0,0.0,0.0,0.0,56.3,0.0,0.0,81.6,0.0,0.0,0.0,,,
bodypose-estimation,body-pose-openpifpaf,resnet50-012-13,320x180,rpi4,onnxruntime,CPU,F32,/,/,38.6,25.6,102.3,5.6,5910.4,30.3,5946.3,0.2,1190.7,40.3,1.3,0.0,0.0,0.0,0.0,55.8,0.0,0.0,81.5,0.0,0.0,0.0,,,
bodypose-estimation,body-pose-openpifpaf,resnet50-012-13,320x240,rpi4,lne,CPU,F32,/,/,51.5,27.4,109.7,7.8,4302.3,18.2,4328.4,0.2,1635.7,46.8,1.5,0.0,0.0,0.0,0.0,56.3,0.0,0.0,81.9,0.0,0.0,0.0,,,
bodypose-estimation,body-pose-openpifpaf,resnet50-012-13,320x240,rpi4,onnxruntime,CPU,F32,/,/,51.5,27.4,109.7,7.2,7912.7,31.3,7951.2,0.1,890.4,40.9,1.3,0.0,0.0,0.0,0.0,55.6,0.0,0.0,81.3,0.0,0.0,0.0,,,
bodypose-estimation,body-pose-openpifpaf,resnet50-012-13,640x480,rpi4,lne,CPU,F32,/,/,205.8,27.5,109.9,31.6,17332.8,141.8,17506.2,0.1,404.4,54.6,1.8,0.0,0.0,0.0,0.0,56.5,0.0,0.0,82.3,0.0,0.0,0.0,,,
bodypose-estimation,body-pose-openpifpaf,resnet50-012-13,640x480,rpi4,onnxruntime,CPU,F32,/,/,205.8,27.5,109.9,27.5,30532.5,136.6,30696.6,0.0,230.6,54.0,1.8,0.0,0.0,0.0,0.0,56.3,0.0,0.0,81.8,0.0,0.0,0.0,,,
bodypose-estimation,body-pose-openpifpaf,resnet50-012,161x129,rpi4,lne,CPU,F32,/,/,14.9,25.6,102.3,2.9,1267.3,10.4,1280.5,0.8,5529.0,44.1,1.4,0.0,0.0,0.0,0.0,56.0,0.0,0.0,76.8,0.0,0.0,0.0,,,
bodypose-estimation,body-pose-openpifpaf,resnet50-012,161x129,rpi4,onnxruntime,CPU,F32,/,/,14.9,25.6,102.3,2.9,2862.0,17.6,2882.6,0.3,2456.1,40.4,1.3,0.0,0.0,0.0,0.0,55.6,0.0,0.0,77.8,0.0,0.0,0.0,,,
bodypose-estimation,body-pose-openpifpaf,resnet50-012,321x241,rpi4,lne,CPU,F32,/,/,53.1,25.6,102.3,8.4,4358.9,59.5,4426.8,0.2,1599.3,46.0,1.5,0.0,0.0,0.0,0.0,56.1,0.0,0.0,79.1,0.0,0.0,0.0,,,
bodypose-estimation,body-pose-openpifpaf,resnet50-012,321x241,rpi4,onnxruntime,CPU,F32,/,/,53.1,25.6,102.3,7.6,8142.5,75.1,8225.2,0.1,860.8,41.0,1.3,0.0,0.0,0.0,0.0,55.9,0.0,0.0,79.1,0.0,0.0,0.0,,,
bodypose-estimation,body-pose-openpifpaf,resnet50-012,321x321,rpi4,lne,CPU,F32,/,/,70.3,25.6,102.4,10.6,5844.6,79.0,5934.1,0.2,1193.1,47.0,1.5,0.0,0.0,0.0,0.0,56.2,0.0,0.0,79.6,0.0,0.0,0.0,,,
bodypose-estimation,body-pose-openpifpaf,resnet50-012,321x321,rpi4,onnxruntime,CPU,F32,/,/,70.3,25.6,102.4,9.5,10902.9,92.2,11004.6,0.1,643.4,42.2,1.4,0.0,0.0,0.0,0.0,55.9,0.0,0.0,79.8,0.0,0.0,0.0,,,
bodypose-estimation,body-pose-openpifpaf,resnet50-012,641x481,rpi4,lne,CPU,F32,/,/,206.9,25.6,102.4,27.7,17079.1,183.2,17289.9,0.1,409.5,55.1,1.8,0.0,0.0,0.0,0.0,56.3,0.0,0.0,81.3,0.0,0.0,0.0,,,
bodypose-estimation,body-pose-openpifpaf,resnet50-012,641x481,rpi4,onnxruntime,CPU,F32,/,/,206.9,25.6,102.4,27.7,30415.3,167.1,30610.1,0.0,231.3,54.7,1.8,0.0,0.0,0.0,0.0,56.1,0.0,0.0,80.9,0.0,0.0,0.0,,,
bodypose-estimation,body-pose-openpifpaf-shufflenet-sk30,160x120,160x120,rpi4,lne,CPU,F32,/,/,14.5,45.2,180.9,2.7,1881.4,43.9,1928.0,0.5,3672.2,45.4,1.5,0.0,0.0,0.0,0.0,55.8,0.0,0.0,80.6,0.0,0.0,0.0,,,
bodypose-estimation,body-pose-openpifpaf-shufflenet-sk30,160x120,160x120,rpi4,onnxruntime,CPU,F32,/,/,14.5,45.2,180.9,2.7,2853.2,53.9,2909.8,0.3,2433.2,41.0,1.3,0.0,0.0,0.0,0.0,55.6,0.0,0.0,80.6,0.0,0.0,0.0,,,
bodypose-estimation,body-pose-openpifpaf-shufflenet-sk30,320x180,320x180,rpi4,lne,CPU,F32,/,/,43.9,45.2,181.0,5.6,5705.5,191.4,5902.5,0.2,1199.5,46.6,1.5,0.0,0.0,0.0,0.0,56.1,0.0,0.0,81.4,0.0,0.0,0.0,,,
bodypose-estimation,body-pose-openpifpaf-shufflenet-sk30,320x180,320x180,rpi4,onnxruntime,CPU,F32,/,/,43.9,45.2,181.0,5.6,7842.4,183.7,8031.7,0.1,881.5,42.6,1.4,0.0,0.0,0.0,0.0,55.7,0.0,0.0,81.0,0.0,0.0,0.0,,,
bodypose-estimation,body-pose-openpifpaf-shufflenet-sk30,320x240,320x240,rpi4,lne,CPU,F32,/,/,56.6,45.2,181.0,7.3,7443.1,338.8,7789.2,0.1,908.9,46.7,1.6,0.0,0.0,0.0,0.0,56.1,0.0,0.0,81.1,0.0,0.0,0.0,,,
bodypose-estimation,body-pose-openpifpaf-shufflenet-sk30,320x240,320x240,rpi4,onnxruntime,CPU,F32,/,/,56.6,45.2,181.0,7.1,10080.9,331.5,10419.5,0.1,679.5,42.5,1.4,0.0,0.0,0.0,0.0,55.7,0.0,0.0,80.9,0.0,0.0,0.0,,,
bodypose-estimation,body-pose-openpifpaf-shufflenet-sk30,640x480,640x480,rpi4,lne,CPU,F32,/,/,226.5,45.3,181.0,27.9,30366.0,1256.5,31650.4,0.0,223.7,53.9,2.2,0.0,0.0,0.0,0.0,56.2,0.0,0.0,81.8,0.0,0.0,0.0,,,
bodypose-estimation,body-pose-openpifpaf-shufflenet-sk30,640x480,640x480,rpi4,onnxruntime,CPU,F32,/,/,226.5,45.3,181.0,26.4,39014.3,1345.4,40386.1,0.0,175.3,49.6,2.0,0.0,0.0,0.0,0.0,55.8,0.0,0.0,81.2,0.0,0.0,0.0,,,
bodypose-estimation,body-pose-openpifpaf-shufflenet-v2k16,240x180,240x180,rpi4,lne,CPU,F32,/,/,11.8,20.5,82.1,4.1,1615.2,83.1,1702.4,0.6,4158.9,41.9,1.4,0.0,0.0,0.0,0.0,55.9,0.0,0.0,78.7,0.0,0.0,0.0,,,
bodypose-estimation,body-pose-openpifpaf-shufflenet-v2k16,240x180,240x180,rpi4,onnxruntime,CPU,F32,/,/,11.8,20.5,82.1,4.1,2389.0,92.6,2485.8,0.4,2848.2,40.1,1.3,0.0,0.0,0.0,0.0,55.7,0.0,0.0,78.3,0.0,0.0,0.0,,,
bodypose-estimation,body-pose-openpifpaf-shufflenet-v2k16,320x180,320x180,rpi4,lne,CPU,F32,/,/,15.8,20.5,82.1,5.5,2122.2,171.7,2299.4,0.4,3079.0,40.9,1.4,0.0,0.0,0.0,0.0,56.0,0.0,0.0,79.1,0.0,0.0,0.0,,,
bodypose-estimation,body-pose-openpifpaf-shufflenet-v2k16,320x180,320x180,rpi4,onnxruntime,CPU,F32,/,/,15.8,20.5,82.1,5.5,3098.2,119.3,3223.1,0.3,2196.7,40.6,1.3,0.0,0.0,0.0,0.0,55.6,0.0,0.0,78.3,0.0,0.0,0.0,,,
bodypose-estimation,body-pose-openpifpaf-shufflenet-v2k16,320x240,320x240,rpi4,lne,CPU,F32,/,/,20.2,20.5,82.1,7.1,2719.0,308.3,3034.3,0.3,2333.3,40.1,1.4,0.0,0.0,0.0,0.0,56.0,0.0,0.0,78.1,0.0,0.0,0.0,,,
bodypose-estimation,body-pose-openpifpaf-shufflenet-v2k16,320x240,320x240,rpi4,onnxruntime,CPU,F32,/,/,20.2,20.5,82.1,7.1,3873.2,325.7,4206.1,0.2,1683.3,39.2,1.3,0.0,0.0,0.0,0.0,55.8,0.0,0.0,78.6,0.0,0.0,0.0,,,
coco,incar-object-detection-nanodet,5x,320x320,rpi4,lne,CPU,F32,/,/,1.8,2.5,9.8,13.6,328.8,0.0,342.5,2.9,20672.7,35.0,1.1,0.0,0.0,0.0,0.0,55.0,0.0,0.0,71.7,0.0,0.0,0.0,,,
coco,incar-object-detection-nanodet,5x,320x320,rpi4,onnxruntime,CPU,F32,/,/,1.8,2.5,9.8,9.3,646.8,0.0,656.1,1.5,10790.2,35.1,1.1,0.0,0.0,0.0,0.0,55.5,0.0,0.0,72.2,0.0,0.0,0.0,,,
coco,incar-object-detection-nanodet,m,320x320,rpi4,lne,CPU,F32,/,/,0.9,1.2,4.7,13.5,187.3,0.0,200.8,5.0,35258.7,34.5,1.1,0.0,0.0,0.0,0.0,54.9,0.0,0.0,71.6,0.0,0.0,0.0,,,
coco,incar-object-detection-nanodet,m,320x320,rpi4,onnxruntime,CPU,F32,/,/,0.9,1.2,4.7,9.4,394.3,0.2,403.8,2.5,17533.4,35.3,1.1,0.0,0.0,0.0,0.0,55.5,0.0,0.0,71.3,0.0,0.0,0.0,,,
face-landmarks-detection,face-landmarks-detection-retinaface,mobile0.25mod4lite-12-48,320x320,rpi4,lne,CPU,F32,AP-medium,43.8,0.3,0.2,0.9,10.4,68.2,6.3,84.9,11.8,83364.9,35.5,1.1,0.0,0.0,0.0,0.0,54.5,0.0,0.0,70.7,0.0,0.0,0.0,,,
face-landmarks-detection,face-landmarks-detection-retinaface,mobile0.25mod4lite-12-48,320x320,rpi4,onnxruntime,CPU,F32,AP-medium,43.8,0.3,0.2,0.9,11.5,148.1,12.4,172.1,5.8,41137.4,34.9,1.1,0.0,0.0,0.0,0.0,55.3,0.0,0.0,70.6,0.0,0.0,0.0,,,
face-landmarks-detection,face-landmarks-detection-retinaface,mobile0.25mod4lite-12-48,320x185,rpi4,lne,CPU,F32,AP-medium,31.9,0.2,0.2,0.9,5.9,40.3,3.6,49.8,20.1,142201.9,35.7,1.1,0.0,0.0,0.0,0.0,54.5,0.0,0.0,69.8,0.0,0.0,0.0,,,
face-landmarks-detection,face-landmarks-detection-retinaface,mobile0.25mod4lite-12-48,320x185,rpi4,onnxruntime,CPU,F32,AP-medium,31.9,0.2,0.2,0.9,4.4,76.6,11.8,92.8,10.8,76263.6,35.0,1.1,0.0,0.0,0.0,0.0,55.6,0.0,0.0,70.4,0.0,0.0,0.0,,,
face-landmarks-detection,face-landmarks-detection-retinaface,mobile0.25mod4lite-12-48,320x250,rpi4,lne,CPU,F32,AP-medium,41.7,0.3,0.2,0.9,8.0,54.0,4.8,66.8,15.0,105966.2,35.5,1.1,0.0,0.0,0.0,0.0,54.9,0.0,0.0,69.8,0.0,0.0,0.0,,,
face-landmarks-detection,face-landmarks-detection-retinaface,mobile0.25mod4lite-12-48,320x250,rpi4,onnxruntime,CPU,F32,AP-medium,41.7,0.3,0.2,0.9,5.9,127.9,6.6,140.4,7.1,50415.9,35.2,1.1,0.0,0.0,0.0,0.0,54.9,0.0,0.0,70.0,0.0,0.0,0.0,,,
face-landmarks-detection,face-landmarks-detection-retinaface,mobile0.25mod4lite-12-48,640x640,rpi4,lne,CPU,F32,AP-medium,73.9,1.3,0.2,0.9,43.4,311.0,38.1,392.4,2.5,18041.2,37.0,1.2,0.0,0.0,0.0,0.0,56.8,0.0,0.0,71.8,0.0,0.0,0.0,,,
face-landmarks-detection,face-landmarks-detection-retinaface,mobile0.25mod4lite-12-48,640x640,rpi4,onnxruntime,CPU,F32,AP-medium,73.9,1.3,0.2,0.9,44.3,539.2,46.8,630.4,1.6,11230.8,36.0,1.1,0.0,0.0,0.0,0.0,55.5,0.0,0.0,72.8,0.0,0.0,0.0,,,
face-landmarks-detection,face-landmarks-detection-retinaface,mobile0.25mod4lite-12-48,640x380,rpi4,lne,CPU,F32,AP-medium,67.2,0.8,0.2,0.9,16.6,172.9,16.0,205.4,4.9,34461.6,38.7,1.2,0.0,0.0,0.0,0.0,55.8,0.0,0.0,70.6,0.0,0.0,0.0,,,
face-landmarks-detection,face-landmarks-detection-retinaface,mobile0.25mod4lite-12-48,640x380,rpi4,onnxruntime,CPU,F32,AP-medium,67.2,0.8,0.2,0.9,27.0,318.5,31.1,376.6,2.7,18798.9,35.4,1.1,0.0,0.0,0.0,0.0,55.3,0.0,0.0,71.2,0.0,0.0,0.0,,,
face-landmarks-detection,face-landmarks-detection-retinaface,mobile0.25mod4lite-12-48,640x480,rpi4,lne,CPU,F32,AP-medium,72.3,1.0,0.2,0.9,32.7,229.9,27.7,290.2,3.4,24394.2,36.6,1.2,0.0,0.0,0.0,0.0,56.4,0.0,0.0,71.1,0.0,0.0,0.0,,,
face-landmarks-detection,face-landmarks-detection-retinaface,mobile0.25mod4lite-12-48,640x480,rpi4,onnxruntime,CPU,F32,AP-medium,72.3,1.0,0.2,0.9,25.6,406.3,35.3,467.3,2.1,15152.1,35.5,1.1,0.0,0.0,0.0,0.0,55.3,0.0,0.0,72.5,0.0,0.0,0.0,,,
face-landmarks-detection,face-landmarks-detection-retinaface,mobile0.25mod4lite-16-64,320x320,rpi4,lne,CPU,F32,AP-medium,53.4,0.5,0.4,1.7,10.6,84.1,6.6,101.2,9.9,69930.4,35.7,1.1,0.0,0.0,0.0,0.0,53.7,0.0,0.0,69.6,0.0,0.0,0.0,,,
face-landmarks-detection,face-landmarks-detection-retinaface,mobile0.25mod4lite-16-64,320x320,rpi4,onnxruntime,CPU,F32,AP-medium,53.4,0.5,0.4,1.7,7.3,204.9,13.2,225.4,4.4,31414.3,35.5,1.1,0.0,0.0,0.0,0.0,55.1,0.0,0.0,71.3,0.0,0.0,0.0,,,
face-landmarks-detection,face-landmarks-detection-retinaface,mobile0.25mod4lite-16-64,320x185,rpi4,lne,CPU,F32,AP-medium,42.2,0.3,0.4,1.7,5.9,49.6,3.7,59.2,16.9,119648.0,35.8,1.1,0.0,0.0,0.0,0.0,54.8,0.0,0.0,68.7,0.0,0.0,0.0,,,
face-landmarks-detection,face-landmarks-detection-retinaface,mobile0.25mod4lite-16-64,320x185,rpi4,onnxruntime,CPU,F32,AP-medium,42.2,0.3,0.4,1.7,4.5,124.0,4.7,133.2,7.5,53173.0,35.4,1.1,0.0,0.0,0.0,0.0,55.6,0.0,0.0,69.5,0.0,0.0,0.0,,,
face-landmarks-detection,face-landmarks-detection-retinaface,mobile0.25mod4lite-16-64,320x250,rpi4,lne,CPU,F32,AP-medium,51.9,0.4,0.4,1.7,8.0,66.1,4.9,79.0,12.7,89574.9,36.2,1.1,0.0,0.0,0.0,0.0,53.9,0.0,0.0,69.0,0.0,0.0,0.0,,,
face-landmarks-detection,face-landmarks-detection-retinaface,mobile0.25mod4lite-16-64,320x250,rpi4,onnxruntime,CPU,F32,AP-medium,51.9,0.4,0.4,1.7,6.1,171.0,6.9,184.1,5.4,38455.8,35.4,1.1,0.0,0.0,0.0,0.0,55.9,0.0,0.0,70.1,0.0,0.0,0.0,,,
face-landmarks-detection,face-landmarks-detection-retinaface,mobile0.25mod4lite-16-64,640x640,rpi4,lne,CPU,F32,AP-medium,79.9,2.1,0.4,1.7,43.8,380.2,37.6,461.7,2.2,15335.1,37.3,1.2,0.0,0.0,0.0,0.0,56.7,0.0,0.0,71.7,0.0,0.0,0.0,,,
face-landmarks-detection,face-landmarks-detection-retinaface,mobile0.25mod4lite-16-64,640x640,rpi4,onnxruntime,CPU,F32,AP-medium,79.9,2.1,0.4,1.7,33.1,753.6,47.5,834.2,1.2,8486.8,35.7,1.1,0.0,0.0,0.0,0.0,55.8,0.0,0.0,72.7,0.0,0.0,0.0,,,
face-landmarks-detection,face-landmarks-detection-retinaface,mobile0.25mod4lite-16-64,640x380,rpi4,lne,CPU,F32,AP-medium,75.0,1.3,0.4,1.7,16.7,218.0,16.1,250.8,4.0,28226.1,36.4,1.1,0.0,0.0,0.0,0.0,56.4,0.0,0.0,70.1,0.0,0.0,0.0,,,
face-landmarks-detection,face-landmarks-detection-retinaface,mobile0.25mod4lite-16-64,640x380,rpi4,onnxruntime,CPU,F32,AP-medium,75.0,1.3,0.4,1.7,27.3,462.1,31.3,520.6,1.9,13598.7,35.4,1.1,0.0,0.0,0.0,0.0,55.5,0.0,0.0,71.9,0.0,0.0,0.0,,,
face-landmarks-detection,face-landmarks-detection-retinaface,mobile0.25mod4lite-16-64,640x480,rpi4,lne,CPU,F32,AP-medium,78.7,1.6,0.4,1.7,32.6,278.9,27.6,339.1,2.9,20880.5,36.7,1.2,0.0,0.0,0.0,0.0,56.9,0.0,0.0,71.1,0.0,0.0,0.0,,,
face-landmarks-detection,face-landmarks-detection-retinaface,mobile0.25mod4lite-16-64,640x480,rpi4,onnxruntime,CPU,F32,AP-medium,78.7,1.6,0.4,1.7,33.5,560.7,37.8,632.0,1.6,11201.7,35.8,1.1,0.0,0.0,0.0,0.0,55.8,0.0,0.0,70.7,0.0,0.0,0.0,,,
face-landmarks-detection,face-landmarks-detection-retinaface,mobile0.25mod4lite-32-72,320x320,rpi4,lne,CPU,F32,AP-medium,61.9,0.9,0.7,2.9,10.6,142.1,6.6,159.3,6.3,44453.7,36.0,1.1,0.0,0.0,0.0,0.0,55.4,0.0,0.0,69.7,0.0,0.0,0.0,,,
face-landmarks-detection,face-landmarks-detection-retinaface,mobile0.25mod4lite-32-72,320x320,rpi4,onnxruntime,CPU,F32,AP-medium,61.9,0.9,0.7,2.9,7.1,347.8,12.6,367.5,2.7,19266.7,35.6,1.1,0.0,0.0,0.0,0.0,55.4,0.0,0.0,70.5,0.0,0.0,0.0,,,
face-landmarks-detection,face-landmarks-detection-retinaface,mobile0.25mod4lite-32-72,320x185,rpi4,lne,CPU,F32,AP-medium,50.5,0.6,0.7,2.9,5.3,85.0,3.7,94.0,10.6,75336.4,35.5,1.1,0.0,0.0,0.0,0.0,55.1,0.0,0.0,68.6,0.0,0.0,0.0,,,
face-landmarks-detection,face-landmarks-detection-retinaface,mobile0.25mod4lite-32-72,320x185,rpi4,onnxruntime,CPU,F32,AP-medium,50.5,0.6,0.7,2.9,4.4,213.7,4.8,222.9,4.5,31758.9,35.2,1.1,0.0,0.0,0.0,0.0,56.0,0.0,0.0,69.8,0.0,0.0,0.0,,,
face-landmarks-detection,face-landmarks-detection-retinaface,mobile0.25mod4lite-32-72,320x250,rpi4,lne,CPU,F32,AP-medium,60.3,0.7,0.7,2.9,8.1,113.4,5.2,126.7,7.9,55880.5,35.5,1.1,0.0,0.0,0.0,0.0,54.7,0.0,0.0,69.0,0.0,0.0,0.0,,,
face-landmarks-detection,face-landmarks-detection-retinaface,mobile0.25mod4lite-32-72,320x250,rpi4,onnxruntime,CPU,F32,AP-medium,60.3,0.7,0.7,2.9,5.9,281.0,6.3,293.2,3.4,24146.8,35.3,1.1,0.0,0.0,0.0,0.0,56.0,0.0,0.0,70.0,0.0,0.0,0.0,,,
face-landmarks-detection,face-landmarks-detection-retinaface,mobile0.25mod4lite-32-72,640x640,rpi4,lne,CPU,F32,AP-medium,84.0,3.7,0.7,2.9,43.5,583.5,38.5,665.5,1.5,10638.0,36.8,1.2,0.0,0.0,0.0,0.0,56.1,0.0,0.0,72.4,0.0,0.0,0.0,,,
face-landmarks-detection,face-landmarks-detection-retinaface,mobile0.25mod4lite-32-72,640x640,rpi4,onnxruntime,CPU,F32,AP-medium,84.0,3.7,0.7,2.9,44.5,1294.2,47.1,1385.8,0.7,5109.0,35.8,1.1,0.0,0.0,0.0,0.0,55.7,0.0,0.0,74.3,0.0,0.0,0.0,,,
face-landmarks-detection,face-landmarks-detection-retinaface,mobile0.25mod4lite-32-72,640x380,rpi4,lne,CPU,F32,AP-medium,79.7,2.2,0.7,2.9,21.1,353.7,21.2,396.0,2.5,17877.8,36.4,1.1,0.0,0.0,0.0,0.0,56.4,0.0,0.0,71.1,0.0,0.0,0.0,,,
face-landmarks-detection,face-landmarks-detection-retinaface,mobile0.25mod4lite-32-72,640x380,rpi4,onnxruntime,CPU,F32,AP-medium,79.7,2.2,0.7,2.9,17.3,800.8,23.2,841.4,1.2,8414.4,35.8,1.1,0.0,0.0,0.0,0.0,55.7,0.0,0.0,72.1,0.0,0.0,0.0,,,
face-landmarks-detection,face-landmarks-detection-retinaface,mobile0.25mod4lite-32-72,640x480,rpi4,lne,CPU,F32,AP-medium,82.9,2.8,0.7,2.9,33.1,445.1,27.5,505.8,2.0,13997.9,37.0,1.2,0.0,0.0,0.0,0.0,56.5,0.0,0.0,71.5,0.0,0.0,0.0,,,
face-landmarks-detection,face-landmarks-detection-retinaface,mobile0.25mod4lite-32-72,640x480,rpi4,onnxruntime,CPU,F32,AP-medium,82.9,2.8,0.7,2.9,33.6,985.3,39.3,1058.2,0.9,6690.4,35.6,1.1,0.0,0.0,0.0,0.0,55.6,0.0,0.0,72.7,0.0,0.0,0.0,,,
face-landmarks-detection,face-landmarks-detection-retinaface,mobile0.25mod4lite-48-96,320x320,rpi4,lne,CPU,F32,AP-medium,64.0,1.7,1.4,5.7,7.5,226.2,6.2,239.9,4.2,29514.1,36.3,1.1,0.0,0.0,0.0,0.0,55.2,0.0,0.0,70.3,0.0,0.0,0.0,,,
face-landmarks-detection,face-landmarks-detection-retinaface,mobile0.25mod4lite-48-96,320x320,rpi4,onnxruntime,CPU,F32,AP-medium,64.0,1.7,1.4,5.7,7.5,544.0,14.0,565.5,1.8,12520.5,35.7,1.1,0.0,0.0,0.0,0.0,55.5,0.0,0.0,71.4,0.0,0.0,0.0,,,
face-landmarks-detection,face-landmarks-detection-retinaface,mobile0.25mod4lite-48-96,320x185,rpi4,lne,CPU,F32,AP-medium,52.2,1.0,1.4,5.7,4.6,134.7,3.7,143.0,7.0,49511.8,35.5,1.1,0.0,0.0,0.0,0.0,54.7,0.0,0.0,70.7,0.0,0.0,0.0,,,
face-landmarks-detection,face-landmarks-detection-retinaface,mobile0.25mod4lite-48-96,320x185,rpi4,onnxruntime,CPU,F32,AP-medium,52.2,1.0,1.4,5.7,4.5,338.2,5.1,347.8,2.9,20356.7,35.6,1.1,0.0,0.0,0.0,0.0,55.5,0.0,0.0,70.8,0.0,0.0,0.0,,,
face-landmarks-detection,face-landmarks-detection-retinaface,mobile0.25mod4lite-48-96,320x250,rpi4,lne,CPU,F32,AP-medium,62.5,1.3,1.4,5.7,6.0,179.1,4.9,190.0,5.3,37271.4,36.2,1.1,0.0,0.0,0.0,0.0,55.0,0.0,0.0,70.8,0.0,0.0,0.0,,,
face-landmarks-detection,face-landmarks-detection-retinaface,mobile0.25mod4lite-48-96,320x250,rpi4,onnxruntime,CPU,F32,AP-medium,62.5,1.3,1.4,5.7,5.9,454.4,11.0,471.3,2.1,15020.9,35.7,1.1,0.0,0.0,0.0,0.0,55.3,0.0,0.0,72.2,0.0,0.0,0.0,,,
face-landmarks-detection,face-landmarks-detection-retinaface,mobile0.25mod4lite-48-96,640x640,rpi4,lne,CPU,F32,AP-medium,86.0,6.6,1.4,5.7,33.7,908.7,35.4,977.7,1.0,7241.2,38.0,1.2,0.0,0.0,0.0,0.0,57.1,0.0,0.0,72.5,0.0,0.0,0.0,,,
face-landmarks-detection,face-landmarks-detection-retinaface,mobile0.25mod4lite-48-96,640x640,rpi4,onnxruntime,CPU,F32,AP-medium,86.0,6.6,1.4,5.7,43.8,1958.0,48.9,2050.7,0.5,3452.5,36.5,1.1,0.0,0.0,0.0,0.0,55.7,0.0,0.0,73.8,0.0,0.0,0.0,,,
face-landmarks-detection,face-landmarks-detection-retinaface,mobile0.25mod4lite-48-96,640x380,rpi4,lne,CPU,F32,AP-medium,81.6,3.9,1.4,5.7,21.2,542.7,20.8,584.6,1.7,12110.6,37.1,1.2,0.0,0.0,0.0,0.0,56.6,0.0,0.0,73.1,0.0,0.0,0.0,,,
face-landmarks-detection,face-landmarks-detection-retinaface,mobile0.25mod4lite-48-96,640x380,rpi4,onnxruntime,CPU,F32,AP-medium,81.6,3.9,1.4,5.7,17.1,1223.9,24.0,1265.0,0.8,5596.9,36.0,1.1,0.0,0.0,0.0,0.0,55.6,0.0,0.0,74.1,0.0,0.0,0.0,,,
face-landmarks-detection,face-landmarks-detection-retinaface,mobile0.25mod4lite-48-96,640x480,rpi4,lne,CPU,F32,AP-medium,84.9,4.9,1.4,5.7,26.4,681.1,27.3,734.8,1.4,9635.5,37.4,1.2,0.0,0.0,0.0,0.0,56.7,0.0,0.0,74.3,0.0,0.0,0.0,,,
face-landmarks-detection,face-landmarks-detection-retinaface,mobile0.25mod4lite-48-96,640x480,rpi4,onnxruntime,CPU,F32,AP-medium,84.9,4.9,1.4,5.7,20.9,1535.2,28.6,1584.6,0.6,4467.9,36.3,1.1,0.0,0.0,0.0,0.0,55.7,0.0,0.0,74.7,0.0,0.0,0.0,,,
face-landmarks-detection,face-landmarks-detection-retinaface,mobile0.25mod4lite-64-128,320x320,rpi4,lne,CPU,F32,AP-medium,68.4,2.9,2.5,10.0,7.5,341.8,6.0,355.2,2.8,19932.4,36.7,1.2,0.0,0.0,0.0,0.0,54.5,0.0,0.0,71.9,0.0,0.0,0.0,,,
face-landmarks-detection,face-landmarks-detection-retinaface,mobile0.25mod4lite-64-128,320x320,rpi4,onnxruntime,CPU,F32,AP-medium,68.4,2.9,2.5,10.0,7.5,842.5,15.3,865.3,1.2,8182.5,35.9,1.1,0.0,0.0,0.0,0.0,55.5,0.0,0.0,73.2,0.0,0.0,0.0,,,
face-landmarks-detection,face-landmarks-detection-retinaface,mobile0.25mod4lite-64-128,320x185,rpi4,lne,CPU,F32,AP-medium,56.9,1.7,2.5,10.0,4.6,204.6,3.6,212.8,4.7,33277.0,35.8,1.1,0.0,0.0,0.0,0.0,55.0,0.0,0.0,71.8,0.0,0.0,0.0,,,
face-landmarks-detection,face-landmarks-detection-retinaface,mobile0.25mod4lite-64-128,320x185,rpi4,onnxruntime,CPU,F32,AP-medium,56.9,1.7,2.5,10.0,4.5,509.0,7.3,520.8,1.9,13593.2,35.6,1.1,0.0,0.0,0.0,0.0,55.7,0.0,0.0,72.8,0.0,0.0,0.0,,,
face-landmarks-detection,face-landmarks-detection-retinaface,mobile0.25mod4lite-64-128,320x250,rpi4,lne,CPU,F32,AP-medium,66.5,2.3,2.5,10.0,5.9,270.1,4.8,280.8,3.6,25210.3,36.5,1.2,0.0,0.0,0.0,0.0,55.6,0.0,0.0,72.1,0.0,0.0,0.0,,,
face-landmarks-detection,face-landmarks-detection-retinaface,mobile0.25mod4lite-64-128,320x250,rpi4,onnxruntime,CPU,F32,AP-medium,66.5,2.3,2.5,10.0,6.1,662.0,6.0,674.1,1.5,10503.5,35.3,1.1,0.0,0.0,0.0,0.0,55.7,0.0,0.0,73.4,0.0,0.0,0.0,,,
face-landmarks-detection,face-landmarks-detection-retinaface,mobile0.25mod4lite-64-128,640x640,rpi4,lne,CPU,F32,AP-medium,87.3,11.4,2.5,10.0,34.5,1370.3,34.8,1439.6,0.7,4918.0,38.6,1.2,0.0,0.0,0.0,0.0,56.8,0.0,0.0,73.3,0.0,0.0,0.0,,,
face-landmarks-detection,face-landmarks-detection-retinaface,mobile0.25mod4lite-64-128,640x640,rpi4,onnxruntime,CPU,F32,AP-medium,87.3,11.4,2.5,10.0,33.4,2916.2,44.0,2993.6,0.3,2365.0,35.9,1.1,0.0,0.0,0.0,0.0,55.7,0.0,0.0,75.5,0.0,0.0,0.0,,,
face-landmarks-detection,face-landmarks-detection-retinaface,mobile0.25mod4lite-64-128,640x380,rpi4,lne,CPU,F32,AP-medium,83.3,6.8,2.5,10.0,16.5,823.9,15.4,855.8,1.2,8272.9,39.8,1.3,0.0,0.0,0.0,0.0,56.5,0.0,0.0,74.6,0.0,0.0,0.0,,,
face-landmarks-detection,face-landmarks-detection-retinaface,mobile0.25mod4lite-64-128,640x380,rpi4,onnxruntime,CPU,F32,AP-medium,83.3,6.8,2.5,10.0,17.2,1805.4,25.8,1848.3,0.5,3830.5,36.1,1.1,0.0,0.0,0.0,0.0,55.6,0.0,0.0,76.3,0.0,0.0,0.0,,,
face-landmarks-detection,face-landmarks-detection-retinaface,mobile0.25mod4lite-64-128,640x480,rpi4,lne,CPU,F32,AP-medium,86.2,8.6,2.5,10.0,25.6,1040.7,25.7,1091.9,0.9,6483.9,37.4,1.2,0.0,0.0,0.0,0.0,56.6,0.0,0.0,74.5,0.0,0.0,0.0,,,
face-landmarks-detection,face-landmarks-detection-retinaface,mobile0.25mod4lite-64-128,640x480,rpi4,onnxruntime,CPU,F32,AP-medium,86.2,8.6,2.5,10.0,21.0,2251.7,29.4,2302.2,0.4,3075.4,36.1,1.1,0.0,0.0,0.0,0.0,55.8,0.0,0.0,76.4,0.0,0.0,0.0,,,
incar-object-detection,incar-object-detection-nanodet,resnet50,320x320,rpi4,lne,CPU,F32,/,/,17.4,24.4,97.4,9.3,1450.4,1.5,1461.2,0.7,4845.4,43.3,1.4,0.0,0.0,0.0,0.0,56.0,0.0,0.0,77.2,0.0,0.0,0.0,,,
incar-object-detection,incar-object-detection-nanodet,resnet50,320x320,rpi4,onnxruntime,CPU,F32,/,/,17.4,24.4,97.4,9.3,3232.9,2.7,3244.9,0.3,2181.9,38.1,1.2,0.0,0.0,0.0,0.0,55.6,0.0,0.0,77.9,0.0,0.0,0.0,,,
incar-object-detection,incar-object-detection-nanodet,resnet50,640x640,rpi4,lne,CPU,F32,/,/,81.4,28.5,114.1,35.8,7057.6,5.8,7099.2,0.1,997.3,48.6,1.6,0.0,0.0,0.0,0.0,56.0,0.0,0.0,79.6,0.0,0.0,0.0,,,
incar-object-detection,incar-object-detection-nanodet,resnet50,640x640,rpi4,onnxruntime,CPU,F32,/,/,81.4,28.5,114.1,35.0,12299.6,7.1,12341.7,0.1,573.7,41.3,1.3,0.0,0.0,0.0,0.0,55.7,0.0,0.0,79.1,0.0,0.0,0.0,,,
incar-object-detection,incar-object-detection-nanodet,resnet50,640x480,rpi4,lne,CPU,F32,/,/,52.0,24.4,97.4,26.4,4272.5,4.6,4303.5,0.2,1645.2,48.6,1.6,0.0,0.0,0.0,0.0,56.0,0.0,0.0,79.2,0.0,0.0,0.0,,,
incar-object-detection,incar-object-detection-nanodet,resnet50,640x480,rpi4,onnxruntime,CPU,F32,/,/,52.0,24.4,97.4,26.5,8074.4,6.4,8107.3,0.1,873.3,40.5,1.3,0.0,0.0,0.0,0.0,55.8,0.0,0.0,78.6,0.0,0.0,0.0,,,
face-recognition,face-recognition-insightsface-mobilefacenet,mxnet,112x112,rpi4,lne,CPU,F32,/,/,0.4,1.0,4.0,1.6,76.6,0.0,78.2,12.8,90511.4,35.3,1.1,0.0,0.0,0.0,0.0,55.6,0.0,0.0,70.6,0.0,0.0,0.0,,,
face-recognition,face-recognition-insightsface-mobilefacenet,mxnet,112x112,rpi4,onnxruntime,CPU,F32,/,/,0.4,1.0,4.0,/,/,/,/,/,/,0.0,0.0,0.0,0.0,0.0,0.0,0.0,0.0,0.0,0.0,0.0,0.0,0.0,,,
age-gender-estimation,age-gender-insightface,mobilenet_0_25x,112x112,rpi4,lne,CPU,F32,/,/,0.1,0.3,1.1,1.7,12.5,0.0,14.2,70.4,498109.2,35.3,1.1,0.0,0.0,0.0,0.0,56.2,0.0,0.0,70.9,0.0,0.0,0.0,,,
age-gender-estimation,age-gender-insightface,mobilenet_0_25x,112x112,rpi4,onnxruntime,CPU,F32,/,/,0.1,0.3,1.1,/,/,/,/,/,/,0.0,0.0,0.0,0.0,0.0,0.0,0.0,0.0,0.0,0.0,0.0,0.0,0.0,,,
emotion-classification,emotion-classic-light-112x96,default_onnx,96x112,rpi4,lne,CPU,F32,/,/,0.4,2.7,10.8,2.3,24.7,0.0,27.0,37.1,262511.1,35.2,1.1,0.0,0.0,0.0,0.0,59.4,0.0,0.0,72.5,0.0,0.0,0.0,,,
emotion-classification,emotion-classic-light-112x96,default_onnx,96x112,rpi4,onnxruntime,CPU,F32,/,/,0.4,2.7,10.8,/,/,/,/,/,/,0.0,0.0,0.0,0.0,0.0,0.0,0.0,0.0,0.0,0.0,0.0,0.0,0.0,,,
emotion-classification,emotion-classic-light-112x96,moonshine_onnx,96x112,rpi4,lne,CPU,F32,/,/,0.2,0.1,0.6,2.5,28.9,0.0,31.4,31.8,225132.8,35.1,1.1,0.0,0.0,0.0,0.0,58.4,0.0,0.0,74.0,0.0,0.0,0.0,,,
emotion-classification,emotion-classic-light-112x96,moonshine_onnx,96x112,rpi4,onnxruntime,CPU,F32,/,/,0.2,0.1,0.6,2.6,80.8,0.7,84.0,11.9,84267.3,34.6,1.1,0.0,0.0,0.0,0.0,57.4,0.0,0.0,74.8,0.0,0.0,0.0,,,
emotion-classification,emotion-classic-light-112x96,student_g1,96x112,rpi4,lne,CPU,F32,/,/,0.6,0.4,1.6,2.3,37.4,0.0,39.7,25.2,178480.7,35.0,1.1,0.0,0.0,0.0,0.0,57.7,0.0,0.0,74.7,0.0,0.0,0.0,,,
emotion-classification,emotion-classic-light-112x96,student_g1,96x112,rpi4,onnxruntime,CPU,F32,/,/,0.6,0.4,1.6,2.3,144.7,0.1,147.1,6.8,48144.8,34.4,1.1,0.0,0.0,0.0,0.0,57.9,0.0,0.0,75.2,0.0,0.0,0.0,,,
emotion-classification,emotion-classic-light-112x96,student_g16,96x112,rpi4,lne,CPU,F32,/,/,0.1,0.1,0.3,2.9,31.4,0.0,34.4,29.1,205883.7,34.8,1.1,0.0,0.0,0.0,0.0,58.1,0.0,0.0,74.0,0.0,0.0,0.0,,,
emotion-classification,emotion-classic-light-112x96,student_g16,96x112,rpi4,onnxruntime,CPU,F32,/,/,0.1,0.1,0.3,2.5,63.0,0.1,65.6,15.2,107884.2,34.9,1.1,0.0,0.0,0.0,0.0,59.0,0.0,0.0,74.3,0.0,0.0,0.0,,,
emotion-classification,emotion-classic-light-112x96,student_g2,96x112,rpi4,lne,CPU,F32,/,/,0.4,0.2,0.9,2.5,30.9,0.0,33.4,29.9,211860.3,35.0,1.1,0.0,0.0,0.0,0.0,58.5,0.0,0.0,72.8,0.0,0.0,0.0,,,
emotion-classification,emotion-classic-light-112x96,student_g2,96x112,rpi4,onnxruntime,CPU,F32,/,/,0.4,0.2,0.9,2.2,109.1,0.1,111.5,9.0,63476.6,35.0,1.1,0.0,0.0,0.0,0.0,57.8,0.0,0.0,74.7,0.0,0.0,0.0,,,
emotion-classification,emotion-classic-light-112x96,student_g32,96x112,rpi4,lne,CPU,F32,/,/,0.1,0.1,0.3,2.9,41.1,0.0,44.0,22.7,160847.6,35.1,1.1,0.0,0.0,0.0,0.0,56.8,0.0,0.0,73.4,0.0,0.0,0.0,,,
emotion-classification,emotion-classic-light-112x96,student_g32,96x112,rpi4,onnxruntime,CPU,F32,/,/,0.1,0.1,0.3,2.9,50.1,0.1,53.1,18.8,133453.8,35.0,1.1,0.0,0.0,0.0,0.0,59.2,0.0,0.0,74.0,0.0,0.0,0.0,,,
emotion-classification,emotion-classic-light-112x96,student_g4,96x112,rpi4,lne,CPU,F32,/,/,0.2,0.1,0.6,2.5,27.6,0.0,30.1,33.2,235057.0,35.4,1.1,0.0,0.0,0.0,0.0,59.3,0.0,0.0,72.0,0.0,0.0,0.0,,,
emotion-classification,emotion-classic-light-112x96,student_g4,96x112,rpi4,onnxruntime,CPU,F32,/,/,0.2,0.1,0.6,2.5,78.1,0.1,80.6,12.4,87802.6,35.1,1.1,0.0,0.0,0.0,0.0,58.9,0.0,0.0,72.8,0.0,0.0,0.0,,,
emotion-classification,emotion-classic-light-112x96,student_g8,96x112,rpi4,lne,CPU,F32,/,/,0.2,0.1,0.4,2.9,28.7,0.0,31.6,31.6,223751.4,34.8,1.1,0.0,0.0,0.0,0.0,56.6,0.0,0.0,73.8,0.0,0.0,0.0,,,
emotion-classification,emotion-classic-light-112x96,student_g8,96x112,rpi4,onnxruntime,CPU,F32,/,/,0.2,0.1,0.4,2.6,66.7,0.1,69.3,14.4,102179.9,34.8,1.1,0.0,0.0,0.0,0.0,57.7,0.0,0.0,74.7,0.0,0.0,0.0,,,
emotion-classification,emotion-classic-light-112x96,teacher_onnx,96x112,rpi4,lne,CPU,F32,/,/,0.5,8.5,33.8,2.3,36.0,0.0,38.3,26.1,184768.8,35.9,1.1,0.0,0.0,0.0,0.0,57.5,0.0,0.0,73.6,0.0,0.0,0.0,,,
emotion-classification,emotion-classic-light-112x96,teacher_onnx,96x112,rpi4,onnxruntime,CPU,F32,/,/,0.5,8.5,33.8,2.3,158.1,0.1,160.4,6.2,44140.1,35.3,1.1,0.0,0.0,0.0,0.0,57.0,0.0,0.0,74.4,0.0,0.0,0.0,,,
eyegaze,eyegaze-rankgaze,mobilefacenet-mpiigaze,224x224,rpi4,lne,CPU,F32,Avg MAE,5.66,1.9,4.2,16.6,4.6,338.4,0.0,343.1,2.9,20636.8,35.6,1.1,0.0,0.0,0.0,0.0,55.9,0.0,0.0,74.6,0.0,0.0,0.0,,,
eyegaze,eyegaze-rankgaze,mobilefacenet-mpiigaze,224x224,rpi4,onnxruntime,CPU,F32,Avg MAE,5.66,1.9,4.2,16.6,4.8,607.2,0.1,612.0,1.6,11568.8,35.4,1.1,0.0,0.0,0.0,0.0,56.1,0.0,0.0,75.4,0.0,0.0,0.0,,,
eyegaze,eyegaze-rankgaze,mobilefacenet-mpiigaze-righteye-t50,32x32,rpi4,lne,CPU,F32,Avg MAE,5.9,0.0,4.1,16.2,0.3,10.9,0.0,11.2,89.5,633773.1,35.5,1.1,0.0,0.0,0.0,0.0,57.3,0.0,0.0,72.0,0.0,0.0,0.0,,,
eyegaze,eyegaze-rankgaze,mobilefacenet-mpiigaze-righteye-t50,32x32,rpi4,onnxruntime,CPU,F32,Avg MAE,5.9,0.0,4.1,16.2,0.3,46.0,0.1,46.3,21.6,152817.4,35.7,1.1,0.0,0.0,0.0,0.0,59.1,0.0,0.0,72.1,0.0,0.0,0.0,,,
eyegaze,eyegaze-rankgaze,mobilefacenet-mpiigaze-righteye-t50,48x32,rpi4,lne,CPU,F32,Avg MAE,7.25,0.1,4.1,16.2,0.3,13.7,0.0,14.0,71.2,504433.7,35.4,1.1,0.0,0.0,0.0,0.0,54.8,0.0,0.0,70.9,0.0,0.0,0.0,,,
eyegaze,eyegaze-rankgaze,mobilefacenet-mpiigaze-righteye-t50,48x32,rpi4,onnxruntime,CPU,F32,Avg MAE,7.25,0.1,4.1,16.2,0.3,60.2,0.1,60.5,16.5,116975.0,35.6,1.1,0.0,0.0,0.0,0.0,57.0,0.0,0.0,71.4,0.0,0.0,0.0,,,
eyegaze,eyegaze-rankgaze,mobilefacenet-mpiigaze-righteye-t50,64x48,rpi4,lne,CPU,F32,Avg MAE,6.32,0.1,4.1,16.2,0.4,22.5,0.0,23.0,43.5,307809.2,35.8,1.1,0.0,0.0,0.0,0.0,53.4,0.0,0.0,71.5,0.0,0.0,0.0,,,
eyegaze,eyegaze-rankgaze,mobilefacenet-mpiigaze-righteye-t50,64x48,rpi4,onnxruntime,CPU,F32,Avg MAE,6.32,0.1,4.1,16.2,0.4,79.0,0.1,79.6,12.6,88995.9,35.7,1.1,0.0,0.0,0.0,0.0,58.6,0.0,0.0,72.1,0.0,0.0,0.0,,,
eyegaze,eyegaze-rankgaze,mobilefacenet-mpiigaze-righteye-t50,64x64,rpi4,lne,CPU,F32,Avg MAE,5.82,0.2,4.1,16.2,0.5,29.1,0.0,29.7,33.7,238491.4,35.8,1.1,0.0,0.0,0.0,0.0,57.2,0.0,0.0,72.1,0.0,0.0,0.0,,,
eyegaze,eyegaze-rankgaze,mobilefacenet-mpiigaze-righteye-t50,64x64,rpi4,onnxruntime,CPU,F32,Avg MAE,5.82,0.2,4.1,16.2,0.5,91.9,0.1,92.5,10.8,76541.9,35.5,1.1,0.0,0.0,0.0,0.0,58.5,0.0,0.0,72.3,0.0,0.0,0.0,,,
eyegaze,eyegaze-rankgaze,resnet50-mpiigaze,224x224,rpi4,lne,CPU,F32,/,/,8.2,25.6,102.3,4.7,694.6,0.0,699.3,1.4,10124.5,42.7,1.4,0.0,0.0,0.0,0.0,56.1,0.0,0.0,76.3,0.0,0.0,0.0,,,
eyegaze,eyegaze-rankgaze,resnet50-mpiigaze,224x224,rpi4,onnxruntime,CPU,F32,/,/,8.2,25.6,102.3,4.7,1820.2,0.1,1824.9,0.5,3879.6,37.8,1.2,0.0,0.0,0.0,0.0,55.6,0.0,0.0,77.1,0.0,0.0,0.0,,,
headpose-estimation,headpose-rankpose,mobilefacenetfc512,112x112,rpi4,lne,CPU,F32,Avg MAE,4.4,0.5,6.2,25.0,1.9,61.9,0.0,63.8,15.7,111026.4,35.4,1.1,0.0,0.0,0.0,0.0,56.6,0.0,0.0,69.8,0.0,0.0,0.0,,,
headpose-estimation,headpose-rankpose,mobilefacenetfc512,112x112,rpi4,onnxruntime,CPU,F32,Avg MAE,4.4,0.5,6.2,25.0,1.9,217.2,0.1,219.1,4.6,32308.4,35.5,1.1,0.0,0.0,0.0,0.0,57.2,0.0,0.0,71.6,0.0,0.0,0.0,,,
headpose-estimation,headpose-rankpose,mobilefacenetfc512,192x224,rpi4,lne,CPU,F32,Avg MAE,4.63,1.6,6.3,25.2,4.0,200.2,0.0,204.2,4.9,34670.3,35.6,1.1,0.0,0.0,0.0,0.0,54.5,0.0,0.0,72.7,0.0,0.0,0.0,,,
headpose-estimation,headpose-rankpose,mobilefacenetfc512,192x224,rpi4,onnxruntime,CPU,F32,Avg MAE,4.63,1.6,6.3,25.2,4.0,538.0,0.1,542.0,1.8,13061.6,35.6,1.1,0.0,0.0,0.0,0.0,56.0,0.0,0.0,73.7,0.0,0.0,0.0,,,
headpose-estimation,headpose-rankpose,mobilefacenetfc512,224x224,rpi4,lne,CPU,F32,Avg MAE,4.43,1.9,6.3,25.3,4.7,343.9,0.0,348.6,2.9,20309.1,35.6,1.1,0.0,0.0,0.0,0.0,55.8,0.0,0.0,73.4,0.0,0.0,0.0,,,
headpose-estimation,headpose-rankpose,mobilefacenetfc512,224x224,rpi4,onnxruntime,CPU,F32,Avg MAE,4.43,1.9,6.3,25.3,4.7,660.8,0.1,665.5,1.5,10638.3,35.8,1.1,0.0,0.0,0.0,0.0,56.0,0.0,0.0,73.5,0.0,0.0,0.0,,,
headpose-estimation,headpose-rankpose,mobilefacenetfc512,96x112,rpi4,lne,CPU,F32,Avg MAE,4.63,0.4,6.2,25.0,1.7,53.6,0.0,55.3,18.1,128026.0,35.4,1.1,0.0,0.0,0.0,0.0,54.6,0.0,0.0,70.6,0.0,0.0,0.0,,,
headpose-estimation,headpose-rankpose,mobilefacenetfc512,96x112,rpi4,onnxruntime,CPU,F32,Avg MAE,4.63,0.4,6.2,25.0,1.7,191.0,0.1,192.8,5.2,36730.9,35.4,1.1,0.0,0.0,0.0,0.0,55.9,0.0,0.0,71.7,0.0,0.0,0.0,,,
headpose-estimation,headpose-rankpose,mobilefacenetfc512onlypose,96x112,rpi4,lne,CPU,F32,Avg MAE,4.34,0.4,3.0,12.1,1.7,75.5,0.0,77.2,13.0,91730.3,35.0,1.1,0.0,0.0,0.0,0.0,56.1,0.0,0.0,71.3,0.0,0.0,0.0,,,
headpose-estimation,headpose-rankpose,mobilefacenetfc512onlypose,96x112,rpi4,onnxruntime,CPU,F32,Avg MAE,4.34,0.4,3.0,12.1,1.7,184.9,0.1,186.6,5.4,37940.5,34.4,1.1,0.0,0.0,0.0,0.0,56.8,0.0,0.0,72.2,0.0,0.0,0.0,,,
headpose-estimation,headpose-rankpose,mobilefacenetonlyposefc512,112x112,rpi4,lne,CPU,F32,Avg MAE,4.38,0.5,3.0,12.1,1.9,86.4,0.0,88.3,11.3,80189.7,35.2,1.1,0.0,0.0,0.0,0.0,56.5,0.0,0.0,71.5,0.0,0.0,0.0,,,
headpose-estimation,headpose-rankpose,mobilefacenetonlyposefc512,112x112,rpi4,onnxruntime,CPU,F32,Avg MAE,4.38,0.5,3.0,12.1,1.9,210.7,0.1,212.6,4.7,33300.7,35.1,1.1,0.0,0.0,0.0,0.0,56.7,0.0,0.0,72.6,0.0,0.0,0.0,,,
headpose-estimation,headpose-rankpose,resnet50,224x224,rpi4,lne,CPU,F32,/,/,8.2,23.8,95.1,4.7,691.9,0.0,696.6,1.4,10164.3,42.2,1.4,0.0,0.0,0.0,0.0,55.8,0.0,0.0,76.3,0.0,0.0,0.0,,,
headpose-estimation,headpose-rankpose,resnet50,224x224,rpi4,onnxruntime,CPU,F32,/,/,8.2,23.8,95.1,4.7,1808.1,0.1,1812.8,0.6,3905.5,37.6,1.2,0.0,0.0,0.0,0.0,55.8,0.0,0.0,76.7,0.0,0.0,0.0,,,
imagenet,imagenet-alexnet,benchmark,227x227,rpi4,lne,CPU,F32,Accuracy top-1,56.6,1.4,61.0,243.9,3.8,196.4,0.0,200.2,5.0,35358.8,44.2,1.4,0.0,0.0,0.0,0.0,55.9,0.0,0.0,70.7,0.0,0.0,0.0,,,
imagenet,imagenet-alexnet,benchmark,227x227,rpi4,onnxruntime,CPU,F32,Accuracy top-1,56.6,1.4,61.0,243.9,/,/,/,/,/,/,0.0,0.0,0.0,0.0,0.0,0.0,0.0,0.0,0.0,0.0,0.0,0.0,0.0,,,
imagenet,imagenet-efficientb0,default,224x224,rpi4,lne,CPU,F32,Accuracy top-1,77.1,0.8,5.3,21.1,3.4,239.5,0.0,243.0,4.1,29136.9,37.3,1.2,0.0,0.0,0.0,0.0,54.8,0.0,0.0,72.4,0.0,0.0,0.0,,,
imagenet,imagenet-efficientb0,default,224x224,rpi4,onnxruntime,CPU,F32,Accuracy top-1,77.1,0.8,5.3,21.1,3.5,545.9,0.1,549.5,1.8,12884.3,37.8,1.2,0.0,0.0,0.0,0.0,56.0,0.0,0.0,74.2,0.0,0.0,0.0,,,
imagenet,imagenet-googlenet,benchmark,224x224,rpi4,lne,CPU,F32,Accuracy top-1,66.5,3.2,7.0,28.0,3.7,297.1,0.0,300.8,3.3,23535.9,19.9,0.6,0.0,0.0,0.0,0.0,54.5,0.0,0.0,73.1,0.0,0.0,0.0,,,
imagenet,imagenet-googlenet,benchmark,224x224,rpi4,onnxruntime,CPU,F32,Accuracy top-1,66.5,3.2,7.0,28.0,/,/,/,/,/,/,0.0,0.0,0.0,0.0,0.0,0.0,0.0,0.0,0.0,0.0,0.0,0.0,0.0,,,
imagenet,imagenet-mobilenet,default,224x224,rpi4,lne,CPU,F32,Accuracy top-1,69.5,1.1,4.2,16.9,4.6,127.7,0.0,132.4,7.6,53467.4,37.8,1.2,0.0,0.0,0.0,0.0,54.7,0.0,0.0,71.5,0.0,0.0,0.0,,,
imagenet,imagenet-mobilenet,default,224x224,rpi4,onnxruntime,CPU,F32,Accuracy top-1,69.5,1.1,4.2,16.9,/,/,/,/,/,/,0.0,0.0,0.0,0.0,0.0,0.0,0.0,0.0,0.0,0.0,0.0,0.0,0.0,,,
imagenet,imagenet-mobilenet-v2,fp32,224x224,rpi4,lne,CPU,F32,Accuracy top-1,71.8,0.6,3.5,14.0,4.7,136.7,0.0,141.4,7.1,50079.6,37.6,1.2,0.0,0.0,0.0,0.0,55.1,0.0,0.0,72.2,0.0,0.0,0.0,,,
imagenet,imagenet-mobilenet-v2,fp32,224x224,rpi4,onnxruntime,CPU,F32,Accuracy top-1,71.8,0.6,3.5,14.0,4.7,285.7,0.1,290.5,3.4,24370.6,37.4,1.2,0.0,0.0,0.0,0.0,56.3,0.0,0.0,72.7,0.0,0.0,0.0,,,
imagenet,imagenet-mobilenetv3,large,223x224,rpi4,lne,CPU,F32,Accuracy top-1,75.2,0.4,5.5,21.9,4.7,71.5,0.1,76.3,13.1,92820.4,38.5,1.2,0.0,0.0,0.0,0.0,54.5,0.0,0.0,68.5,0.0,0.0,0.0,,,
imagenet,imagenet-mobilenetv3,large,223x224,rpi4,onnxruntime,CPU,F32,Accuracy top-1,75.2,0.4,5.5,21.9,4.7,277.4,0.1,282.1,3.5,25093.2,37.6,1.2,0.0,0.0,0.0,0.0,55.6,0.0,0.0,69.5,0.0,0.0,0.0,,,
imagenet,imagenet-mobilenetv3,small,223x224,rpi4,lne,CPU,F32,Accuracy top-1,67.4,0.1,2.9,11.8,4.7,22.6,0.1,27.3,36.6,259289.7,37.7,1.2,0.0,0.0,0.0,0.0,55.3,0.0,0.0,67.6,0.0,0.0,0.0,,,
imagenet,imagenet-mobilenetv3,small,223x224,rpi4,onnxruntime,CPU,F32,Accuracy top-1,67.4,0.1,2.9,11.8,4.7,118.5,0.1,123.3,8.1,57430.1,37.1,1.2,0.0,0.0,0.0,0.0,56.8,0.0,0.0,68.4,0.0,0.0,0.0,,,
imagenet,imagenet-resnet-resnet18,benchmark,224x224,rpi4,lne,CPU,F32,Accuracy top-1,69.6,3.7,11.7,46.8,3.7,219.6,0.0,223.4,4.5,31697.5,42.4,1.4,0.0,0.0,0.0,0.0,56.0,0.0,0.0,72.7,0.0,0.0,0.0,,,
imagenet,imagenet-resnet-resnet18,benchmark,224x224,rpi4,onnxruntime,CPU,F32,Accuracy top-1,69.6,3.7,11.7,46.8,/,/,/,/,/,/,0.0,0.0,0.0,0.0,0.0,0.0,0.0,0.0,0.0,0.0,0.0,0.0,0.0,,,
imagenet,imagenet-resnet-resnet32,caffe,224x224,rpi4,lne,CPU,F32,Accuracy top-1,73.3,4.6,20.7,82.9,3.7,400.1,0.0,403.8,2.5,17531.8,38.7,1.2,0.0,0.0,0.0,0.0,56.3,0.0,0.0,74.1,0.0,0.0,0.0,,,
imagenet,imagenet-resnet-resnet32,caffe,224x224,rpi4,onnxruntime,CPU,F32,Accuracy top-1,73.3,4.6,20.7,82.9,/,/,/,/,/,/,0.0,0.0,0.0,0.0,0.0,0.0,0.0,0.0,0.0,0.0,0.0,0.0,0.0,,,
imagenet,imagenet-resnet-resnet50,onnx,224x224,rpi4,lne,CPU,F32,Accuracy top-1,76.0,7.7,25.5,102.1,4.8,623.5,0.0,628.3,1.6,11268.6,44.2,1.4,0.0,0.0,0.0,0.0,52.7,0.0,0.0,72.8,0.0,0.0,0.0,,,
imagenet,imagenet-resnet-resnet50,onnx,224x224,rpi4,onnxruntime,CPU,F32,Accuracy top-1,76.0,7.7,25.5,102.1,4.8,1721.0,0.1,1726.0,0.6,4102.1,41.9,1.3,0.0,0.0,0.0,0.0,55.5,0.0,0.0,75.7,0.0,0.0,0.0,,,
imagenet,imagenet-squeezenet,benchmark,227x227,rpi4,lne,CPU,F32,Accuracy top-1,58.2,0.8,1.2,4.9,3.6,69.6,0.0,73.3,13.6,96629.5,36.9,1.2,0.0,0.0,0.0,0.0,56.3,0.0,0.0,71.7,0.0,0.0,0.0,,,
imagenet,imagenet-squeezenet,benchmark,227x227,rpi4,onnxruntime,CPU,F32,Accuracy top-1,58.2,0.8,1.2,4.9,/,/,/,/,/,/,0.0,0.0,0.0,0.0,0.0,0.0,0.0,0.0,0.0,0.0,0.0,0.0,0.0,,,
3D-face-landmarks,face-landmarks-detection-3ddfa,default,120x120,imx8m-nano,lne,GPU/CPU,F32,/,/,0.4,3.3,13.0,3.5,65.4,0.3,69.2,14.5,48568.6,29.4,0.4,0.0,0.0,0.0,0.0,45.7,0.0,0.0,49.8,0.0,0.0,0.0,,,
3D-face-landmarks,face-landmarks-detection-3ddfa,default,120x120,imx8m-nano,ncnn,GPU,F16,/,/,0.4,3.3,6.5,3.5,431.4,0.7,435.6,2.3,7713.8,33.2,0.4,0.0,0.0,0.0,0.0,29.9,0.0,0.0,52.1,0.0,0.0,0.0,,,
3D-face-landmarks,face-landmarks-detection-3ddfa,default,120x120,imx8m-nano,ncnn,GPU,F32,/,/,0.4,3.3,13.0,3.5,429.4,0.6,433.5,2.3,7750.3,33.6,0.4,0.0,0.0,0.0,0.0,30.0,0.0,0.0,51.7,0.0,0.0,0.0,,,
3D-face-landmarks,face-landmarks-detection-3ddfa,default,120x120,imx8m-nano,onnxruntime,CPU,F32,/,/,0.4,3.3,13.0,3.5,206.3,0.3,210.1,4.8,15993.2,29.0,0.4,0.0,0.0,0.0,0.0,52.3,0.0,0.0,50.9,0.0,0.0,0.0,,,
bodypose-estimation,body-pose-openpifpaf,regnety400mf-59p,128x96,imx8m-nano,lne,GPU/CPU,F32,/,/,0.2,4.7,19.0,4.8,77.8,11.0,93.6,10.7,35900.1,23.3,0.3,0.0,0.0,0.0,0.0,47.3,0.0,0.0,53.5,0.0,0.0,0.0,,,
bodypose-estimation,body-pose-openpifpaf,regnety400mf-59p,128x96,imx8m-nano,onnxruntime,CPU,F32,/,/,0.2,4.7,19.0,4.8,188.1,14.6,207.5,4.8,16194.5,22.1,0.3,0.0,0.0,0.0,0.0,51.1,0.0,0.0,54.7,0.0,0.0,0.0,,,
bodypose-estimation,body-pose-openpifpaf,regnety400mf-59p,192x144,imx8m-nano,lne,GPU/CPU,F32,/,/,0.5,4.7,19.0,13.7,152.2,33.7,199.6,5.0,16832.4,22.7,0.3,0.0,0.0,0.0,0.0,49.8,0.0,0.0,54.4,0.0,0.0,0.0,,,
bodypose-estimation,body-pose-openpifpaf,regnety400mf-59p,192x144,imx8m-nano,onnxruntime,CPU,F32,/,/,0.5,4.7,19.0,13.9,335.3,54.1,403.4,2.5,8329.6,22.1,0.3,0.0,0.0,0.0,0.0,51.7,0.0,0.0,55.1,0.0,0.0,0.0,,,
bodypose-estimation,body-pose-openpifpaf,regnety400mf-59p,256x192,imx8m-nano,lne,GPU/CPU,F32,/,/,0.9,4.7,19.0,17.0,254.9,56.8,328.7,3.0,10220.5,22.4,0.3,0.0,0.0,0.0,0.0,51.2,0.0,0.0,55.7,0.0,0.0,0.0,,,
bodypose-estimation,body-pose-openpifpaf,regnety400mf-59p,256x192,imx8m-nano,onnxruntime,CPU,F32,/,/,0.9,4.7,19.0,17.1,513.4,82.6,613.1,1.6,5480.4,21.2,0.3,0.0,0.0,0.0,0.0,52.6,0.0,0.0,56.1,0.0,0.0,0.0,,,
bodypose-estimation,body-pose-openpifpaf,regnety400mf-86p,128x96,imx8m-nano,lne,GPU/CPU,F32,/,/,0.2,4.7,19.0,4.8,77.7,15.9,98.4,10.2,34136.4,23.3,0.4,0.0,0.0,0.0,0.0,47.5,0.0,0.0,54.3,0.0,0.0,0.0,,,
bodypose-estimation,body-pose-openpifpaf,regnety400mf-86p,128x96,imx8m-nano,onnxruntime,CPU,F32,/,/,0.2,4.7,19.0,4.8,188.0,20.4,213.2,4.7,15760.5,22.3,0.3,0.0,0.0,0.0,0.0,51.0,0.0,0.0,53.9,0.0,0.0,0.0,,,
bodypose-estimation,body-pose-openpifpaf,regnety400mf-86p,192x144,imx8m-nano,lne,GPU/CPU,F32,/,/,0.5,4.7,19.0,13.6,151.8,49.5,214.9,4.7,15632.2,23.8,0.4,0.0,0.0,0.0,0.0,50.1,0.0,0.0,55.5,0.0,0.0,0.0,,,
bodypose-estimation,body-pose-openpifpaf,regnety400mf-86p,192x144,imx8m-nano,onnxruntime,CPU,F32,/,/,0.5,4.7,19.0,13.8,335.8,73.7,423.4,2.4,7936.5,22.6,0.3,0.0,0.0,0.0,0.0,51.9,0.0,0.0,54.9,0.0,0.0,0.0,,,
bodypose-estimation,body-pose-openpifpaf,regnety400mf-86p,256x192,imx8m-nano,lne,GPU/CPU,F32,/,/,0.9,4.7,19.0,16.8,254.3,84.2,355.3,2.8,9457.0,24.4,0.4,0.0,0.0,0.0,0.0,51.5,0.0,0.0,56.6,0.0,0.0,0.0,,,
bodypose-estimation,body-pose-openpifpaf,regnety400mf-86p,256x192,imx8m-nano,onnxruntime,CPU,F32,/,/,0.9,4.7,19.0,17.2,511.8,116.6,645.6,1.5,5204.8,22.8,0.4,0.0,0.0,0.0,0.0,52.8,0.0,0.0,56.2,0.0,0.0,0.0,,,
bodypose-estimation,body-pose-openpifpaf,regnety400mf-hands,128x96,imx8m-nano,lne,GPU/CPU,F32,/,/,0.2,4.7,19.0,4.8,77.6,4.4,86.8,11.5,38706.6,23.4,0.3,0.0,0.0,0.0,0.0,46.9,0.0,0.0,54.4,0.0,0.0,0.0,,,
bodypose-estimation,body-pose-openpifpaf,regnety400mf-hands,128x96,imx8m-nano,onnxruntime,CPU,F32,/,/,0.2,4.7,19.0,4.8,187.8,6.4,199.0,5.0,16881.6,22.0,0.3,0.0,0.0,0.0,0.0,51.8,0.0,0.0,54.0,0.0,0.0,0.0,,,
bodypose-estimation,body-pose-openpifpaf,regnety400mf-hands,192x144,imx8m-nano,lne,GPU/CPU,F32,/,/,0.5,4.7,19.0,13.6,151.8,25.4,190.9,5.2,17599.5,23.3,0.4,0.0,0.0,0.0,0.0,49.4,0.0,0.0,54.6,0.0,0.0,0.0,,,
bodypose-estimation,body-pose-openpifpaf,regnety400mf-hands,192x144,imx8m-nano,onnxruntime,CPU,F32,/,/,0.5,4.7,19.0,13.8,334.8,46.7,395.4,2.5,8497.6,21.9,0.3,0.0,0.0,0.0,0.0,51.3,0.0,0.0,55.0,0.0,0.0,0.0,,,
bodypose-estimation,body-pose-openpifpaf,regnety400mf-hands,256x192,imx8m-nano,lne,GPU/CPU,F32,/,/,0.9,4.7,19.0,17.2,255.0,42.0,314.2,3.2,10694.7,23.8,0.4,0.0,0.0,0.0,0.0,51.0,0.0,0.0,55.6,0.0,0.0,0.0,,,
bodypose-estimation,body-pose-openpifpaf,regnety400mf-hands,256x192,imx8m-nano,onnxruntime,CPU,F32,/,/,0.9,4.7,19.0,17.0,513.1,64.2,594.3,1.7,5653.3,22.1,0.3,0.0,0.0,0.0,0.0,52.3,0.0,0.0,56.0,0.0,0.0,0.0,,,
bodypose-estimation,body-pose-openpifpaf,regnety400mf-wholebody,128x96,imx8m-nano,lne,GPU/CPU,F32,/,/,0.2,4.7,19.0,4.8,77.8,23.0,105.6,9.5,31816.8,23.7,0.4,0.0,0.0,0.0,0.0,47.8,0.0,0.0,53.7,0.0,0.0,0.0,,,
bodypose-estimation,body-pose-openpifpaf,regnety400mf-wholebody,128x96,imx8m-nano,onnxruntime,CPU,F32,/,/,0.2,4.7,19.0,4.9,187.7,48.2,240.9,4.2,13950.3,21.8,0.3,0.0,0.0,0.0,0.0,50.5,0.0,0.0,54.8,0.0,0.0,0.0,,,
bodypose-estimation,body-pose-openpifpaf,regnety400mf-wholebody,192x144,imx8m-nano,lne,GPU/CPU,F32,/,/,0.5,4.7,19.0,13.6,152.4,76.2,242.3,4.1,13868.1,24.3,0.4,0.0,0.0,0.0,0.0,50.4,0.0,0.0,54.8,0.0,0.0,0.0,,,
bodypose-estimation,body-pose-openpifpaf,regnety400mf-wholebody,192x144,imx8m-nano,onnxruntime,CPU,F32,/,/,0.5,4.7,19.0,14.0,335.6,116.6,466.2,2.1,7207.3,22.5,0.4,0.0,0.0,0.0,0.0,52.3,0.0,0.0,55.2,0.0,0.0,0.0,,,
bodypose-estimation,body-pose-openpifpaf,regnety400mf-wholebody,256x192,imx8m-nano,lne,GPU/CPU,F32,/,/,0.9,4.7,19.0,17.1,254.7,130.3,402.0,2.5,8358.2,24.5,0.4,0.0,0.0,0.0,0.0,51.7,0.0,0.0,55.9,0.0,0.0,0.0,,,
bodypose-estimation,body-pose-openpifpaf,regnety400mf-wholebody,256x192,imx8m-nano,onnxruntime,CPU,F32,/,/,0.9,4.7,19.0,17.0,512.7,190.6,720.4,1.4,4664.2,23.2,0.4,0.0,0.0,0.0,0.0,53.3,0.0,0.0,56.6,0.0,0.0,0.0,,,
bodypose-estimation,body-pose-openpifpaf,regnety800mf-59p,128x96,imx8m-nano,lne,GPU/CPU,F32,/,/,0.4,7.2,28.6,4.8,111.6,5.6,122.1,8.2,27526.1,24.2,0.4,0.0,0.0,0.0,0.0,48.0,0.0,0.0,55.3,0.0,0.0,0.0,,,
bodypose-estimation,body-pose-openpifpaf,regnety800mf-59p,128x96,imx8m-nano,onnxruntime,CPU,F32,/,/,0.4,7.2,28.6,4.8,286.7,17.0,308.6,3.2,10889.2,22.3,0.3,0.0,0.0,0.0,0.0,51.8,0.0,0.0,55.7,0.0,0.0,0.0,,,
bodypose-estimation,body-pose-openpifpaf,regnety800mf-59p,192x144,imx8m-nano,lne,GPU/CPU,F32,/,/,1.0,7.2,28.6,13.8,230.3,33.4,277.4,3.6,12113.4,24.5,0.4,0.0,0.0,0.0,0.0,50.8,0.0,0.0,55.9,0.0,0.0,0.0,,,
bodypose-estimation,body-pose-openpifpaf,regnety800mf-59p,192x144,imx8m-nano,onnxruntime,CPU,F32,/,/,1.0,7.2,28.6,13.8,548.8,60.2,622.8,1.6,5395.1,22.1,0.3,0.0,0.0,0.0,0.0,52.3,0.0,0.0,56.3,0.0,0.0,0.0,,,
bodypose-estimation,body-pose-openpifpaf,regnety800mf-59p,256x192,imx8m-nano,lne,GPU/CPU,F32,/,/,1.8,7.2,28.6,17.1,385.7,57.2,459.9,2.2,7305.2,25.2,0.4,0.0,0.0,0.0,0.0,51.9,0.0,0.0,57.3,0.0,0.0,0.0,,,
bodypose-estimation,body-pose-openpifpaf,regnety800mf-59p,256x192,imx8m-nano,onnxruntime,CPU,F32,/,/,1.8,7.2,28.6,18.2,847.1,86.8,952.0,1.1,3529.4,22.6,0.4,0.0,0.0,0.0,0.0,53.0,0.0,0.0,58.0,0.0,0.0,0.0,,,
bodypose-estimation,body-pose-openpifpaf,regnety800mf-86p,128x96,imx8m-nano,lne,GPU/CPU,F32,/,/,0.4,7.2,28.6,4.8,111.0,8.3,124.0,8.1,27088.1,24.4,0.4,0.0,0.0,0.0,0.0,48.2,0.0,0.0,54.8,0.0,0.0,0.0,,,
bodypose-estimation,body-pose-openpifpaf,regnety800mf-86p,128x96,imx8m-nano,onnxruntime,CPU,F32,/,/,0.4,7.2,28.6,4.8,287.1,22.3,314.3,3.2,10691.5,21.0,0.3,0.0,0.0,0.0,0.0,52.0,0.0,0.0,55.9,0.0,0.0,0.0,,,
bodypose-estimation,body-pose-openpifpaf,regnety800mf-86p,192x144,imx8m-nano,lne,GPU/CPU,F32,/,/,1.0,7.2,28.6,13.7,230.3,49.0,293.1,3.4,11465.6,24.6,0.4,0.0,0.0,0.0,0.0,51.0,0.0,0.0,56.9,0.0,0.0,0.0,,,
bodypose-estimation,body-pose-openpifpaf,regnety800mf-86p,192x144,imx8m-nano,onnxruntime,CPU,F32,/,/,1.0,7.2,28.6,13.9,547.2,81.9,643.0,1.6,5225.2,22.4,0.3,0.0,0.0,0.0,0.0,52.5,0.0,0.0,56.3,0.0,0.0,0.0,,,
bodypose-estimation,body-pose-openpifpaf,regnety800mf-86p,256x192,imx8m-nano,lne,GPU/CPU,F32,/,/,1.8,7.2,28.6,16.9,387.0,84.2,488.1,2.0,6883.4,25.3,0.4,0.0,0.0,0.0,0.0,52.2,0.0,0.0,57.2,0.0,0.0,0.0,,,
bodypose-estimation,body-pose-openpifpaf,regnety800mf-86p,256x192,imx8m-nano,onnxruntime,CPU,F32,/,/,1.8,7.2,28.6,18.0,842.2,118.3,978.5,1.0,3433.7,22.1,0.4,0.0,0.0,0.0,0.0,53.0,0.0,0.0,57.2,0.0,0.0,0.0,,,
bodypose-estimation,body-pose-openpifpaf,regnety800mf-hands,128x96,imx8m-nano,lne,GPU/CPU,F32,/,/,0.4,7.2,28.6,4.8,111.8,4.3,120.9,8.3,27789.4,24.1,0.4,0.0,0.0,0.0,0.0,48.1,0.0,0.0,53.2,0.0,0.0,0.0,,,
bodypose-estimation,body-pose-openpifpaf,regnety800mf-hands,128x96,imx8m-nano,onnxruntime,CPU,F32,/,/,0.4,7.2,28.6,4.8,287.9,13.8,306.6,3.3,10960.5,22.1,0.3,0.0,0.0,0.0,0.0,51.9,0.0,0.0,54.2,0.0,0.0,0.0,,,
bodypose-estimation,body-pose-openpifpaf,regnety800mf-hands,192x144,imx8m-nano,lne,GPU/CPU,F32,/,/,1.0,7.2,28.6,13.7,231.2,25.5,270.4,3.7,12427.0,24.4,0.4,0.0,0.0,0.0,0.0,50.7,0.0,0.0,55.5,0.0,0.0,0.0,,,
bodypose-estimation,body-pose-openpifpaf,regnety800mf-hands,192x144,imx8m-nano,onnxruntime,CPU,F32,/,/,1.0,7.2,28.6,13.6,547.4,43.5,604.5,1.7,5558.2,22.4,0.3,0.0,0.0,0.0,0.0,52.5,0.0,0.0,56.7,0.0,0.0,0.0,,,
bodypose-estimation,body-pose-openpifpaf,regnety800mf-hands,256x192,imx8m-nano,lne,GPU/CPU,F32,/,/,1.8,7.2,28.6,17.2,388.7,41.7,447.7,2.2,7504.7,25.0,0.4,0.0,0.0,0.0,0.0,51.9,0.0,0.0,57.1,0.0,0.0,0.0,,,
bodypose-estimation,body-pose-openpifpaf,regnety800mf-hands,256x192,imx8m-nano,onnxruntime,CPU,F32,/,/,1.8,7.2,28.6,16.9,854.3,47.7,918.9,1.1,3656.5,23.5,0.4,0.0,0.0,0.0,0.0,52.7,0.0,0.0,57.4,0.0,0.0,0.0,,,
bodypose-estimation,body-pose-openpifpaf,regnety800mf-wholebody,128x96,imx8m-nano,lne,GPU/CPU,F32,/,/,0.4,7.2,28.6,4.8,111.7,22.2,138.7,7.2,24218.3,24.2,0.4,0.0,0.0,0.0,0.0,48.8,0.0,0.0,55.6,0.0,0.0,0.0,,,
bodypose-estimation,body-pose-openpifpaf,regnety800mf-wholebody,128x96,imx8m-nano,onnxruntime,CPU,F32,/,/,0.4,7.2,28.6,4.9,287.1,57.6,349.6,2.9,9611.2,22.2,0.3,0.0,0.0,0.0,0.0,51.2,0.0,0.0,55.2,0.0,0.0,0.0,,,
bodypose-estimation,body-pose-openpifpaf,regnety800mf-wholebody,192x144,imx8m-nano,lne,GPU/CPU,F32,/,/,1.0,7.2,28.6,13.9,230.0,74.9,318.8,3.1,10540.5,24.0,0.4,0.0,0.0,0.0,0.0,51.2,0.0,0.0,56.2,0.0,0.0,0.0,,,
bodypose-estimation,body-pose-openpifpaf,regnety800mf-wholebody,192x144,imx8m-nano,onnxruntime,CPU,F32,/,/,1.0,7.2,28.6,14.1,547.5,122.0,683.6,1.5,4915.1,22.6,0.4,0.0,0.0,0.0,0.0,52.6,0.0,0.0,56.5,0.0,0.0,0.0,,,
bodypose-estimation,body-pose-openpifpaf,regnety800mf-wholebody,256x192,imx8m-nano,lne,GPU/CPU,F32,/,/,1.8,7.2,28.6,17.1,386.9,129.2,533.2,1.9,6301.3,25.3,0.4,0.0,0.0,0.0,0.0,52.4,0.0,0.0,58.3,0.0,0.0,0.0,,,
bodypose-estimation,body-pose-openpifpaf,regnety800mf-wholebody,256x192,imx8m-nano,onnxruntime,CPU,F32,/,/,1.8,7.2,28.6,18.2,846.2,195.7,1060.0,0.9,3169.7,23.0,0.4,0.0,0.0,0.0,0.0,53.4,0.0,0.0,57.6,0.0,0.0,0.0,,,
bodypose-estimation,body-pose-openpifpaf,resnet50-012-13,160x120,imx8m-nano,lne,GPU/CPU,F32,/,/,13.0,27.4,109.7,4.6,1696.0,11.7,1712.3,0.6,1962.3,51.9,0.8,0.0,0.0,0.0,0.0,54.1,0.0,0.0,61.2,0.0,0.0,0.0,,,
bodypose-estimation,body-pose-openpifpaf,resnet50-012-13,160x120,imx8m-nano,onnxruntime,CPU,F32,/,/,13.0,27.4,109.7,4.6,3966.5,9.2,3980.3,0.3,844.2,41.7,0.6,0.0,0.0,0.0,0.0,53.9,0.0,0.0,57.7,0.0,0.0,0.0,,,
bodypose-estimation,body-pose-openpifpaf,resnet50-012-13,240x180,imx8m-nano,lne,GPU/CPU,F32,/,/,28.9,25.6,102.3,5.5,3840.3,18.7,3864.5,0.3,869.5,53.1,0.8,0.0,0.0,0.0,0.0,54.2,0.0,0.0,62.0,0.0,0.0,0.0,,,
bodypose-estimation,body-pose-openpifpaf,resnet50-012-13,240x180,imx8m-nano,onnxruntime,CPU,F32,/,/,28.9,25.6,102.3,5.5,8128.2,32.0,8165.7,0.1,411.5,41.3,0.5,0.0,0.0,0.0,0.0,54.0,0.0,0.0,58.4,0.0,0.0,0.0,,,
bodypose-estimation,body-pose-openpifpaf,resnet50-012-13,320x180,imx8m-nano,lne,GPU/CPU,F32,/,/,38.6,25.6,102.3,7.4,5072.9,25.0,5105.2,0.2,658.1,54.2,0.8,0.0,0.0,0.0,0.0,54.3,0.0,0.0,61.7,0.0,0.0,0.0,,,
bodypose-estimation,body-pose-openpifpaf,resnet50-012-13,320x180,imx8m-nano,onnxruntime,CPU,F32,/,/,38.6,25.6,102.3,7.3,10751.3,49.7,10808.3,0.1,310.9,44.3,0.6,0.0,0.0,0.0,0.0,54.0,0.0,0.0,58.7,0.0,0.0,0.0,,,
bodypose-estimation,body-pose-openpifpaf,resnet50-012-13,320x240,imx8m-nano,lne,GPU/CPU,F32,/,/,51.5,27.4,109.7,9.2,6678.6,27.4,6715.1,0.1,500.4,56.9,0.8,0.0,0.0,0.0,0.0,54.6,0.0,0.0,62.9,0.0,0.0,0.0,,,
bodypose-estimation,body-pose-openpifpaf,resnet50-012-13,320x240,imx8m-nano,onnxruntime,CPU,F32,/,/,51.5,27.4,109.7,9.2,14384.1,59.0,14452.3,0.1,232.5,45.5,0.6,0.0,0.0,0.0,0.0,54.0,0.0,0.0,59.3,0.0,0.0,0.0,,,
bodypose-estimation,body-pose-openpifpaf,resnet50-012-13,640x480,imx8m-nano,lne,GPU/CPU,F32,/,/,205.8,27.5,109.9,35.0,27098.7,178.6,27312.3,0.0,123.0,71.7,1.2,0.0,0.0,0.0,0.0,54.5,0.0,0.0,65.0,0.0,0.0,0.0,,,
bodypose-estimation,body-pose-openpifpaf,resnet50-012-13,640x480,imx8m-nano,onnxruntime,CPU,F32,/,/,205.8,27.5,109.9,32.7,55936.3,194.1,56163.0,0.0,59.8,71.1,1.2,0.0,0.0,0.0,0.0,54.1,0.0,0.0,59.6,0.0,0.0,0.0,,,
bodypose-estimation,body-pose-openpifpaf,resnet50-012,161x129,imx8m-nano,lne,GPU/CPU,F32,/,/,14.9,25.6,102.3,5.0,2012.8,19.9,2037.7,0.5,1648.9,50.9,0.7,0.0,0.0,0.0,0.0,54.1,0.0,0.0,60.3,0.0,0.0,0.0,,,
bodypose-estimation,body-pose-openpifpaf,resnet50-012,161x129,imx8m-nano,onnxruntime,CPU,F32,/,/,14.9,25.6,102.3,5.0,4465.0,28.2,4498.2,0.2,747.0,43.6,0.6,0.0,0.0,0.0,0.0,54.0,0.0,0.0,57.7,0.0,0.0,0.0,,,
bodypose-estimation,body-pose-openpifpaf,resnet50-012,321x241,imx8m-nano,lne,GPU/CPU,F32,/,/,53.1,25.6,102.3,10.1,7047.3,79.9,7137.4,0.1,470.8,54.6,0.8,0.0,0.0,0.0,0.0,54.3,0.0,0.0,62.1,0.0,0.0,0.0,,,
bodypose-estimation,body-pose-openpifpaf,resnet50-012,321x241,imx8m-nano,onnxruntime,CPU,F32,/,/,53.1,25.6,102.3,9.3,14689.2,116.2,14814.6,0.1,226.8,45.9,0.7,0.0,0.0,0.0,0.0,54.0,0.0,0.0,58.5,0.0,0.0,0.0,,,
bodypose-estimation,body-pose-openpifpaf,resnet50-012,321x321,imx8m-nano,lne,GPU/CPU,F32,/,/,70.3,25.6,102.4,12.8,9430.9,108.6,9552.3,0.1,351.7,56.3,0.9,0.0,0.0,0.0,0.0,54.4,0.0,0.0,61.9,0.0,0.0,0.0,,,
bodypose-estimation,body-pose-openpifpaf,resnet50-012,321x321,imx8m-nano,onnxruntime,CPU,F32,/,/,70.3,25.6,102.4,11.9,19580.8,141.0,19733.6,0.1,170.3,47.3,0.7,0.0,0.0,0.0,0.0,54.1,0.0,0.0,59.5,0.0,0.0,0.0,,,
bodypose-estimation,body-pose-openpifpaf,resnet50-012,641x481,imx8m-nano,lne,GPU/CPU,F32,/,/,206.9,25.6,102.4,32.7,27332.0,253.3,27618.1,0.0,121.7,71.8,1.2,0.0,0.0,0.0,0.0,54.4,0.0,0.0,63.0,0.0,0.0,0.0,,,
bodypose-estimation,body-pose-openpifpaf,resnet50-012,641x481,imx8m-nano,onnxruntime,CPU,F32,/,/,206.9,25.6,102.4,32.9,55658.9,248.9,55940.6,0.0,60.1,72.7,1.2,0.0,0.0,0.0,0.0,54.1,0.0,0.0,59.3,0.0,0.0,0.0,,,
bodypose-estimation,body-pose-openpifpaf-shufflenet-sk30,160x120,160x120,imx8m-nano,lne,GPU/CPU,F32,/,/,14.5,45.2,180.9,4.6,3033.9,70.1,3108.6,0.3,1080.9,55.1,0.8,0.0,0.0,0.0,0.0,54.1,0.0,0.0,60.3,0.0,0.0,0.0,,,
bodypose-estimation,body-pose-openpifpaf-shufflenet-sk30,160x120,160x120,imx8m-nano,ncnn,GPU,F16,/,/,14.5,45.2,90.5,/,/,/,/,/,/,0.0,0.0,0.0,0.0,0.0,0.0,0.0,0.0,0.0,0.0,0.0,0.0,0.0,,,
bodypose-estimation,body-pose-openpifpaf-shufflenet-sk30,160x120,160x120,imx8m-nano,ncnn,GPU,F32,/,/,14.5,45.2,180.9,/,/,/,/,/,/,0.0,0.0,0.0,0.0,0.0,0.0,0.0,0.0,0.0,0.0,0.0,0.0,0.0,,,
bodypose-estimation,body-pose-openpifpaf-shufflenet-sk30,160x120,160x120,imx8m-nano,onnxruntime,CPU,F32,/,/,14.5,45.2,180.9,4.6,5284.4,90.8,5379.9,0.2,624.5,46.7,0.6,0.0,0.0,0.0,0.0,53.8,0.0,0.0,57.5,0.0,0.0,0.0,,,
bodypose-estimation,body-pose-openpifpaf-shufflenet-sk30,320x180,320x180,imx8m-nano,lne,GPU/CPU,F32,/,/,43.9,45.2,181.0,7.3,9317.2,241.0,9565.6,0.1,351.3,57.6,0.9,0.0,0.0,0.0,0.0,54.4,0.0,0.0,62.2,0.0,0.0,0.0,,,
bodypose-estimation,body-pose-openpifpaf-shufflenet-sk30,320x180,320x180,imx8m-nano,ncnn,GPU,F16,/,/,43.9,45.2,90.5,/,/,/,/,/,/,0.0,0.0,0.0,0.0,0.0,0.0,0.0,0.0,0.0,0.0,0.0,0.0,0.0,,,
bodypose-estimation,body-pose-openpifpaf-shufflenet-sk30,320x180,320x180,imx8m-nano,ncnn,GPU,F32,/,/,43.9,45.2,181.0,/,/,/,/,/,/,0.0,0.0,0.0,0.0,0.0,0.0,0.0,0.0,0.0,0.0,0.0,0.0,0.0,,,
bodypose-estimation,body-pose-openpifpaf-shufflenet-sk30,320x180,320x180,imx8m-nano,onnxruntime,CPU,F32,/,/,43.9,45.2,181.0,7.3,14794.5,282.8,15084.6,0.1,222.7,49.4,0.7,0.0,0.0,0.0,0.0,54.0,0.0,0.0,58.6,0.0,0.0,0.0,,,
bodypose-estimation,body-pose-openpifpaf-shufflenet-sk30,320x240,320x240,imx8m-nano,lne,GPU/CPU,F32,/,/,56.6,45.2,181.0,9.2,12221.1,396.4,12626.7,0.1,266.1,57.6,0.9,0.0,0.0,0.0,0.0,54.4,0.0,0.0,61.6,0.0,0.0,0.0,,,
bodypose-estimation,body-pose-openpifpaf-shufflenet-sk30,320x240,320x240,imx8m-nano,ncnn,GPU,F16,/,/,56.6,45.2,90.5,/,/,/,/,/,/,0.0,0.0,0.0,0.0,0.0,0.0,0.0,0.0,0.0,0.0,0.0,0.0,0.0,,,
bodypose-estimation,body-pose-openpifpaf-shufflenet-sk30,320x240,320x240,imx8m-nano,ncnn,GPU,F32,/,/,56.6,45.2,181.0,/,/,/,/,/,/,0.0,0.0,0.0,0.0,0.0,0.0,0.0,0.0,0.0,0.0,0.0,0.0,0.0,,,
bodypose-estimation,body-pose-openpifpaf-shufflenet-sk30,320x240,320x240,imx8m-nano,onnxruntime,CPU,F32,/,/,56.6,45.2,181.0,9.3,19071.9,440.0,19521.2,0.1,172.1,48.5,0.8,0.0,0.0,0.0,0.0,54.0,0.0,0.0,59.3,0.0,0.0,0.0,,,
bodypose-estimation,body-pose-openpifpaf-shufflenet-sk30,640x480,640x480,imx8m-nano,lne,GPU/CPU,F32,/,/,226.5,45.3,181.0,32.5,49685.1,1511.9,51229.6,0.0,65.6,71.4,1.5,0.0,0.0,0.0,0.0,54.5,0.0,0.0,62.4,0.0,0.0,0.0,,,
bodypose-estimation,body-pose-openpifpaf-shufflenet-sk30,640x480,640x480,imx8m-nano,ncnn,GPU,F16,/,/,226.5,45.3,90.5,/,/,/,/,/,/,0.0,0.0,0.0,0.0,0.0,0.0,0.0,0.0,0.0,0.0,0.0,0.0,0.0,,,
bodypose-estimation,body-pose-openpifpaf-shufflenet-sk30,640x480,640x480,imx8m-nano,ncnn,GPU,F32,/,/,226.5,45.3,181.0,/,/,/,/,/,/,0.0,0.0,0.0,0.0,0.0,0.0,0.0,0.0,0.0,0.0,0.0,0.0,0.0,,,
bodypose-estimation,body-pose-openpifpaf-shufflenet-sk30,640x480,640x480,imx8m-nano,onnxruntime,CPU,F32,/,/,226.5,45.3,181.0,32.9,74327.4,1579.0,75939.3,0.0,44.2,63.1,1.4,0.0,0.0,0.0,0.0,54.0,0.0,0.0,58.7,0.0,0.0,0.0,,,
bodypose-estimation,body-pose-openpifpaf-shufflenet-v2k16,240x180,240x180,imx8m-nano,lne,GPU/CPU,F32,/,/,11.8,20.5,82.1,5.5,2562.4,139.2,2707.1,0.4,1241.2,48.5,0.7,0.0,0.0,0.0,0.0,54.0,0.0,0.0,59.7,0.0,0.0,0.0,,,
bodypose-estimation,body-pose-openpifpaf-shufflenet-v2k16,240x180,240x180,imx8m-nano,ncnn,GPU,F16,/,/,11.8,20.5,41.0,/,/,/,/,/,/,0.0,0.0,0.0,0.0,0.0,0.0,0.0,0.0,0.0,0.0,0.0,0.0,0.0,,,
bodypose-estimation,body-pose-openpifpaf-shufflenet-v2k16,240x180,240x180,imx8m-nano,ncnn,GPU,F32,/,/,11.8,20.5,82.1,/,/,/,/,/,/,0.0,0.0,0.0,0.0,0.0,0.0,0.0,0.0,0.0,0.0,0.0,0.0,0.0,,,
bodypose-estimation,body-pose-openpifpaf-shufflenet-v2k16,240x180,240x180,imx8m-nano,onnxruntime,CPU,F32,/,/,11.8,20.5,82.1,5.5,4433.4,170.3,4609.2,0.2,729.0,45.3,0.6,0.0,0.0,0.0,0.0,53.8,0.0,0.0,57.6,0.0,0.0,0.0,,,
bodypose-estimation,body-pose-openpifpaf-shufflenet-v2k16,320x180,320x180,imx8m-nano,lne,GPU/CPU,F32,/,/,15.8,20.5,82.1,7.3,3365.3,238.9,3611.6,0.3,930.3,35.4,0.6,0.0,0.0,0.0,0.0,54.1,0.0,0.0,60.1,0.0,0.0,0.0,,,
bodypose-estimation,body-pose-openpifpaf-shufflenet-v2k16,320x180,320x180,imx8m-nano,ncnn,GPU,F16,/,/,15.8,20.5,41.0,/,/,/,/,/,/,0.0,0.0,0.0,0.0,0.0,0.0,0.0,0.0,0.0,0.0,0.0,0.0,0.0,,,
bodypose-estimation,body-pose-openpifpaf-shufflenet-v2k16,320x180,320x180,imx8m-nano,ncnn,GPU,F32,/,/,15.8,20.5,82.1,/,/,/,/,/,/,0.0,0.0,0.0,0.0,0.0,0.0,0.0,0.0,0.0,0.0,0.0,0.0,0.0,,,
bodypose-estimation,body-pose-openpifpaf-shufflenet-v2k16,320x180,320x180,imx8m-nano,onnxruntime,CPU,F32,/,/,15.8,20.5,82.1,7.3,5722.0,208.4,5937.7,0.2,565.9,35.4,0.5,0.0,0.0,0.0,0.0,53.7,0.0,0.0,57.7,0.0,0.0,0.0,,,
bodypose-estimation,body-pose-openpifpaf-shufflenet-v2k16,320x240,320x240,imx8m-nano,lne,GPU/CPU,F32,/,/,20.2,20.5,82.1,9.3,4382.6,412.7,4804.6,0.2,699.3,35.4,0.6,0.0,0.0,0.0,0.0,54.1,0.0,0.0,61.1,0.0,0.0,0.0,,,
bodypose-estimation,body-pose-openpifpaf-shufflenet-v2k16,320x240,320x240,imx8m-nano,ncnn,GPU,F16,/,/,20.2,20.5,41.0,/,/,/,/,/,/,0.0,0.0,0.0,0.0,0.0,0.0,0.0,0.0,0.0,0.0,0.0,0.0,0.0,,,
bodypose-estimation,body-pose-openpifpaf-shufflenet-v2k16,320x240,320x240,imx8m-nano,ncnn,GPU,F32,/,/,20.2,20.5,82.1,/,/,/,/,/,/,0.0,0.0,0.0,0.0,0.0,0.0,0.0,0.0,0.0,0.0,0.0,0.0,0.0,,,
bodypose-estimation,body-pose-openpifpaf-shufflenet-v2k16,320x240,320x240,imx8m-nano,onnxruntime,CPU,F32,/,/,20.2,20.5,82.1,9.2,7237.6,447.6,7694.4,0.1,436.7,32.5,0.6,0.0,0.0,0.0,0.0,53.8,0.0,0.0,57.8,0.0,0.0,0.0,,,
coco,incar-object-detection-nanodet,5x,320x320,imx8m-nano,lne,GPU/CPU,F32,/,/,1.8,2.5,9.8,16.0,582.9,0.0,599.0,1.7,5609.6,35.9,0.4,0.0,0.0,0.0,0.0,52.7,0.0,0.0,55.8,0.0,0.0,0.0,,,
coco,incar-object-detection-nanodet,5x,320x320,imx8m-nano,ncnn,GPU,F16,/,/,1.8,2.5,4.9,11.8,2326.1,0.2,2338.2,0.4,1437.0,46.9,0.7,0.0,0.0,0.0,0.0,29.4,0.0,0.0,56.7,0.0,0.0,0.0,,,
coco,incar-object-detection-nanodet,5x,320x320,imx8m-nano,ncnn,GPU,F32,/,/,1.8,2.5,9.8,11.8,2322.4,0.2,2334.4,0.4,1439.3,47.1,0.7,0.0,0.0,0.0,0.0,29.4,0.0,0.0,57.0,0.0,0.0,0.0,,,
coco,incar-object-detection-nanodet,5x,320x320,imx8m-nano,onnxruntime,CPU,F32,/,/,1.8,2.5,9.8,11.8,1124.5,0.0,1136.4,0.9,2956.8,36.1,0.4,0.0,0.0,0.0,0.0,53.5,0.0,0.0,56.1,0.0,0.0,0.0,,,
coco,incar-object-detection-nanodet,m,320x320,imx8m-nano,lne,GPU/CPU,F32,/,/,0.9,1.2,4.7,16.2,368.9,0.0,385.1,2.6,8724.0,35.4,0.4,0.0,0.0,0.0,0.0,51.8,0.0,0.0,54.3,0.0,0.0,0.0,,,
coco,incar-object-detection-nanodet,m,320x320,imx8m-nano,ncnn,GPU,F16,/,/,0.9,1.2,2.4,11.8,1555.8,0.4,1568.0,0.6,2142.9,43.1,0.6,0.0,0.0,0.0,0.0,29.7,0.0,0.0,57.1,0.0,0.0,0.0,,,
coco,incar-object-detection-nanodet,m,320x320,imx8m-nano,ncnn,GPU,F32,/,/,0.9,1.2,4.7,11.8,1556.1,0.3,1568.3,0.6,2142.5,43.6,0.6,0.0,0.0,0.0,0.0,29.7,0.0,0.0,55.8,0.0,0.0,0.0,,,
coco,incar-object-detection-nanodet,m,320x320,imx8m-nano,onnxruntime,CPU,F32,/,/,0.9,1.2,4.7,11.8,704.8,0.0,716.7,1.4,4688.2,35.9,0.4,0.0,0.0,0.0,0.0,53.4,0.0,0.0,54.1,0.0,0.0,0.0,,,
face-landmarks-detection,face-landmarks-detection-retinaface,mobile0.25mod4lite-12-48,320x320,imx8m-nano,lne,GPU/CPU,F32,AP-medium,43.8,0.3,0.2,0.9,14.4,108.6,9.5,132.5,7.5,25361.0,21.8,0.3,0.0,0.0,0.0,0.0,48.8,0.0,0.0,50.9,0.0,0.0,0.0,,,
face-landmarks-detection,face-landmarks-detection-retinaface,mobile0.25mod4lite-12-48,320x320,imx8m-nano,ncnn,GPU,F16,AP-medium,43.8,0.3,0.2,0.5,12.2,818.0,92.4,922.6,1.1,3641.9,28.6,0.5,0.0,0.0,0.0,0.0,30.0,0.0,0.0,56.2,0.0,0.0,0.0,,,
face-landmarks-detection,face-landmarks-detection-retinaface,mobile0.25mod4lite-12-48,320x320,imx8m-nano,ncnn,GPU,F32,AP-medium,43.8,0.3,0.2,0.9,12.1,817.9,92.3,922.3,1.1,3642.9,29.8,0.5,0.0,0.0,0.0,0.0,30.1,0.0,0.0,55.4,0.0,0.0,0.0,,,
face-landmarks-detection,face-landmarks-detection-retinaface,mobile0.25mod4lite-12-48,320x320,imx8m-nano,onnxruntime,CPU,F32,AP-medium,43.8,0.3,0.2,0.9,15.7,241.0,24.7,281.5,3.6,11937.4,21.2,0.3,0.0,0.0,0.0,0.0,51.6,0.0,0.0,52.7,0.0,0.0,0.0,,,
face-landmarks-detection,face-landmarks-detection-retinaface,mobile0.25mod4lite-12-48,320x185,imx8m-nano,lne,GPU/CPU,F32,AP-medium,31.9,0.2,0.2,0.9,8.6,61.9,5.5,76.0,13.2,44193.5,21.7,0.3,0.0,0.0,0.0,0.0,47.0,0.0,0.0,50.9,0.0,0.0,0.0,,,
face-landmarks-detection,face-landmarks-detection-retinaface,mobile0.25mod4lite-12-48,320x185,imx8m-nano,ncnn,GPU,F16,AP-medium,31.9,0.2,0.2,0.5,7.5,491.5,56.8,555.8,1.8,6045.0,29.3,0.5,0.0,0.0,0.0,0.0,30.4,0.0,0.0,54.1,0.0,0.0,0.0,,,
face-landmarks-detection,face-landmarks-detection-retinaface,mobile0.25mod4lite-12-48,320x185,imx8m-nano,ncnn,GPU,F32,AP-medium,31.9,0.2,0.2,0.9,7.5,491.1,56.8,555.4,1.8,6050.0,29.4,0.5,0.0,0.0,0.0,0.0,30.4,0.0,0.0,54.2,0.0,0.0,0.0,,,
face-landmarks-detection,face-landmarks-detection-retinaface,mobile0.25mod4lite-12-48,320x185,imx8m-nano,onnxruntime,CPU,F32,AP-medium,31.9,0.2,0.2,0.9,7.4,158.8,6.5,172.7,5.8,19454.0,21.5,0.3,0.0,0.0,0.0,0.0,51.9,0.0,0.0,51.0,0.0,0.0,0.0,,,
face-landmarks-detection,face-landmarks-detection-retinaface,mobile0.25mod4lite-12-48,320x250,imx8m-nano,lne,GPU/CPU,F32,AP-medium,41.7,0.3,0.2,0.9,11.1,83.3,7.3,101.7,9.8,33029.5,22.1,0.3,0.0,0.0,0.0,0.0,47.9,0.0,0.0,50.5,0.0,0.0,0.0,,,
face-landmarks-detection,face-landmarks-detection-retinaface,mobile0.25mod4lite-12-48,320x250,imx8m-nano,ncnn,GPU,F16,AP-medium,41.7,0.3,0.2,0.5,9.6,651.6,75.5,736.6,1.4,4561.2,29.5,0.5,0.0,0.0,0.0,0.0,30.2,0.0,0.0,54.8,0.0,0.0,0.0,,,
face-landmarks-detection,face-landmarks-detection-retinaface,mobile0.25mod4lite-12-48,320x250,imx8m-nano,ncnn,GPU,F32,AP-medium,41.7,0.3,0.2,0.9,9.6,652.1,75.4,737.2,1.4,4558.1,29.6,0.5,0.0,0.0,0.0,0.0,30.2,0.0,0.0,54.1,0.0,0.0,0.0,,,
face-landmarks-detection,face-landmarks-detection-retinaface,mobile0.25mod4lite-12-48,320x250,imx8m-nano,onnxruntime,CPU,F32,AP-medium,41.7,0.3,0.2,0.9,9.4,200.0,14.0,223.4,4.5,15039.5,21.7,0.3,0.0,0.0,0.0,0.0,51.7,0.0,0.0,52.3,0.0,0.0,0.0,,,
face-landmarks-detection,face-landmarks-detection-retinaface,mobile0.25mod4lite-12-48,640x640,imx8m-nano,lne,GPU/CPU,F32,AP-medium,73.9,1.3,0.2,0.9,42.6,487.9,36.2,566.7,1.8,5929.2,25.8,0.4,0.0,0.0,0.0,0.0,52.4,0.0,0.0,55.1,0.0,0.0,0.0,,,
face-landmarks-detection,face-landmarks-detection-retinaface,mobile0.25mod4lite-12-48,640x640,imx8m-nano,ncnn,GPU,F16,AP-medium,73.9,1.3,0.2,0.5,43.1,3230.4,362.5,3636.0,0.3,924.1,31.5,0.5,0.0,0.0,0.0,0.0,29.7,0.0,0.0,57.6,0.0,0.0,0.0,,,
face-landmarks-detection,face-landmarks-detection-retinaface,mobile0.25mod4lite-12-48,640x640,imx8m-nano,ncnn,GPU,F32,AP-medium,73.9,1.3,0.2,0.9,42.9,3230.0,362.8,3635.6,0.3,924.2,31.6,0.5,0.0,0.0,0.0,0.0,29.7,0.0,0.0,57.3,0.0,0.0,0.0,,,
face-landmarks-detection,face-landmarks-detection-retinaface,mobile0.25mod4lite-12-48,640x640,imx8m-nano,onnxruntime,CPU,F32,AP-medium,73.9,1.3,0.2,0.9,58.2,879.6,67.6,1005.4,1.0,3342.0,23.2,0.3,0.0,0.0,0.0,0.0,52.9,0.0,0.0,56.1,0.0,0.0,0.0,,,
face-landmarks-detection,face-landmarks-detection-retinaface,mobile0.25mod4lite-12-48,640x380,imx8m-nano,lne,GPU/CPU,F32,AP-medium,67.2,0.8,0.2,0.9,26.6,271.4,22.1,320.2,3.1,10495.0,24.6,0.4,0.0,0.0,0.0,0.0,51.3,0.0,0.0,54.4,0.0,0.0,0.0,,,
face-landmarks-detection,face-landmarks-detection-retinaface,mobile0.25mod4lite-12-48,640x380,imx8m-nano,ncnn,GPU,F16,AP-medium,67.2,0.8,0.2,0.5,27.3,1937.4,219.2,2183.9,0.5,1538.5,30.9,0.5,0.0,0.0,0.0,0.0,29.8,0.0,0.0,58.3,0.0,0.0,0.0,,,
face-landmarks-detection,face-landmarks-detection-retinaface,mobile0.25mod4lite-12-48,640x380,imx8m-nano,ncnn,GPU,F32,AP-medium,67.2,0.8,0.2,0.9,26.7,1937.7,219.2,2183.6,0.5,1538.7,31.0,0.5,0.0,0.0,0.0,0.0,29.8,0.0,0.0,56.8,0.0,0.0,0.0,,,
face-landmarks-detection,face-landmarks-detection-retinaface,mobile0.25mod4lite-12-48,640x380,imx8m-nano,onnxruntime,CPU,F32,AP-medium,67.2,0.8,0.2,0.9,36.1,533.7,52.4,622.2,1.6,5400.3,21.2,0.3,0.0,0.0,0.0,0.0,52.4,0.0,0.0,54.3,0.0,0.0,0.0,,,
face-landmarks-detection,face-landmarks-detection-retinaface,mobile0.25mod4lite-12-48,640x480,imx8m-nano,lne,GPU/CPU,F32,AP-medium,72.3,1.0,0.2,0.9,32.5,354.3,26.7,413.5,2.4,8125.0,25.5,0.4,0.0,0.0,0.0,0.0,52.0,0.0,0.0,55.3,0.0,0.0,0.0,,,
face-landmarks-detection,face-landmarks-detection-retinaface,mobile0.25mod4lite-12-48,640x480,imx8m-nano,ncnn,GPU,F16,AP-medium,72.3,1.0,0.2,0.5,33.1,2421.0,242.4,2696.5,0.4,1246.1,31.4,0.5,0.0,0.0,0.0,0.0,29.7,0.0,0.0,57.6,0.0,0.0,0.0,,,
face-landmarks-detection,face-landmarks-detection-retinaface,mobile0.25mod4lite-12-48,640x480,imx8m-nano,ncnn,GPU,F32,AP-medium,72.3,1.0,0.2,0.9,33.5,2420.3,242.3,2696.1,0.4,1246.2,31.5,0.5,0.0,0.0,0.0,0.0,29.7,0.0,0.0,57.1,0.0,0.0,0.0,,,
face-landmarks-detection,face-landmarks-detection-retinaface,mobile0.25mod4lite-12-48,640x480,imx8m-nano,onnxruntime,CPU,F32,AP-medium,72.3,1.0,0.2,0.9,38.3,670.3,62.0,770.6,1.3,4360.3,21.6,0.3,0.0,0.0,0.0,0.0,52.5,0.0,0.0,55.7,0.0,0.0,0.0,,,
face-landmarks-detection,face-landmarks-detection-retinaface,mobile0.25mod4lite-16-64,320x320,imx8m-nano,lne,GPU/CPU,F32,AP-medium,53.4,0.5,0.4,1.7,14.1,135.1,9.4,158.5,6.3,21193.5,23.6,0.3,0.0,0.0,0.0,0.0,49.3,0.0,0.0,53.1,0.0,0.0,0.0,,,
face-landmarks-detection,face-landmarks-detection-retinaface,mobile0.25mod4lite-16-64,320x320,imx8m-nano,ncnn,GPU,F16,AP-medium,53.4,0.5,0.4,0.8,11.7,929.3,101.2,1042.2,1.0,3224.0,32.0,0.5,0.0,0.0,0.0,0.0,29.8,0.0,0.0,55.4,0.0,0.0,0.0,,,
face-landmarks-detection,face-landmarks-detection-retinaface,mobile0.25mod4lite-16-64,320x320,imx8m-nano,ncnn,GPU,F32,AP-medium,53.4,0.5,0.4,1.7,11.8,929.1,101.3,1042.2,1.0,3223.9,32.0,0.5,0.0,0.0,0.0,0.0,29.8,0.0,0.0,54.8,0.0,0.0,0.0,,,
face-landmarks-detection,face-landmarks-detection-retinaface,mobile0.25mod4lite-16-64,320x320,imx8m-nano,onnxruntime,CPU,F32,AP-medium,53.4,0.5,0.4,1.7,11.6,355.3,20.1,387.1,2.6,8680.4,23.0,0.3,0.0,0.0,0.0,0.0,52.2,0.0,0.0,53.7,0.0,0.0,0.0,,,
face-landmarks-detection,face-landmarks-detection-retinaface,mobile0.25mod4lite-16-64,320x185,imx8m-nano,lne,GPU/CPU,F32,AP-medium,42.2,0.3,0.4,1.7,8.7,77.7,5.5,91.8,10.9,36593.1,23.7,0.3,0.0,0.0,0.0,0.0,47.6,0.0,0.0,50.8,0.0,0.0,0.0,,,
face-landmarks-detection,face-landmarks-detection-retinaface,mobile0.25mod4lite-16-64,320x185,imx8m-nano,ncnn,GPU,F16,AP-medium,42.2,0.3,0.4,0.8,7.5,558.0,62.1,627.6,1.6,5354.1,32.0,0.5,0.0,0.0,0.0,0.0,30.2,0.0,0.0,54.0,0.0,0.0,0.0,,,
face-landmarks-detection,face-landmarks-detection-retinaface,mobile0.25mod4lite-16-64,320x185,imx8m-nano,ncnn,GPU,F32,AP-medium,42.2,0.3,0.4,1.7,7.4,558.1,62.1,627.6,1.6,5353.4,32.1,0.5,0.0,0.0,0.0,0.0,30.2,0.0,0.0,53.5,0.0,0.0,0.0,,,
face-landmarks-detection,face-landmarks-detection-retinaface,mobile0.25mod4lite-16-64,320x185,imx8m-nano,onnxruntime,CPU,F32,AP-medium,42.2,0.3,0.4,1.7,7.4,217.1,15.9,240.4,4.2,13974.6,23.4,0.3,0.0,0.0,0.0,0.0,51.4,0.0,0.0,52.4,0.0,0.0,0.0,,,
face-landmarks-detection,face-landmarks-detection-retinaface,mobile0.25mod4lite-16-64,320x250,imx8m-nano,lne,GPU/CPU,F32,AP-medium,51.9,0.4,0.4,1.7,11.3,105.3,7.4,123.9,8.1,27125.4,24.0,0.3,0.0,0.0,0.0,0.0,48.8,0.0,0.0,52.1,0.0,0.0,0.0,,,
face-landmarks-detection,face-landmarks-detection-retinaface,mobile0.25mod4lite-16-64,320x250,imx8m-nano,ncnn,GPU,F16,AP-medium,51.9,0.4,0.4,0.8,9.6,738.9,82.7,831.1,1.2,4042.7,32.4,0.5,0.0,0.0,0.0,0.0,30.0,0.0,0.0,55.5,0.0,0.0,0.0,,,
face-landmarks-detection,face-landmarks-detection-retinaface,mobile0.25mod4lite-16-64,320x250,imx8m-nano,ncnn,GPU,F32,AP-medium,51.9,0.4,0.4,1.7,9.7,739.0,82.7,831.4,1.2,4041.6,32.4,0.5,0.0,0.0,0.0,0.0,30.0,0.0,0.0,54.0,0.0,0.0,0.0,,,
face-landmarks-detection,face-landmarks-detection-retinaface,mobile0.25mod4lite-16-64,320x250,imx8m-nano,onnxruntime,CPU,F32,AP-medium,51.9,0.4,0.4,1.7,9.5,270.4,18.5,298.4,3.4,11260.4,23.6,0.3,0.0,0.0,0.0,0.0,52.1,0.0,0.0,53.1,0.0,0.0,0.0,,,
face-landmarks-detection,face-landmarks-detection-retinaface,mobile0.25mod4lite-16-64,640x640,imx8m-nano,lne,GPU/CPU,F32,AP-medium,79.9,2.1,0.4,1.7,42.3,594.0,36.1,672.4,1.5,4997.2,27.5,0.4,0.0,0.0,0.0,0.0,52.7,0.0,0.0,55.4,0.0,0.0,0.0,,,
face-landmarks-detection,face-landmarks-detection-retinaface,mobile0.25mod4lite-16-64,640x640,imx8m-nano,ncnn,GPU,F16,AP-medium,79.9,2.1,0.4,0.8,43.3,3657.4,397.9,4098.7,0.2,819.8,37.0,0.6,0.0,0.0,0.0,0.0,29.5,0.0,0.0,57.5,0.0,0.0,0.0,,,
face-landmarks-detection,face-landmarks-detection-retinaface,mobile0.25mod4lite-16-64,640x640,imx8m-nano,ncnn,GPU,F32,AP-medium,79.9,2.1,0.4,1.7,43.6,3657.4,398.1,4099.0,0.2,819.7,37.0,0.6,0.0,0.0,0.0,0.0,29.5,0.0,0.0,58.0,0.0,0.0,0.0,,,
face-landmarks-detection,face-landmarks-detection-retinaface,mobile0.25mod4lite-16-64,640x640,imx8m-nano,onnxruntime,CPU,F32,AP-medium,79.9,2.1,0.4,1.7,50.2,1222.1,66.9,1339.2,0.7,2509.0,24.4,0.3,0.0,0.0,0.0,0.0,53.2,0.0,0.0,57.0,0.0,0.0,0.0,,,
face-landmarks-detection,face-landmarks-detection-retinaface,mobile0.25mod4lite-16-64,640x380,imx8m-nano,lne,GPU/CPU,F32,AP-medium,75.0,1.3,0.4,1.7,26.8,342.3,22.1,391.1,2.6,8590.2,32.2,0.4,0.0,0.0,0.0,0.0,52.1,0.0,0.0,54.3,0.0,0.0,0.0,,,
face-landmarks-detection,face-landmarks-detection-retinaface,mobile0.25mod4lite-16-64,640x380,imx8m-nano,ncnn,GPU,F16,AP-medium,75.0,1.3,0.4,0.8,27.0,2195.8,240.7,2463.4,0.4,1364.0,41.6,0.6,0.0,0.0,0.0,0.0,29.8,0.0,0.0,57.1,0.0,0.0,0.0,,,
face-landmarks-detection,face-landmarks-detection-retinaface,mobile0.25mod4lite-16-64,640x380,imx8m-nano,ncnn,GPU,F32,AP-medium,75.0,1.3,0.4,1.7,26.8,2195.4,240.8,2463.0,0.4,1364.2,42.0,0.6,0.0,0.0,0.0,0.0,29.8,0.0,0.0,56.6,0.0,0.0,0.0,,,
face-landmarks-detection,face-landmarks-detection-retinaface,mobile0.25mod4lite-16-64,640x380,imx8m-nano,onnxruntime,CPU,F32,AP-medium,75.0,1.3,0.4,1.7,36.2,737.8,56.1,830.1,1.2,4047.6,30.6,0.4,0.0,0.0,0.0,0.0,52.9,0.0,0.0,55.8,0.0,0.0,0.0,,,
face-landmarks-detection,face-landmarks-detection-retinaface,mobile0.25mod4lite-16-64,640x480,imx8m-nano,lne,GPU/CPU,F32,AP-medium,78.7,1.6,0.4,1.7,32.9,441.1,27.0,501.0,2.0,6706.1,33.8,0.4,0.0,0.0,0.0,0.0,52.7,0.0,0.0,56.0,0.0,0.0,0.0,,,
face-landmarks-detection,face-landmarks-detection-retinaface,mobile0.25mod4lite-16-64,640x480,imx8m-nano,ncnn,GPU,F16,AP-medium,78.7,1.6,0.4,0.8,33.0,2746.8,279.1,3058.9,0.3,1098.4,43.0,0.6,0.0,0.0,0.0,0.0,29.8,0.0,0.0,57.3,0.0,0.0,0.0,,,
face-landmarks-detection,face-landmarks-detection-retinaface,mobile0.25mod4lite-16-64,640x480,imx8m-nano,ncnn,GPU,F32,AP-medium,78.7,1.6,0.4,1.7,33.2,2745.5,278.2,3056.9,0.3,1099.2,42.9,0.6,0.0,0.0,0.0,0.0,29.8,0.0,0.0,57.0,0.0,0.0,0.0,,,
face-landmarks-detection,face-landmarks-detection-retinaface,mobile0.25mod4lite-16-64,640x480,imx8m-nano,onnxruntime,CPU,F32,AP-medium,78.7,1.6,0.4,1.7,45.0,945.7,62.9,1053.7,0.9,3188.9,31.6,0.4,0.0,0.0,0.0,0.0,53.1,0.0,0.0,55.6,0.0,0.0,0.0,,,
face-landmarks-detection,face-landmarks-detection-retinaface,mobile0.25mod4lite-32-72,320x320,imx8m-nano,lne,GPU/CPU,F32,AP-medium,61.9,0.9,0.7,2.9,15.8,246.5,10.9,273.3,3.7,12296.0,31.7,0.4,0.0,0.0,0.0,0.0,51.0,0.0,0.0,54.2,0.0,0.0,0.0,,,
face-landmarks-detection,face-landmarks-detection-retinaface,mobile0.25mod4lite-32-72,320x320,imx8m-nano,ncnn,GPU,F16,AP-medium,61.9,0.9,0.7,1.5,11.8,1789.8,102.4,1904.1,0.5,1764.7,41.1,0.6,0.0,0.0,0.0,0.0,29.6,0.0,0.0,58.2,0.0,0.0,0.0,,,
face-landmarks-detection,face-landmarks-detection-retinaface,mobile0.25mod4lite-32-72,320x320,imx8m-nano,ncnn,GPU,F32,AP-medium,61.9,0.9,0.7,2.9,11.8,1789.8,102.7,1904.2,0.5,1764.5,41.6,0.6,0.0,0.0,0.0,0.0,29.6,0.0,0.0,57.5,0.0,0.0,0.0,,,
face-landmarks-detection,face-landmarks-detection-retinaface,mobile0.25mod4lite-32-72,320x320,imx8m-nano,onnxruntime,CPU,F32,AP-medium,61.9,0.9,0.7,2.9,11.7,566.8,19.5,598.0,1.7,5618.6,31.2,0.4,0.0,0.0,0.0,0.0,52.9,0.0,0.0,54.4,0.0,0.0,0.0,,,
face-landmarks-detection,face-landmarks-detection-retinaface,mobile0.25mod4lite-32-72,320x185,imx8m-nano,lne,GPU/CPU,F32,AP-medium,50.5,0.6,0.7,2.9,9.0,143.6,5.6,158.2,6.3,21239.3,32.6,0.4,0.0,0.0,0.0,0.0,49.5,0.0,0.0,52.7,0.0,0.0,0.0,,,
face-landmarks-detection,face-landmarks-detection-retinaface,mobile0.25mod4lite-32-72,320x185,imx8m-nano,ncnn,GPU,F16,AP-medium,50.5,0.6,0.7,1.5,7.5,1072.2,62.8,1142.5,0.9,2940.9,41.1,0.6,0.0,0.0,0.0,0.0,29.8,0.0,0.0,57.7,0.0,0.0,0.0,,,
face-landmarks-detection,face-landmarks-detection-retinaface,mobile0.25mod4lite-32-72,320x185,imx8m-nano,ncnn,GPU,F32,AP-medium,50.5,0.6,0.7,2.9,7.5,1071.7,62.7,1142.0,0.9,2942.3,41.5,0.6,0.0,0.0,0.0,0.0,29.9,0.0,0.0,58.3,0.0,0.0,0.0,,,
face-landmarks-detection,face-landmarks-detection-retinaface,mobile0.25mod4lite-32-72,320x185,imx8m-nano,onnxruntime,CPU,F32,AP-medium,50.5,0.6,0.7,2.9,7.5,347.6,15.7,370.8,2.7,9061.3,32.1,0.4,0.0,0.0,0.0,0.0,52.4,0.0,0.0,54.9,0.0,0.0,0.0,,,
face-landmarks-detection,face-landmarks-detection-retinaface,mobile0.25mod4lite-32-72,320x250,imx8m-nano,lne,GPU/CPU,F32,AP-medium,60.3,0.7,0.7,2.9,11.3,196.3,7.4,215.0,4.7,15630.8,33.0,0.4,0.0,0.0,0.0,0.0,50.5,0.0,0.0,53.6,0.0,0.0,0.0,,,
face-landmarks-detection,face-landmarks-detection-retinaface,mobile0.25mod4lite-32-72,320x250,imx8m-nano,ncnn,GPU,F16,AP-medium,60.3,0.7,0.7,1.5,9.6,1427.1,86.3,1523.0,0.7,2206.2,42.2,0.6,0.0,0.0,0.0,0.0,29.7,0.0,0.0,56.9,0.0,0.0,0.0,,,
face-landmarks-detection,face-landmarks-detection-retinaface,mobile0.25mod4lite-32-72,320x250,imx8m-nano,ncnn,GPU,F32,AP-medium,60.3,0.7,0.7,2.9,9.6,1427.3,86.4,1523.4,0.7,2205.6,42.3,0.6,0.0,0.0,0.0,0.0,29.7,0.0,0.0,57.1,0.0,0.0,0.0,,,
face-landmarks-detection,face-landmarks-detection-retinaface,mobile0.25mod4lite-32-72,320x250,imx8m-nano,onnxruntime,CPU,F32,AP-medium,60.3,0.7,0.7,2.9,9.5,474.0,10.5,494.0,2.0,6801.6,32.4,0.4,0.0,0.0,0.0,0.0,53.0,0.0,0.0,54.3,0.0,0.0,0.0,,,
face-landmarks-detection,face-landmarks-detection-retinaface,mobile0.25mod4lite-32-72,640x640,imx8m-nano,lne,GPU/CPU,F32,AP-medium,84.0,3.7,0.7,2.9,42.5,1012.5,36.2,1091.1,0.9,3079.5,36.8,0.5,0.0,0.0,0.0,0.0,53.5,0.0,0.0,57.2,0.0,0.0,0.0,,,
face-landmarks-detection,face-landmarks-detection-retinaface,mobile0.25mod4lite-32-72,640x640,imx8m-nano,ncnn,GPU,F16,AP-medium,84.0,3.7,0.7,1.5,42.3,7054.0,415.4,7511.7,0.1,447.3,49.2,0.7,0.0,0.0,0.0,0.0,29.4,0.0,0.0,59.5,0.0,0.0,0.0,,,
face-landmarks-detection,face-landmarks-detection-retinaface,mobile0.25mod4lite-32-72,640x640,imx8m-nano,ncnn,GPU,F32,AP-medium,84.0,3.7,0.7,2.9,42.5,7056.4,415.2,7514.1,0.1,447.2,49.5,0.8,0.0,0.0,0.0,0.0,29.4,0.0,0.0,58.5,0.0,0.0,0.0,,,
face-landmarks-detection,face-landmarks-detection-retinaface,mobile0.25mod4lite-32-72,640x640,imx8m-nano,onnxruntime,CPU,F32,AP-medium,84.0,3.7,0.7,2.9,59.3,2067.0,75.7,2202.0,0.5,1525.9,32.9,0.4,0.0,0.0,0.0,0.0,53.6,0.0,0.0,57.4,0.0,0.0,0.0,,,
face-landmarks-detection,face-landmarks-detection-retinaface,mobile0.25mod4lite-32-72,640x380,imx8m-nano,lne,GPU/CPU,F32,AP-medium,79.7,2.2,0.7,2.9,32.0,600.8,26.5,659.3,1.5,5096.5,34.9,0.5,0.0,0.0,0.0,0.0,52.9,0.0,0.0,55.9,0.0,0.0,0.0,,,
face-landmarks-detection,face-landmarks-detection-retinaface,mobile0.25mod4lite-32-72,640x380,imx8m-nano,ncnn,GPU,F16,AP-medium,79.7,2.2,0.7,1.5,26.8,4249.4,251.1,4527.2,0.2,742.2,46.1,0.7,0.0,0.0,0.0,0.0,29.5,0.0,0.0,59.0,0.0,0.0,0.0,,,
face-landmarks-detection,face-landmarks-detection-retinaface,mobile0.25mod4lite-32-72,640x380,imx8m-nano,ncnn,GPU,F32,AP-medium,79.7,2.2,0.7,2.9,26.7,4248.8,251.1,4526.6,0.2,742.3,45.9,0.7,0.0,0.0,0.0,0.0,29.5,0.0,0.0,58.7,0.0,0.0,0.0,,,
face-landmarks-detection,face-landmarks-detection-retinaface,mobile0.25mod4lite-32-72,640x380,imx8m-nano,onnxruntime,CPU,F32,AP-medium,79.7,2.2,0.7,2.9,27.0,1289.1,39.8,1355.8,0.7,2478.2,33.5,0.4,0.0,0.0,0.0,0.0,53.3,0.0,0.0,57.0,0.0,0.0,0.0,,,
face-landmarks-detection,face-landmarks-detection-retinaface,mobile0.25mod4lite-32-72,640x480,imx8m-nano,lne,GPU/CPU,F32,AP-medium,82.9,2.8,0.7,2.9,32.8,754.8,26.9,814.6,1.2,4124.9,35.8,0.5,0.0,0.0,0.0,0.0,53.1,0.0,0.0,56.9,0.0,0.0,0.0,,,
face-landmarks-detection,face-landmarks-detection-retinaface,mobile0.25mod4lite-32-72,640x480,imx8m-nano,ncnn,GPU,F16,AP-medium,82.9,2.8,0.7,1.5,32.7,5297.6,282.7,5613.0,0.2,598.6,46.8,0.7,0.0,0.0,0.0,0.0,29.4,0.0,0.0,59.0,0.0,0.0,0.0,,,
face-landmarks-detection,face-landmarks-detection-retinaface,mobile0.25mod4lite-32-72,640x480,imx8m-nano,ncnn,GPU,F32,AP-medium,82.9,2.8,0.7,2.9,32.8,5297.1,282.6,5612.6,0.2,598.7,47.2,0.7,0.0,0.0,0.0,0.0,29.4,0.0,0.0,57.7,0.0,0.0,0.0,,,
face-landmarks-detection,face-landmarks-detection-retinaface,mobile0.25mod4lite-32-72,640x480,imx8m-nano,onnxruntime,CPU,F32,AP-medium,82.9,2.8,0.7,2.9,45.0,1570.9,58.6,1674.5,0.6,2006.6,33.4,0.4,0.0,0.0,0.0,0.0,53.4,0.0,0.0,57.0,0.0,0.0,0.0,,,
face-landmarks-detection,face-landmarks-detection-retinaface,mobile0.25mod4lite-48-96,320x320,imx8m-nano,lne,GPU/CPU,F32,AP-medium,64.0,1.7,1.4,5.7,11.8,388.9,9.3,410.0,2.4,8194.6,34.0,0.4,0.0,0.0,0.0,0.0,51.9,0.0,0.0,55.1,0.0,0.0,0.0,,,
face-landmarks-detection,face-landmarks-detection-retinaface,mobile0.25mod4lite-48-96,320x320,imx8m-nano,ncnn,GPU,F16,AP-medium,64.0,1.7,1.4,2.8,11.8,2508.1,119.1,2639.0,0.4,1273.2,44.4,0.6,0.0,0.0,0.0,0.0,29.4,0.0,0.0,57.1,0.0,0.0,0.0,,,
face-landmarks-detection,face-landmarks-detection-retinaface,mobile0.25mod4lite-48-96,320x320,imx8m-nano,ncnn,GPU,F32,AP-medium,64.0,1.7,1.4,5.7,11.7,2506.6,119.2,2637.5,0.4,1274.0,44.2,0.6,0.0,0.0,0.0,0.0,29.4,0.0,0.0,56.5,0.0,0.0,0.0,,,
face-landmarks-detection,face-landmarks-detection-retinaface,mobile0.25mod4lite-48-96,320x320,imx8m-nano,onnxruntime,CPU,F32,AP-medium,64.0,1.7,1.4,5.7,11.7,910.3,17.4,939.4,1.1,3576.8,33.2,0.4,0.0,0.0,0.0,0.0,53.3,0.0,0.0,54.9,0.0,0.0,0.0,,,
face-landmarks-detection,face-landmarks-detection-retinaface,mobile0.25mod4lite-48-96,320x185,imx8m-nano,lne,GPU/CPU,F32,AP-medium,52.2,1.0,1.4,5.7,7.5,229.0,5.6,242.2,4.1,13875.3,32.5,0.4,0.0,0.0,0.0,0.0,50.6,0.0,0.0,52.8,0.0,0.0,0.0,,,
face-landmarks-detection,face-landmarks-detection-retinaface,mobile0.25mod4lite-48-96,320x185,imx8m-nano,ncnn,GPU,F16,AP-medium,52.2,1.0,1.4,2.8,7.5,1501.3,72.8,1581.6,0.6,2124.5,43.4,0.6,0.0,0.0,0.0,0.0,29.5,0.0,0.0,56.8,0.0,0.0,0.0,,,
face-landmarks-detection,face-landmarks-detection-retinaface,mobile0.25mod4lite-48-96,320x185,imx8m-nano,ncnn,GPU,F32,AP-medium,52.2,1.0,1.4,5.7,7.5,1501.8,72.8,1582.2,0.6,2123.7,43.3,0.6,0.0,0.0,0.0,0.0,29.5,0.0,0.0,55.4,0.0,0.0,0.0,,,
face-landmarks-detection,face-landmarks-detection-retinaface,mobile0.25mod4lite-48-96,320x185,imx8m-nano,onnxruntime,CPU,F32,AP-medium,52.2,1.0,1.4,5.7,7.5,554.9,9.3,571.7,1.7,5877.2,32.7,0.4,0.0,0.0,0.0,0.0,53.2,0.0,0.0,53.6,0.0,0.0,0.0,,,
face-landmarks-detection,face-landmarks-detection-retinaface,mobile0.25mod4lite-48-96,320x250,imx8m-nano,lne,GPU/CPU,F32,AP-medium,62.5,1.3,1.4,5.7,9.6,311.1,7.5,328.1,3.0,10239.8,34.3,0.4,0.0,0.0,0.0,0.0,51.6,0.0,0.0,54.5,0.0,0.0,0.0,,,
face-landmarks-detection,face-landmarks-detection-retinaface,mobile0.25mod4lite-48-96,320x250,imx8m-nano,ncnn,GPU,F16,AP-medium,62.5,1.3,1.4,2.8,9.6,1999.4,97.0,2105.9,0.5,1595.5,44.3,0.6,0.0,0.0,0.0,0.0,29.4,0.0,0.0,56.3,0.0,0.0,0.0,,,
face-landmarks-detection,face-landmarks-detection-retinaface,mobile0.25mod4lite-48-96,320x250,imx8m-nano,ncnn,GPU,F32,AP-medium,62.5,1.3,1.4,5.7,9.6,1998.4,97.0,2104.9,0.5,1596.2,44.4,0.6,0.0,0.0,0.0,0.0,29.5,0.0,0.0,55.8,0.0,0.0,0.0,,,
face-landmarks-detection,face-landmarks-detection-retinaface,mobile0.25mod4lite-48-96,320x250,imx8m-nano,onnxruntime,CPU,F32,AP-medium,62.5,1.3,1.4,5.7,9.6,749.1,19.5,778.2,1.3,4317.9,33.4,0.4,0.0,0.0,0.0,0.0,53.2,0.0,0.0,54.2,0.0,0.0,0.0,,,
face-landmarks-detection,face-landmarks-detection-retinaface,mobile0.25mod4lite-48-96,640x640,imx8m-nano,lne,GPU/CPU,F32,AP-medium,86.0,6.6,1.4,5.7,51.3,1627.4,44.4,1723.2,0.6,1949.9,37.7,0.5,0.0,0.0,0.0,0.0,53.8,0.0,0.0,56.4,0.0,0.0,0.0,,,
face-landmarks-detection,face-landmarks-detection-retinaface,mobile0.25mod4lite-48-96,640x640,imx8m-nano,ncnn,GPU,F16,AP-medium,86.0,6.6,1.4,2.8,42.6,9871.7,468.2,10382.6,0.1,323.6,54.1,0.8,0.0,0.0,0.0,0.0,29.2,0.0,0.0,57.8,0.0,0.0,0.0,,,
face-landmarks-detection,face-landmarks-detection-retinaface,mobile0.25mod4lite-48-96,640x640,imx8m-nano,ncnn,GPU,F32,AP-medium,86.0,6.6,1.4,5.7,42.6,9870.3,468.5,10381.4,0.1,323.7,55.0,0.8,0.0,0.0,0.0,0.0,29.2,0.0,0.0,57.7,0.0,0.0,0.0,,,
face-landmarks-detection,face-landmarks-detection-retinaface,mobile0.25mod4lite-48-96,640x640,imx8m-nano,onnxruntime,CPU,F32,AP-medium,86.0,6.6,1.4,5.7,58.6,3170.6,76.3,3305.6,0.3,1016.5,34.4,0.4,0.0,0.0,0.0,0.0,53.7,0.0,0.0,57.9,0.0,0.0,0.0,,,
face-landmarks-detection,face-landmarks-detection-retinaface,mobile0.25mod4lite-48-96,640x380,imx8m-nano,lne,GPU/CPU,F32,AP-medium,81.6,3.9,1.4,5.7,26.7,953.2,21.9,1001.8,1.0,3353.8,36.3,0.5,0.0,0.0,0.0,0.0,53.4,0.0,0.0,56.9,0.0,0.0,0.0,,,
face-landmarks-detection,face-landmarks-detection-retinaface,mobile0.25mod4lite-48-96,640x380,imx8m-nano,ncnn,GPU,F16,AP-medium,81.6,3.9,1.4,2.8,26.7,5925.1,283.2,6235.0,0.2,538.9,49.4,0.7,0.0,0.0,0.0,0.0,29.3,0.0,0.0,57.7,0.0,0.0,0.0,,,
face-landmarks-detection,face-landmarks-detection-retinaface,mobile0.25mod4lite-48-96,640x380,imx8m-nano,ncnn,GPU,F32,AP-medium,81.6,3.9,1.4,5.7,26.7,5930.0,282.8,6239.4,0.2,538.5,50.3,0.7,0.0,0.0,0.0,0.0,29.3,0.0,0.0,57.0,0.0,0.0,0.0,,,
face-landmarks-detection,face-landmarks-detection-retinaface,mobile0.25mod4lite-48-96,640x380,imx8m-nano,onnxruntime,CPU,F32,AP-medium,81.6,3.9,1.4,5.7,26.9,2002.6,41.6,2071.0,0.5,1622.4,33.6,0.4,0.0,0.0,0.0,0.0,53.6,0.0,0.0,56.4,0.0,0.0,0.0,,,
face-landmarks-detection,face-landmarks-detection-retinaface,mobile0.25mod4lite-48-96,640x480,imx8m-nano,lne,GPU/CPU,F32,AP-medium,84.9,4.9,1.4,5.7,39.7,1191.6,33.5,1264.8,0.8,2656.5,36.8,0.5,0.0,0.0,0.0,0.0,53.7,0.0,0.0,56.5,0.0,0.0,0.0,,,
face-landmarks-detection,face-landmarks-detection-retinaface,mobile0.25mod4lite-48-96,640x480,imx8m-nano,ncnn,GPU,F16,AP-medium,84.9,4.9,1.4,2.8,33.1,7378.7,330.8,7742.5,0.1,434.0,51.5,0.8,0.0,0.0,0.0,0.0,29.2,0.0,0.0,57.1,0.0,0.0,0.0,,,
face-landmarks-detection,face-landmarks-detection-retinaface,mobile0.25mod4lite-48-96,640x480,imx8m-nano,ncnn,GPU,F32,AP-medium,84.9,4.9,1.4,5.7,33.3,7374.0,332.0,7739.3,0.1,434.1,52.1,0.8,0.0,0.0,0.0,0.0,29.2,0.0,0.0,57.8,0.0,0.0,0.0,,,
face-landmarks-detection,face-landmarks-detection-retinaface,mobile0.25mod4lite-48-96,640x480,imx8m-nano,onnxruntime,CPU,F32,AP-medium,84.9,4.9,1.4,5.7,33.0,2519.3,51.4,2603.8,0.4,1290.4,34.7,0.4,0.0,0.0,0.0,0.0,53.7,0.0,0.0,56.4,0.0,0.0,0.0,,,
face-landmarks-detection,face-landmarks-detection-retinaface,mobile0.25mod4lite-64-128,320x320,imx8m-nano,lne,GPU/CPU,F32,AP-medium,68.4,2.9,2.5,10.0,11.7,592.5,9.4,613.6,1.6,5475.8,35.4,0.5,0.0,0.0,0.0,0.0,52.8,0.0,0.0,55.4,0.0,0.0,0.0,,,
face-landmarks-detection,face-landmarks-detection-retinaface,mobile0.25mod4lite-64-128,320x320,imx8m-nano,ncnn,GPU,F16,AP-medium,68.4,2.9,2.5,5.0,11.8,4100.4,137.0,4249.2,0.2,790.7,47.0,0.7,0.0,0.0,0.0,0.0,29.2,0.0,0.0,57.2,0.0,0.0,0.0,,,
face-landmarks-detection,face-landmarks-detection-retinaface,mobile0.25mod4lite-64-128,320x320,imx8m-nano,ncnn,GPU,F32,AP-medium,68.4,2.9,2.5,10.0,11.7,4103.2,137.1,4252.0,0.2,790.2,47.4,0.7,0.0,0.0,0.0,0.0,29.2,0.0,0.0,56.7,0.0,0.0,0.0,,,
face-landmarks-detection,face-landmarks-detection-retinaface,mobile0.25mod4lite-64-128,320x320,imx8m-nano,onnxruntime,CPU,F32,AP-medium,68.4,2.9,2.5,10.0,11.7,1387.6,21.2,1420.5,0.7,2365.4,34.1,0.4,0.0,0.0,0.0,0.0,53.5,0.0,0.0,55.2,0.0,0.0,0.0,,,
face-landmarks-detection,face-landmarks-detection-retinaface,mobile0.25mod4lite-64-128,320x185,imx8m-nano,lne,GPU/CPU,F32,AP-medium,56.9,1.7,2.5,10.0,7.5,346.1,5.6,359.2,2.8,9354.6,35.2,0.4,0.0,0.0,0.0,0.0,51.7,0.0,0.0,54.1,0.0,0.0,0.0,,,
face-landmarks-detection,face-landmarks-detection-retinaface,mobile0.25mod4lite-64-128,320x185,imx8m-nano,ncnn,GPU,F16,AP-medium,56.9,1.7,2.5,5.0,7.5,2454.4,83.5,2545.5,0.4,1320.0,45.3,0.6,0.0,0.0,0.0,0.0,29.3,0.0,0.0,56.5,0.0,0.0,0.0,,,
face-landmarks-detection,face-landmarks-detection-retinaface,mobile0.25mod4lite-64-128,320x185,imx8m-nano,ncnn,GPU,F32,AP-medium,56.9,1.7,2.5,10.0,7.5,2452.0,83.5,2543.0,0.4,1321.3,44.9,0.6,0.0,0.0,0.0,0.0,29.3,0.0,0.0,57.0,0.0,0.0,0.0,,,
face-landmarks-detection,face-landmarks-detection-retinaface,mobile0.25mod4lite-64-128,320x185,imx8m-nano,onnxruntime,CPU,F32,AP-medium,56.9,1.7,2.5,10.0,7.5,852.1,16.3,875.9,1.1,3836.2,33.7,0.4,0.0,0.0,0.0,0.0,53.3,0.0,0.0,55.2,0.0,0.0,0.0,,,
face-landmarks-detection,face-landmarks-detection-retinaface,mobile0.25mod4lite-64-128,320x250,imx8m-nano,lne,GPU/CPU,F32,AP-medium,66.5,2.3,2.5,10.0,9.6,466.0,7.4,483.0,2.1,6956.4,35.4,0.5,0.0,0.0,0.0,0.0,52.3,0.0,0.0,54.8,0.0,0.0,0.0,,,
face-landmarks-detection,face-landmarks-detection-retinaface,mobile0.25mod4lite-64-128,320x250,imx8m-nano,ncnn,GPU,F16,AP-medium,66.5,2.3,2.5,5.0,9.6,3273.3,111.2,3394.1,0.3,990.0,46.4,0.7,0.0,0.0,0.0,0.0,29.3,0.0,0.0,57.7,0.0,0.0,0.0,,,
face-landmarks-detection,face-landmarks-detection-retinaface,mobile0.25mod4lite-64-128,320x250,imx8m-nano,ncnn,GPU,F32,AP-medium,66.5,2.3,2.5,10.0,9.5,3274.3,111.0,3394.8,0.3,989.7,46.7,0.7,0.0,0.0,0.0,0.0,29.2,0.0,0.0,56.5,0.0,0.0,0.0,,,
face-landmarks-detection,face-landmarks-detection-retinaface,mobile0.25mod4lite-64-128,320x250,imx8m-nano,onnxruntime,CPU,F32,AP-medium,66.5,2.3,2.5,10.0,9.6,1136.7,14.3,1160.6,0.9,2895.1,34.3,0.4,0.0,0.0,0.0,0.0,53.4,0.0,0.0,55.0,0.0,0.0,0.0,,,
face-landmarks-detection,face-landmarks-detection-retinaface,mobile0.25mod4lite-64-128,640x640,imx8m-nano,lne,GPU/CPU,F32,AP-medium,87.3,11.4,2.5,10.0,50.6,2546.5,44.6,2641.7,0.4,1271.9,39.2,0.5,0.0,0.0,0.0,0.0,53.9,0.0,0.0,57.9,0.0,0.0,0.0,,,
face-landmarks-detection,face-landmarks-detection-retinaface,mobile0.25mod4lite-64-128,640x640,imx8m-nano,ncnn,GPU,F16,AP-medium,87.3,11.4,2.5,5.0,42.4,16123.5,538.6,16704.4,0.1,201.1,60.7,1.0,0.0,0.0,0.0,0.0,29.1,0.0,0.0,57.9,0.0,0.0,0.0,,,
face-landmarks-detection,face-landmarks-detection-retinaface,mobile0.25mod4lite-64-128,640x640,imx8m-nano,ncnn,GPU,F32,AP-medium,87.3,11.4,2.5,10.0,42.5,16139.5,538.6,16720.7,0.1,200.9,62.2,1.0,0.0,0.0,0.0,0.0,29.1,0.0,0.0,58.3,0.0,0.0,0.0,,,
face-landmarks-detection,face-landmarks-detection-retinaface,mobile0.25mod4lite-64-128,640x640,imx8m-nano,onnxruntime,CPU,F32,AP-medium,87.3,11.4,2.5,10.0,51.2,4706.1,71.7,4828.9,0.2,695.8,35.7,0.5,0.0,0.0,0.0,0.0,53.9,0.0,0.0,57.5,0.0,0.0,0.0,,,
face-landmarks-detection,face-landmarks-detection-retinaface,mobile0.25mod4lite-64-128,640x380,imx8m-nano,lne,GPU/CPU,F32,AP-medium,83.3,6.8,2.5,10.0,26.8,1422.8,22.1,1471.7,0.7,2283.1,38.0,0.5,0.0,0.0,0.0,0.0,53.9,0.0,0.0,57.6,0.0,0.0,0.0,,,
face-landmarks-detection,face-landmarks-detection-retinaface,mobile0.25mod4lite-64-128,640x380,imx8m-nano,ncnn,GPU,F16,AP-medium,83.3,6.8,2.5,5.0,26.8,9710.5,325.4,10062.7,0.1,333.9,54.1,0.8,0.0,0.0,0.0,0.0,29.1,0.0,0.0,58.6,0.0,0.0,0.0,,,
face-landmarks-detection,face-landmarks-detection-retinaface,mobile0.25mod4lite-64-128,640x380,imx8m-nano,ncnn,GPU,F32,AP-medium,83.3,6.8,2.5,10.0,27.1,9708.3,326.3,10061.7,0.1,333.9,54.7,0.8,0.0,0.0,0.0,0.0,29.1,0.0,0.0,57.7,0.0,0.0,0.0,,,
face-landmarks-detection,face-landmarks-detection-retinaface,mobile0.25mod4lite-64-128,640x380,imx8m-nano,onnxruntime,CPU,F32,AP-medium,83.3,6.8,2.5,10.0,27.0,2986.2,45.3,3058.4,0.3,1098.6,35.7,0.5,0.0,0.0,0.0,0.0,53.7,0.0,0.0,57.7,0.0,0.0,0.0,,,
face-landmarks-detection,face-landmarks-detection-retinaface,mobile0.25mod4lite-64-128,640x480,imx8m-nano,lne,GPU/CPU,F32,AP-medium,86.2,8.6,2.5,10.0,38.8,1914.4,33.3,1986.5,0.5,1691.5,38.6,0.5,0.0,0.0,0.0,0.0,53.8,0.0,0.0,57.5,0.0,0.0,0.0,,,
face-landmarks-detection,face-landmarks-detection-retinaface,mobile0.25mod4lite-64-128,640x480,imx8m-nano,ncnn,GPU,F16,AP-medium,86.2,8.6,2.5,5.0,33.0,12151.1,383.3,12567.5,0.1,267.4,56.7,0.9,0.0,0.0,0.0,0.0,29.1,0.0,0.0,57.7,0.0,0.0,0.0,,,
face-landmarks-detection,face-landmarks-detection-retinaface,mobile0.25mod4lite-64-128,640x480,imx8m-nano,ncnn,GPU,F32,AP-medium,86.2,8.6,2.5,10.0,33.0,12162.3,384.0,12579.3,0.1,267.1,57.7,0.9,0.0,0.0,0.0,0.0,29.1,0.0,0.0,57.6,0.0,0.0,0.0,,,
face-landmarks-detection,face-landmarks-detection-retinaface,mobile0.25mod4lite-64-128,640x480,imx8m-nano,onnxruntime,CPU,F32,AP-medium,86.2,8.6,2.5,10.0,33.1,3612.2,51.8,3697.0,0.3,908.8,36.1,0.5,0.0,0.0,0.0,0.0,53.8,0.0,0.0,57.0,0.0,0.0,0.0,,,
incar-object-detection,incar-object-detection-nanodet,resnet50,320x320,imx8m-nano,lne,GPU/CPU,F32,/,/,17.4,24.4,97.4,12.0,2355.2,2.1,2369.2,0.4,1418.2,41.1,0.6,0.0,0.0,0.0,0.0,54.1,0.0,0.0,61.1,0.0,0.0,0.0,,,
incar-object-detection,incar-object-detection-nanodet,resnet50,320x320,imx8m-nano,ncnn,GPU,F16,/,/,17.4,24.4,48.7,11.8,16203.7,217.4,16432.9,0.1,204.5,66.2,1.1,0.0,0.0,0.0,0.0,28.8,0.0,0.0,57.6,0.0,0.0,0.0,,,
incar-object-detection,incar-object-detection-nanodet,resnet50,320x320,imx8m-nano,ncnn,GPU,F32,/,/,17.4,24.4,97.4,11.7,16206.4,217.1,16435.2,0.1,204.4,68.6,1.2,0.0,0.0,0.0,0.0,28.8,0.0,0.0,57.8,0.0,0.0,0.0,,,
incar-object-detection,incar-object-detection-nanodet,resnet50,320x320,imx8m-nano,onnxruntime,CPU,F32,/,/,17.4,24.4,97.4,11.8,5163.8,2.6,5178.1,0.2,648.9,30.6,0.4,0.0,0.0,0.0,0.0,53.9,0.0,0.0,57.7,0.0,0.0,0.0,,,
incar-object-detection,incar-object-detection-nanodet,resnet50,640x640,imx8m-nano,lne,GPU/CPU,F32,/,/,81.4,28.5,114.1,42.3,11747.1,8.3,11797.7,0.1,284.8,51.9,0.8,0.0,0.0,0.0,0.0,54.3,0.0,0.0,61.9,0.0,0.0,0.0,,,
incar-object-detection,incar-object-detection-nanodet,resnet50,640x640,imx8m-nano,ncnn,GPU,F16,/,/,81.4,28.5,57.1,/,/,/,/,/,/,0.0,0.0,0.0,0.0,0.0,0.0,0.0,0.0,0.0,0.0,0.0,0.0,0.0,,,
incar-object-detection,incar-object-detection-nanodet,resnet50,640x640,imx8m-nano,ncnn,GPU,F32,/,/,81.4,28.5,114.1,/,/,/,/,/,/,0.0,0.0,0.0,0.0,0.0,0.0,0.0,0.0,0.0,0.0,0.0,0.0,0.0,,,
incar-object-detection,incar-object-detection-nanodet,resnet50,640x640,imx8m-nano,onnxruntime,CPU,F32,/,/,81.4,28.5,114.1,42.8,23090.3,20.7,23153.8,0.0,145.1,36.8,0.6,0.0,0.0,0.0,0.0,53.9,0.0,0.0,58.6,0.0,0.0,0.0,,,
incar-object-detection,incar-object-detection-nanodet,resnet50,640x480,imx8m-nano,lne,GPU/CPU,F32,/,/,52.0,24.4,97.4,33.5,7146.6,6.3,7186.4,0.1,467.5,51.8,0.8,0.0,0.0,0.0,0.0,54.2,0.0,0.0,60.5,0.0,0.0,0.0,,,
incar-object-detection,incar-object-detection-nanodet,resnet50,640x480,imx8m-nano,ncnn,GPU,F16,/,/,52.0,24.4,48.7,33.2,47209.2,638.2,47880.6,0.0,70.2,97.0,1.7,0.0,0.0,0.0,0.0,28.9,0.0,0.0,57.9,0.0,0.0,0.0,,,
incar-object-detection,incar-object-detection-nanodet,resnet50,640x480,imx8m-nano,ncnn,GPU,F32,/,/,52.0,24.4,97.4,/,/,/,/,/,/,0.0,0.0,0.0,0.0,0.0,0.0,0.0,0.0,0.0,0.0,0.0,0.0,0.0,,,
incar-object-detection,incar-object-detection-nanodet,resnet50,640x480,imx8m-nano,onnxruntime,CPU,F32,/,/,52.0,24.4,97.4,32.7,14557.4,18.0,14608.1,0.1,230.0,35.3,0.5,0.0,0.0,0.0,0.0,53.9,0.0,0.0,58.2,0.0,0.0,0.0,,,
face-recognition,face-recognition-insightsface-mobilefacenet,mxnet,112x112,imx8m-nano,lne,GPU/CPU,F32,/,/,0.4,1.0,4.0,2.8,134.3,0.0,137.1,7.3,24502.2,28.3,0.3,0.0,0.0,0.0,0.0,49.8,0.0,0.0,51.1,0.0,0.0,0.0,,,
face-recognition,face-recognition-insightsface-mobilefacenet,mxnet,112x112,imx8m-nano,ncnn,GPU,F16,/,/,0.4,1.0,2.0,2.7,564.6,0.4,567.7,1.8,5918.3,32.6,0.4,0.0,0.0,0.0,0.0,29.7,0.0,0.0,53.9,0.0,0.0,0.0,,,
face-recognition,face-recognition-insightsface-mobilefacenet,mxnet,112x112,imx8m-nano,ncnn,GPU,F32,/,/,0.4,1.0,4.0,2.7,565.8,0.4,568.9,1.8,5905.6,32.7,0.4,0.0,0.0,0.0,0.0,29.7,0.0,0.0,52.3,0.0,0.0,0.0,,,
face-recognition,face-recognition-insightsface-mobilefacenet,mxnet,112x112,imx8m-nano,onnxruntime,CPU,F32,/,/,0.4,1.0,4.0,/,/,/,/,/,/,0.0,0.0,0.0,0.0,0.0,0.0,0.0,0.0,0.0,0.0,0.0,0.0,0.0,,,
age-gender-estimation,age-gender-insightface,mobilenet_0_25x,112x112,imx8m-nano,lne,GPU/CPU,F32,/,/,0.1,0.3,1.1,3.1,25.3,0.0,28.4,35.2,118298.1,27.8,0.3,0.0,0.0,0.0,0.0,44.1,0.0,0.0,48.1,0.0,0.0,0.0,,,
age-gender-estimation,age-gender-insightface,mobilenet_0_25x,112x112,imx8m-nano,ncnn,GPU,F16,/,/,0.1,0.3,0.5,2.8,130.4,0.3,133.5,7.5,25161.9,32.2,0.4,0.0,0.0,0.0,0.0,31.9,0.0,0.0,50.3,0.0,0.0,0.0,,,
age-gender-estimation,age-gender-insightface,mobilenet_0_25x,112x112,imx8m-nano,ncnn,GPU,F32,/,/,0.1,0.3,1.1,2.6,130.4,0.3,133.4,7.5,25195.5,32.0,0.4,0.0,0.0,0.0,0.0,31.6,0.0,0.0,49.8,0.0,0.0,0.0,,,
age-gender-estimation,age-gender-insightface,mobilenet_0_25x,112x112,imx8m-nano,onnxruntime,CPU,F32,/,/,0.1,0.3,1.1,/,/,/,/,/,/,0.0,0.0,0.0,0.0,0.0,0.0,0.0,0.0,0.0,0.0,0.0,0.0,0.0,,,
emotion-classification,emotion-classic-light-112x96,default_onnx,96x112,imx8m-nano,lne,GPU/CPU,F32,/,/,0.4,2.7,10.8,4.1,46.3,0.0,50.4,19.8,66639.0,30.6,0.4,0.0,0.0,0.0,0.0,46.1,0.0,0.0,49.8,0.0,0.0,0.0,,,
emotion-classification,emotion-classic-light-112x96,default_onnx,96x112,imx8m-nano,ncnn,GPU,F16,/,/,0.4,2.7,5.4,/,/,/,/,/,/,0.0,0.0,0.0,0.0,0.0,0.0,0.0,0.0,0.0,0.0,0.0,0.0,0.0,,,
emotion-classification,emotion-classic-light-112x96,default_onnx,96x112,imx8m-nano,ncnn,GPU,F32,/,/,0.4,2.7,10.8,/,/,/,/,/,/,0.0,0.0,0.0,0.0,0.0,0.0,0.0,0.0,0.0,0.0,0.0,0.0,0.0,,,
emotion-classification,emotion-classic-light-112x96,default_onnx,96x112,imx8m-nano,onnxruntime,CPU,F32,/,/,0.4,2.7,10.8,/,/,/,/,/,/,0.0,0.0,0.0,0.0,0.0,0.0,0.0,0.0,0.0,0.0,0.0,0.0,0.0,,,
emotion-classification,emotion-classic-light-112x96,moonshine_onnx,96x112,imx8m-nano,lne,GPU/CPU,F32,/,/,0.2,0.1,0.6,4.3,56.2,0.0,60.6,16.5,55422.7,30.2,0.4,0.0,0.0,0.0,0.0,47.2,0.0,0.0,49.4,0.0,0.0,0.0,,,
emotion-classification,emotion-classic-light-112x96,moonshine_onnx,96x112,imx8m-nano,ncnn,GPU,F16,/,/,0.2,0.1,0.3,4.2,348.4,0.3,352.9,2.8,9520.7,33.8,0.4,0.0,0.0,0.0,0.0,30.1,0.0,0.0,53.5,0.0,0.0,0.0,,,
emotion-classification,emotion-classic-light-112x96,moonshine_onnx,96x112,imx8m-nano,ncnn,GPU,F32,/,/,0.2,0.1,0.6,4.2,348.4,0.3,352.9,2.8,9520.5,33.6,0.4,0.0,0.0,0.0,0.0,30.2,0.0,0.0,52.9,0.0,0.0,0.0,,,
emotion-classification,emotion-classic-light-112x96,moonshine_onnx,96x112,imx8m-nano,onnxruntime,CPU,F32,/,/,0.2,0.1,0.6,4.4,125.5,0.1,130.0,7.7,25848.1,30.2,0.4,0.0,0.0,0.0,0.0,52.8,0.0,0.0,51.0,0.0,0.0,0.0,,,
emotion-classification,emotion-classic-light-112x96,student_g1,96x112,imx8m-nano,lne,GPU/CPU,F32,/,/,0.6,0.4,1.6,4.1,73.3,0.0,77.5,12.9,43378.9,30.0,0.4,0.0,0.0,0.0,0.0,47.8,0.0,0.0,50.4,0.0,0.0,0.0,,,
emotion-classification,emotion-classic-light-112x96,student_g1,96x112,imx8m-nano,ncnn,GPU,F16,/,/,0.6,0.4,0.8,4.1,320.6,0.3,325.1,3.1,10335.9,34.0,0.4,0.0,0.0,0.0,0.0,30.3,0.0,0.0,53.7,0.0,0.0,0.0,,,
emotion-classification,emotion-classic-light-112x96,student_g1,96x112,imx8m-nano,ncnn,GPU,F32,/,/,0.6,0.4,1.6,4.1,320.9,0.3,325.4,3.1,10326.1,34.0,0.4,0.0,0.0,0.0,0.0,30.3,0.0,0.0,53.3,0.0,0.0,0.0,,,
emotion-classification,emotion-classic-light-112x96,student_g1,96x112,imx8m-nano,onnxruntime,CPU,F32,/,/,0.6,0.4,1.6,4.1,220.1,0.1,224.3,4.5,14982.1,29.6,0.4,0.0,0.0,0.0,0.0,52.9,0.0,0.0,52.6,0.0,0.0,0.0,,,
emotion-classification,emotion-classic-light-112x96,student_g16,96x112,imx8m-nano,lne,GPU/CPU,F32,/,/,0.1,0.1,0.3,4.7,57.4,0.0,62.1,16.1,54095.7,29.6,0.4,0.0,0.0,0.0,0.0,47.8,0.0,0.0,50.0,0.0,0.0,0.0,,,
emotion-classification,emotion-classic-light-112x96,student_g16,96x112,imx8m-nano,ncnn,GPU,F16,/,/,0.1,0.1,0.2,4.2,223.0,0.3,227.5,4.4,14767.5,33.8,0.4,0.0,0.0,0.0,0.0,31.1,0.0,0.0,52.0,0.0,0.0,0.0,,,
emotion-classification,emotion-classic-light-112x96,student_g16,96x112,imx8m-nano,ncnn,GPU,F32,/,/,0.1,0.1,0.3,4.2,223.3,0.4,227.8,4.4,14750.3,34.0,0.4,0.0,0.0,0.0,0.0,31.2,0.0,0.0,51.5,0.0,0.0,0.0,,,
emotion-classification,emotion-classic-light-112x96,student_g16,96x112,imx8m-nano,onnxruntime,CPU,F32,/,/,0.1,0.1,0.3,4.4,92.6,0.2,97.2,10.3,34566.0,29.8,0.4,0.0,0.0,0.0,0.0,52.2,0.0,0.0,50.4,0.0,0.0,0.0,,,
emotion-classification,emotion-classic-light-112x96,student_g2,96x112,imx8m-nano,lne,GPU/CPU,F32,/,/,0.4,0.2,0.9,4.4,59.3,0.0,63.7,15.7,52728.6,29.9,0.4,0.0,0.0,0.0,0.0,47.6,0.0,0.0,49.4,0.0,0.0,0.0,,,
emotion-classification,emotion-classic-light-112x96,student_g2,96x112,imx8m-nano,ncnn,GPU,F16,/,/,0.4,0.2,0.5,4.2,572.7,0.3,577.2,1.7,5820.8,32.7,0.4,0.0,0.0,0.0,0.0,29.8,0.0,0.0,54.5,0.0,0.0,0.0,,,
emotion-classification,emotion-classic-light-112x96,student_g2,96x112,imx8m-nano,ncnn,GPU,F32,/,/,0.4,0.2,0.9,4.2,572.7,0.3,577.2,1.7,5821.5,33.2,0.4,0.0,0.0,0.0,0.0,29.7,0.0,0.0,53.1,0.0,0.0,0.0,,,
emotion-classification,emotion-classic-light-112x96,student_g2,96x112,imx8m-nano,onnxruntime,CPU,F32,/,/,0.4,0.2,0.9,4.1,169.3,0.2,173.6,5.8,19353.6,29.3,0.4,0.0,0.0,0.0,0.0,52.6,0.0,0.0,51.2,0.0,0.0,0.0,,,
emotion-classification,emotion-classic-light-112x96,student_g32,96x112,imx8m-nano,lne,GPU/CPU,F32,/,/,0.1,0.1,0.3,4.7,61.3,0.0,66.1,15.1,50867.4,29.8,0.4,0.0,0.0,0.0,0.0,47.9,0.0,0.0,50.1,0.0,0.0,0.0,,,
emotion-classification,emotion-classic-light-112x96,student_g32,96x112,imx8m-nano,ncnn,GPU,F16,/,/,0.1,0.1,0.1,4.2,224.9,0.3,229.4,4.4,14646.8,33.7,0.4,0.0,0.0,0.0,0.0,31.1,0.0,0.0,52.0,0.0,0.0,0.0,,,
emotion-classification,emotion-classic-light-112x96,student_g32,96x112,imx8m-nano,ncnn,GPU,F32,/,/,0.1,0.1,0.3,4.2,225.1,0.3,229.5,4.4,14638.1,33.5,0.4,0.0,0.0,0.0,0.0,31.1,0.0,0.0,51.6,0.0,0.0,0.0,,,
emotion-classification,emotion-classic-light-112x96,student_g32,96x112,imx8m-nano,onnxruntime,CPU,F32,/,/,0.1,0.1,0.3,4.7,88.7,0.1,93.5,10.7,35941.6,29.6,0.4,0.0,0.0,0.0,0.0,52.1,0.0,0.0,51.2,0.0,0.0,0.0,,,
emotion-classification,emotion-classic-light-112x96,student_g4,96x112,imx8m-nano,lne,GPU/CPU,F32,/,/,0.2,0.1,0.6,4.4,56.8,0.0,61.2,16.3,54928.0,27.6,0.3,0.0,0.0,0.0,0.0,47.4,0.0,0.0,48.6,0.0,0.0,0.0,,,
emotion-classification,emotion-classic-light-112x96,student_g4,96x112,imx8m-nano,ncnn,GPU,F16,/,/,0.2,0.1,0.3,4.2,348.4,0.3,352.9,2.8,9521.5,31.4,0.4,0.0,0.0,0.0,0.0,30.1,0.0,0.0,53.0,0.0,0.0,0.0,,,
emotion-classification,emotion-classic-light-112x96,student_g4,96x112,imx8m-nano,ncnn,GPU,F32,/,/,0.2,0.1,0.6,4.2,348.4,0.3,352.9,2.8,9520.9,31.8,0.4,0.0,0.0,0.0,0.0,30.2,0.0,0.0,52.4,0.0,0.0,0.0,,,
emotion-classification,emotion-classic-light-112x96,student_g4,96x112,imx8m-nano,onnxruntime,CPU,F32,/,/,0.2,0.1,0.6,4.4,126.3,0.1,130.8,7.6,25691.5,28.0,0.3,0.0,0.0,0.0,0.0,52.7,0.0,0.0,50.2,0.0,0.0,0.0,,,
emotion-classification,emotion-classic-light-112x96,student_g8,96x112,imx8m-nano,lne,GPU/CPU,F32,/,/,0.2,0.1,0.4,4.7,55.1,0.0,59.8,16.7,56153.2,29.8,0.4,0.0,0.0,0.0,0.0,47.4,0.0,0.0,49.2,0.0,0.0,0.0,,,
emotion-classification,emotion-classic-light-112x96,student_g8,96x112,imx8m-nano,ncnn,GPU,F16,/,/,0.2,0.1,0.2,4.2,236.1,0.3,240.6,4.2,13964.9,33.5,0.4,0.0,0.0,0.0,0.0,30.7,0.0,0.0,51.6,0.0,0.0,0.0,,,
emotion-classification,emotion-classic-light-112x96,student_g8,96x112,imx8m-nano,ncnn,GPU,F32,/,/,0.2,0.1,0.4,4.2,236.3,0.3,240.8,4.2,13955.2,33.5,0.4,0.0,0.0,0.0,0.0,30.7,0.0,0.0,51.3,0.0,0.0,0.0,,,
emotion-classification,emotion-classic-light-112x96,student_g8,96x112,imx8m-nano,onnxruntime,CPU,F32,/,/,0.2,0.1,0.4,4.4,102.2,0.3,106.9,9.4,31423.7,29.5,0.4,0.0,0.0,0.0,0.0,52.2,0.0,0.0,50.4,0.0,0.0,0.0,,,
emotion-classification,emotion-classic-light-112x96,teacher_onnx,96x112,imx8m-nano,lne,GPU/CPU,F32,/,/,0.5,8.5,33.8,4.1,64.2,0.0,68.4,14.6,49133.6,31.3,0.4,0.0,0.0,0.0,0.0,47.6,0.0,0.0,50.6,0.0,0.0,0.0,,,
emotion-classification,emotion-classic-light-112x96,teacher_onnx,96x112,imx8m-nano,ncnn,GPU,F16,/,/,0.5,8.5,16.9,4.1,321.3,0.3,325.7,3.1,10315.2,37.6,0.5,0.0,0.0,0.0,0.0,30.4,0.0,0.0,52.9,0.0,0.0,0.0,,,
emotion-classification,emotion-classic-light-112x96,teacher_onnx,96x112,imx8m-nano,ncnn,GPU,F32,/,/,0.5,8.5,33.8,4.1,321.0,0.3,325.4,3.1,10324.7,36.4,0.5,0.0,0.0,0.0,0.0,30.4,0.0,0.0,53.3,0.0,0.0,0.0,,,
emotion-classification,emotion-classic-light-112x96,teacher_onnx,96x112,imx8m-nano,onnxruntime,CPU,F32,/,/,0.5,8.5,33.8,4.1,297.6,0.1,301.8,3.3,11132.2,31.3,0.4,0.0,0.0,0.0,0.0,53.6,0.0,0.0,52.5,0.0,0.0,0.0,,,
eyegaze,eyegaze-rankgaze,mobilefacenet-mpiigaze,224x224,imx8m-nano,lne,GPU/CPU,F32,Avg MAE,5.66,1.9,4.2,16.6,6.2,516.7,0.0,522.9,1.9,6425.4,28.4,0.4,0.0,0.0,0.0,0.0,53.1,0.0,0.0,54.7,0.0,0.0,0.0,,,
eyegaze,eyegaze-rankgaze,mobilefacenet-mpiigaze,224x224,imx8m-nano,ncnn,GPU,F16,Avg MAE,5.66,1.9,4.2,8.3,6.2,2096.8,0.4,2103.4,0.5,1597.4,36.4,0.5,0.0,0.0,0.0,0.0,29.3,0.0,0.0,56.6,0.0,0.0,0.0,,,
eyegaze,eyegaze-rankgaze,mobilefacenet-mpiigaze,224x224,imx8m-nano,ncnn,GPU,F32,Avg MAE,5.66,1.9,4.2,16.6,6.3,2095.0,0.4,2101.7,0.5,1598.7,36.9,0.5,0.0,0.0,0.0,0.0,29.3,0.0,0.0,55.5,0.0,0.0,0.0,,,
eyegaze,eyegaze-rankgaze,mobilefacenet-mpiigaze,224x224,imx8m-nano,onnxruntime,CPU,F32,Avg MAE,5.66,1.9,4.2,16.6,6.2,1026.3,0.1,1032.6,1.0,3254.0,28.2,0.4,0.0,0.0,0.0,0.0,53.9,0.0,0.0,54.7,0.0,0.0,0.0,,,
eyegaze,eyegaze-rankgaze,mobilefacenet-mpiigaze-righteye-t50,32x32,imx8m-nano,lne,GPU/CPU,F32,Avg MAE,5.9,0.0,4.1,16.2,0.4,15.5,0.0,16.0,62.6,210365.9,28.1,0.3,0.0,0.0,0.0,0.0,42.7,0.0,0.0,48.4,0.0,0.0,0.0,,,
eyegaze,eyegaze-rankgaze,mobilefacenet-mpiigaze-righteye-t50,32x32,imx8m-nano,ncnn,GPU,F16,Avg MAE,5.9,0.0,4.1,8.1,0.5,171.7,0.3,172.5,5.8,19476.4,33.0,0.4,0.0,0.0,0.0,0.0,31.7,0.0,0.0,51.0,0.0,0.0,0.0,,,
eyegaze,eyegaze-rankgaze,mobilefacenet-mpiigaze-righteye-t50,32x32,imx8m-nano,ncnn,GPU,F32,Avg MAE,5.9,0.0,4.1,16.2,0.5,171.7,0.3,172.5,5.8,19479.8,33.5,0.5,0.0,0.0,0.0,0.0,31.7,0.0,0.0,50.0,0.0,0.0,0.0,,,
eyegaze,eyegaze-rankgaze,mobilefacenet-mpiigaze-righteye-t50,32x32,imx8m-nano,onnxruntime,CPU,F32,Avg MAE,5.9,0.0,4.1,16.2,0.5,96.7,0.1,97.2,10.3,34576.1,27.9,0.3,0.0,0.0,0.0,0.0,53.1,0.0,0.0,49.0,0.0,0.0,0.0,,,
eyegaze,eyegaze-rankgaze,mobilefacenet-mpiigaze-righteye-t50,48x32,imx8m-nano,lne,GPU/CPU,F32,Avg MAE,7.25,0.1,4.1,16.2,0.5,20.3,0.0,20.8,48.0,161439.2,28.1,0.3,0.0,0.0,0.0,0.0,43.6,0.0,0.0,47.6,0.0,0.0,0.0,,,
eyegaze,eyegaze-rankgaze,mobilefacenet-mpiigaze-righteye-t50,48x32,imx8m-nano,ncnn,GPU,F16,Avg MAE,7.25,0.1,4.1,8.1,0.5,185.5,0.3,186.4,5.4,18030.3,33.2,0.4,0.0,0.0,0.0,0.0,31.6,0.0,0.0,51.2,0.0,0.0,0.0,,,
eyegaze,eyegaze-rankgaze,mobilefacenet-mpiigaze-righteye-t50,48x32,imx8m-nano,ncnn,GPU,F32,Avg MAE,7.25,0.1,4.1,16.2,0.5,185.3,0.3,186.2,5.4,18049.1,33.6,0.5,0.0,0.0,0.0,0.0,31.6,0.0,0.0,50.1,0.0,0.0,0.0,,,
eyegaze,eyegaze-rankgaze,mobilefacenet-mpiigaze-righteye-t50,48x32,imx8m-nano,onnxruntime,CPU,F32,Avg MAE,7.25,0.1,4.1,16.2,0.5,116.9,0.1,117.5,8.5,28595.4,28.0,0.3,0.0,0.0,0.0,0.0,53.4,0.0,0.0,49.3,0.0,0.0,0.0,,,
eyegaze,eyegaze-rankgaze,mobilefacenet-mpiigaze-righteye-t50,64x48,imx8m-nano,lne,GPU/CPU,F32,Avg MAE,6.32,0.1,4.1,16.2,0.8,35.4,0.0,36.3,27.6,92684.8,28.2,0.4,0.0,0.0,0.0,0.0,45.6,0.0,0.0,48.4,0.0,0.0,0.0,,,
eyegaze,eyegaze-rankgaze,mobilefacenet-mpiigaze-righteye-t50,64x48,imx8m-nano,ncnn,GPU,F16,Avg MAE,6.32,0.1,4.1,8.1,0.8,256.1,0.3,257.2,3.9,13065.6,33.8,0.5,0.0,0.0,0.0,0.0,30.9,0.0,0.0,51.2,0.0,0.0,0.0,,,
eyegaze,eyegaze-rankgaze,mobilefacenet-mpiigaze-righteye-t50,64x48,imx8m-nano,ncnn,GPU,F32,Avg MAE,6.32,0.1,4.1,16.2,0.8,256.4,0.3,257.5,3.9,13049.9,33.9,0.5,0.0,0.0,0.0,0.0,31.0,0.0,0.0,50.6,0.0,0.0,0.0,,,
eyegaze,eyegaze-rankgaze,mobilefacenet-mpiigaze-righteye-t50,64x48,imx8m-nano,onnxruntime,CPU,F32,Avg MAE,6.32,0.1,4.1,16.2,0.8,144.0,0.1,144.9,6.9,23193.4,28.2,0.3,0.0,0.0,0.0,0.0,53.3,0.0,0.0,49.7,0.0,0.0,0.0,,,
eyegaze,eyegaze-rankgaze,mobilefacenet-mpiigaze-righteye-t50,64x64,imx8m-nano,lne,GPU/CPU,F32,Avg MAE,5.82,0.2,4.1,16.2,0.9,46.9,0.0,47.8,20.9,70220.2,28.8,0.4,0.0,0.0,0.0,0.0,46.4,0.0,0.0,49.8,0.0,0.0,0.0,,,
eyegaze,eyegaze-rankgaze,mobilefacenet-mpiigaze-righteye-t50,64x64,imx8m-nano,ncnn,GPU,F16,Avg MAE,5.82,0.2,4.1,8.1,1.0,281.7,0.3,283.0,3.5,11873.8,33.8,0.5,0.0,0.0,0.0,0.0,30.9,0.0,0.0,52.3,0.0,0.0,0.0,,,
eyegaze,eyegaze-rankgaze,mobilefacenet-mpiigaze-righteye-t50,64x64,imx8m-nano,ncnn,GPU,F32,Avg MAE,5.82,0.2,4.1,16.2,1.0,281.2,0.4,282.6,3.5,11889.1,34.6,0.5,0.0,0.0,0.0,0.0,30.9,0.0,0.0,51.8,0.0,0.0,0.0,,,
eyegaze,eyegaze-rankgaze,mobilefacenet-mpiigaze-righteye-t50,64x64,imx8m-nano,onnxruntime,CPU,F32,Avg MAE,5.82,0.2,4.1,16.2,1.0,167.8,0.1,168.8,5.9,19901.8,28.8,0.4,0.0,0.0,0.0,0.0,53.2,0.0,0.0,51.0,0.0,0.0,0.0,,,
eyegaze,eyegaze-rankgaze,resnet50-mpiigaze,224x224,imx8m-nano,lne,GPU/CPU,F32,/,/,8.2,25.6,102.3,6.2,1131.6,0.0,1137.9,0.9,2952.9,42.9,0.6,0.0,0.0,0.0,0.0,54.0,0.0,0.0,59.3,0.0,0.0,0.0,,,
eyegaze,eyegaze-rankgaze,resnet50-mpiigaze,224x224,imx8m-nano,ncnn,GPU,F16,/,/,8.2,25.6,51.2,6.2,7821.3,0.4,7827.9,0.1,429.2,61.2,1.0,0.0,0.0,0.0,0.0,28.9,0.0,0.0,56.9,0.0,0.0,0.0,,,
eyegaze,eyegaze-rankgaze,resnet50-mpiigaze,224x224,imx8m-nano,ncnn,GPU,F32,/,/,8.2,25.6,102.3,6.2,7830.9,0.4,7837.5,0.1,428.7,63.7,1.0,0.0,0.0,0.0,0.0,29.0,0.0,0.0,57.7,0.0,0.0,0.0,,,
eyegaze,eyegaze-rankgaze,resnet50-mpiigaze,224x224,imx8m-nano,onnxruntime,CPU,F32,/,/,8.2,25.6,102.3,6.2,3083.4,0.1,3089.7,0.3,1087.5,33.0,0.4,0.0,0.0,0.0,0.0,53.9,0.0,0.0,57.1,0.0,0.0,0.0,,,
headpose-estimation,headpose-rankpose,mobilefacenetfc512,112x112,imx8m-nano,lne,GPU/CPU,F32,Avg MAE,4.4,0.5,6.2,25.0,3.2,126.1,0.0,129.3,7.7,25993.6,26.8,0.3,0.0,0.0,0.0,0.0,49.5,0.0,0.0,51.2,0.0,0.0,0.0,,,
headpose-estimation,headpose-rankpose,mobilefacenetfc512,112x112,imx8m-nano,onnxruntime,CPU,F32,Avg MAE,4.4,0.5,6.2,25.0,3.2,402.4,0.1,405.7,2.5,8282.0,26.7,0.3,0.0,0.0,0.0,0.0,53.6,0.0,0.0,52.2,0.0,0.0,0.0,,,
headpose-estimation,headpose-rankpose,mobilefacenetfc512,192x224,imx8m-nano,lne,GPU/CPU,F32,Avg MAE,4.63,1.6,6.3,25.2,5.3,431.3,0.0,436.7,2.3,7694.8,27.9,0.4,0.0,0.0,0.0,0.0,52.6,0.0,0.0,54.2,0.0,0.0,0.0,,,
headpose-estimation,headpose-rankpose,mobilefacenetfc512,192x224,imx8m-nano,onnxruntime,CPU,F32,Avg MAE,4.63,1.6,6.3,25.2,5.4,974.8,0.1,980.3,1.0,3427.7,27.7,0.4,0.0,0.0,0.0,0.0,53.8,0.0,0.0,54.3,0.0,0.0,0.0,,,
headpose-estimation,headpose-rankpose,mobilefacenetfc512,224x224,imx8m-nano,lne,GPU/CPU,F32,Avg MAE,4.43,1.9,6.3,25.3,6.1,519.7,0.0,525.8,1.9,6389.8,22.4,0.3,0.0,0.0,0.0,0.0,52.8,0.0,0.0,58.6,0.0,0.0,0.0,,,
headpose-estimation,headpose-rankpose,mobilefacenetfc512,224x224,imx8m-nano,ncnn,GPU,F16,Avg MAE,4.43,1.9,6.3,12.6,6.2,2164.6,0.4,2171.1,0.5,1547.6,30.7,0.5,0.0,0.0,0.0,0.0,29.0,0.0,0.0,60.2,0.0,0.0,0.0,,,
headpose-estimation,headpose-rankpose,mobilefacenetfc512,224x224,imx8m-nano,ncnn,GPU,F32,Avg MAE,4.43,1.9,6.3,25.3,6.2,2163.6,0.4,2170.2,0.5,1548.3,31.8,0.5,0.0,0.0,0.0,0.0,29.0,0.0,0.0,59.8,0.0,0.0,0.0,,,
headpose-estimation,headpose-rankpose,mobilefacenetfc512,224x224,imx8m-nano,onnxruntime,CPU,F32,Avg MAE,4.43,1.9,6.3,25.3,6.1,1138.0,0.1,1144.2,0.9,2936.6,22.8,0.3,0.0,0.0,0.0,0.0,53.6,0.0,0.0,59.8,0.0,0.0,0.0,,,
headpose-estimation,headpose-rankpose,mobilefacenetfc512,96x112,imx8m-nano,lne,GPU/CPU,F32,Avg MAE,4.63,0.4,6.2,25.0,2.8,108.3,0.0,111.2,9.0,30213.3,27.3,0.3,0.0,0.0,0.0,0.0,49.2,0.0,0.0,51.7,0.0,0.0,0.0,,,
headpose-estimation,headpose-rankpose,mobilefacenetfc512,96x112,imx8m-nano,onnxruntime,CPU,F32,Avg MAE,4.63,0.4,6.2,25.0,2.9,362.3,0.1,365.2,2.7,9200.4,27.3,0.3,0.0,0.0,0.0,0.0,53.3,0.0,0.0,52.7,0.0,0.0,0.0,,,
headpose-estimation,headpose-rankpose,mobilefacenetfc512onlypose,96x112,imx8m-nano,lne,GPU/CPU,F32,Avg MAE,4.34,0.4,3.0,12.1,2.9,108.6,0.0,111.5,9.0,30127.5,26.7,0.3,0.0,0.0,0.0,0.0,49.3,0.0,0.0,51.4,0.0,0.0,0.0,,,
headpose-estimation,headpose-rankpose,mobilefacenetfc512onlypose,96x112,imx8m-nano,ncnn,GPU,F16,Avg MAE,4.34,0.4,3.0,6.0,2.8,550.5,0.4,553.7,1.8,6068.2,32.1,0.4,0.0,0.0,0.0,0.0,29.8,0.0,0.0,53.0,0.0,0.0,0.0,,,
headpose-estimation,headpose-rankpose,mobilefacenetfc512onlypose,96x112,imx8m-nano,ncnn,GPU,F32,Avg MAE,4.34,0.4,3.0,12.1,2.8,550.6,0.3,553.7,1.8,6068.1,32.4,0.4,0.0,0.0,0.0,0.0,29.8,0.0,0.0,52.5,0.0,0.0,0.0,,,
headpose-estimation,headpose-rankpose,mobilefacenetfc512onlypose,96x112,imx8m-nano,onnxruntime,CPU,F32,Avg MAE,4.34,0.4,3.0,12.1,2.9,310.4,0.1,313.3,3.2,10724.6,26.9,0.3,0.0,0.0,0.0,0.0,53.3,0.0,0.0,51.8,0.0,0.0,0.0,,,
headpose-estimation,headpose-rankpose,mobilefacenetonlyposefc512,112x112,imx8m-nano,lne,GPU/CPU,F32,Avg MAE,4.38,0.5,3.0,12.1,3.2,127.3,0.0,130.5,7.7,25746.8,25.4,0.3,0.0,0.0,0.0,0.0,49.7,0.0,0.0,51.7,0.0,0.0,0.0,,,
headpose-estimation,headpose-rankpose,mobilefacenetonlyposefc512,112x112,imx8m-nano,ncnn,GPU,F16,Avg MAE,4.38,0.5,3.0,6.1,3.2,623.7,0.3,627.2,1.6,5356.9,32.4,0.4,0.0,0.0,0.0,0.0,29.8,0.0,0.0,53.3,0.0,0.0,0.0,,,
headpose-estimation,headpose-rankpose,mobilefacenetonlyposefc512,112x112,imx8m-nano,ncnn,GPU,F32,Avg MAE,4.38,0.5,3.0,12.1,3.2,624.3,0.3,627.8,1.6,5352.1,32.7,0.4,0.0,0.0,0.0,0.0,29.8,0.0,0.0,53.7,0.0,0.0,0.0,,,
headpose-estimation,headpose-rankpose,mobilefacenetonlyposefc512,112x112,imx8m-nano,onnxruntime,CPU,F32,Avg MAE,4.38,0.5,3.0,12.1,3.2,349.6,0.1,352.8,2.8,9522.8,27.1,0.3,0.0,0.0,0.0,0.0,53.5,0.0,0.0,52.1,0.0,0.0,0.0,,,
headpose-estimation,headpose-rankpose,resnet50,224x224,imx8m-nano,lne,GPU/CPU,F32,/,/,8.2,23.8,95.1,6.2,1130.4,0.0,1136.6,0.9,2956.1,42.2,0.6,0.0,0.0,0.0,0.0,54.0,0.0,0.0,58.8,0.0,0.0,0.0,,,
headpose-estimation,headpose-rankpose,resnet50,224x224,imx8m-nano,ncnn,GPU,F16,/,/,8.2,23.8,47.5,6.2,7850.5,0.4,7857.1,0.1,427.6,60.2,1.0,0.0,0.0,0.0,0.0,28.9,0.0,0.0,57.9,0.0,0.0,0.0,,,
headpose-estimation,headpose-rankpose,resnet50,224x224,imx8m-nano,ncnn,GPU,F32,/,/,8.2,23.8,95.1,6.2,7851.4,0.4,7858.0,0.1,427.6,62.5,1.0,0.0,0.0,0.0,0.0,28.9,0.0,0.0,56.9,0.0,0.0,0.0,,,
headpose-estimation,headpose-rankpose,resnet50,224x224,imx8m-nano,onnxruntime,CPU,F32,/,/,8.2,23.8,95.1,6.2,3034.3,0.1,3040.5,0.3,1105.1,32.4,0.4,0.0,0.0,0.0,0.0,53.9,0.0,0.0,56.5,0.0,0.0,0.0,,,
imagenet,imagenet-alexnet,benchmark,227x227,imx8m-nano,lne,GPU/CPU,F32,Accuracy top-1,56.6,1.4,61.0,243.9,6.3,324.9,0.0,331.2,3.0,10145.1,43.0,0.6,0.0,0.0,0.0,0.0,51.7,0.0,0.0,53.3,0.0,0.0,0.0,,,
imagenet,imagenet-alexnet,benchmark,227x227,imx8m-nano,onnxruntime,CPU,F32,Accuracy top-1,56.6,1.4,61.0,243.9,/,/,/,/,/,/,0.0,0.0,0.0,0.0,0.0,0.0,0.0,0.0,0.0,0.0,0.0,0.0,0.0,,,
imagenet,imagenet-efficientb0,default,224x224,imx8m-nano,lne,GPU/CPU,F32,Accuracy top-1,77.1,0.8,5.3,21.1,6.2,559.0,0.0,565.2,1.8,5944.6,31.7,0.4,0.0,0.0,0.0,0.0,52.4,0.0,0.0,53.4,0.0,0.0,0.0,,,
imagenet,imagenet-efficientb0,default,224x224,imx8m-nano,ncnn,GPU,F16,Accuracy top-1,77.1,0.8,5.3,10.5,6.2,1174.8,0.5,1181.6,0.8,2843.7,39.4,0.6,0.0,0.0,0.0,0.0,29.6,0.0,0.0,56.1,0.0,0.0,0.0,,,
imagenet,imagenet-efficientb0,default,224x224,imx8m-nano,ncnn,GPU,F32,Accuracy top-1,77.1,0.8,5.3,21.1,6.2,1173.1,0.5,1179.8,0.8,2847.9,39.8,0.6,0.0,0.0,0.0,0.0,29.6,0.0,0.0,55.8,0.0,0.0,0.0,,,
imagenet,imagenet-efficientb0,default,224x224,imx8m-nano,onnxruntime,CPU,F32,Accuracy top-1,77.1,0.8,5.3,21.1,6.2,883.0,0.1,889.3,1.1,3778.3,31.3,0.4,0.0,0.0,0.0,0.0,53.6,0.0,0.0,54.1,0.0,0.0,0.0,,,
imagenet,imagenet-googlenet,benchmark,224x224,imx8m-nano,lne,GPU/CPU,F32,Accuracy top-1,66.5,3.2,7.0,28.0,6.1,550.7,0.0,556.9,1.8,6033.3,34.1,0.5,0.0,0.0,0.0,0.0,52.7,0.0,0.0,54.8,0.0,0.0,0.0,,,
imagenet,imagenet-googlenet,benchmark,224x224,imx8m-nano,onnxruntime,CPU,F32,Accuracy top-1,66.5,3.2,7.0,28.0,/,/,/,/,/,/,0.0,0.0,0.0,0.0,0.0,0.0,0.0,0.0,0.0,0.0,0.0,0.0,0.0,,,
imagenet,imagenet-mobilenet,default,224x224,imx8m-nano,lne,GPU/CPU,F32,Accuracy top-1,69.5,1.1,4.2,16.9,6.1,220.5,0.1,226.7,4.4,14820.4,30.6,0.4,0.0,0.0,0.0,0.0,50.8,0.0,0.0,53.7,0.0,0.0,0.0,,,
imagenet,imagenet-mobilenet,default,224x224,imx8m-nano,onnxruntime,CPU,F32,Accuracy top-1,69.5,1.1,4.2,16.9,/,/,/,/,/,/,0.0,0.0,0.0,0.0,0.0,0.0,0.0,0.0,0.0,0.0,0.0,0.0,0.0,,,
imagenet,imagenet-mobilenet-v2,fp32,224x224,imx8m-nano,lne,GPU/CPU,F32,Accuracy top-1,71.8,0.6,3.5,14.0,3.0,171.1,0.1,174.2,5.7,19290.7,30.1,0.4,0.0,0.0,0.0,0.0,50.2,0.0,0.0,52.1,0.0,0.0,0.0,,,
imagenet,imagenet-mobilenet-v2,fp32,224x224,imx8m-nano,ncnn,GPU,F16,Accuracy top-1,71.8,0.6,3.5,7.0,3.2,834.6,0.5,838.3,1.2,4007.9,34.4,0.5,0.0,0.0,0.0,0.0,29.5,0.0,0.0,54.6,0.0,0.0,0.0,,,
imagenet,imagenet-mobilenet-v2,fp32,224x224,imx8m-nano,ncnn,GPU,F32,Accuracy top-1,71.8,0.6,3.5,14.0,3.2,834.7,0.5,838.3,1.2,4007.9,34.6,0.5,0.0,0.0,0.0,0.0,29.5,0.0,0.0,54.2,0.0,0.0,0.0,,,
imagenet,imagenet-mobilenet-v2,fp32,224x224,imx8m-nano,onnxruntime,CPU,F32,Accuracy top-1,71.8,0.6,3.5,14.0,3.0,472.8,0.1,475.9,2.1,7060.7,29.9,0.4,0.0,0.0,0.0,0.0,53.3,0.0,0.0,53.1,0.0,0.0,0.0,,,
imagenet,imagenet-mobilenetv3,large,223x224,imx8m-nano,lne,GPU/CPU,F32,Accuracy top-1,75.2,0.4,5.5,21.9,6.1,130.7,0.1,136.9,7.3,24542.5,32.6,0.4,0.0,0.0,0.0,0.0,49.0,0.0,0.0,50.9,0.0,0.0,0.0,,,
imagenet,imagenet-mobilenetv3,large,223x224,imx8m-nano,ncnn,GPU,F16,Accuracy top-1,75.2,0.4,5.5,10.9,6.2,763.8,0.7,770.7,1.3,4359.6,36.9,0.6,0.0,0.0,0.0,0.0,30.0,0.0,0.0,54.8,0.0,0.0,0.0,,,
imagenet,imagenet-mobilenetv3,large,223x224,imx8m-nano,ncnn,GPU,F32,Accuracy top-1,75.2,0.4,5.5,21.9,6.3,763.6,0.7,770.6,1.3,4360.4,37.6,0.6,0.0,0.0,0.0,0.0,30.0,0.0,0.0,53.6,0.0,0.0,0.0,,,
imagenet,imagenet-mobilenetv3,large,223x224,imx8m-nano,onnxruntime,CPU,F32,Accuracy top-1,75.2,0.4,5.5,21.9,6.2,478.1,0.1,484.3,2.1,6937.4,30.7,0.4,0.0,0.0,0.0,0.0,53.4,0.0,0.0,53.1,0.0,0.0,0.0,,,
imagenet,imagenet-mobilenetv3,small,223x224,imx8m-nano,lne,GPU/CPU,F32,Accuracy top-1,67.4,0.1,2.9,11.8,6.2,42.8,0.1,49.0,20.4,68592.8,30.7,0.4,0.0,0.0,0.0,0.0,45.5,0.0,0.0,49.6,0.0,0.0,0.0,,,
imagenet,imagenet-mobilenetv3,small,223x224,imx8m-nano,ncnn,GPU,F16,Accuracy top-1,67.4,0.1,2.9,5.9,6.2,295.4,0.5,302.0,3.3,11124.2,36.7,0.5,0.0,0.0,0.0,0.0,31.1,0.0,0.0,52.0,0.0,0.0,0.0,,,
imagenet,imagenet-mobilenetv3,small,223x224,imx8m-nano,ncnn,GPU,F32,Accuracy top-1,67.4,0.1,2.9,11.8,6.2,295.2,0.5,301.9,3.3,11129.6,37.2,0.5,0.0,0.0,0.0,0.0,31.1,0.0,0.0,51.5,0.0,0.0,0.0,,,
imagenet,imagenet-mobilenetv3,small,223x224,imx8m-nano,onnxruntime,CPU,F32,Accuracy top-1,67.4,0.1,2.9,11.8,6.2,186.6,0.1,192.8,5.2,17425.7,29.7,0.4,0.0,0.0,0.0,0.0,52.5,0.0,0.0,50.6,0.0,0.0,0.0,,,
imagenet,imagenet-resnet-resnet18,benchmark,224x224,imx8m-nano,lne,GPU/CPU,F32,Accuracy top-1,69.6,3.7,11.7,46.8,6.1,405.5,0.0,411.7,2.4,8161.7,40.3,0.6,0.0,0.0,0.0,0.0,52.4,0.0,0.0,55.5,0.0,0.0,0.0,,,
imagenet,imagenet-resnet-resnet18,benchmark,224x224,imx8m-nano,onnxruntime,CPU,F32,Accuracy top-1,69.6,3.7,11.7,46.8,/,/,/,/,/,/,0.0,0.0,0.0,0.0,0.0,0.0,0.0,0.0,0.0,0.0,0.0,0.0,0.0,,,
imagenet,imagenet-resnet-resnet32,caffe,224x224,imx8m-nano,lne,GPU/CPU,F32,Accuracy top-1,73.3,4.6,20.7,82.9,6.1,672.0,0.0,678.2,1.5,4954.0,36.5,0.5,0.0,0.0,0.0,0.0,53.2,0.0,0.0,57.0,0.0,0.0,0.0,,,
imagenet,imagenet-resnet-resnet32,caffe,224x224,imx8m-nano,onnxruntime,CPU,F32,Accuracy top-1,73.3,4.6,20.7,82.9,/,/,/,/,/,/,0.0,0.0,0.0,0.0,0.0,0.0,0.0,0.0,0.0,0.0,0.0,0.0,0.0,,,
imagenet,imagenet-resnet-resnet50,onnx,224x224,imx8m-nano,lne,GPU/CPU,F32,Accuracy top-1,76.0,7.7,25.5,102.1,6.2,1027.0,0.0,1033.3,1.0,3251.8,46.5,0.7,0.0,0.0,0.0,0.0,53.7,0.0,0.0,58.1,0.0,0.0,0.0,,,
imagenet,imagenet-resnet-resnet50,onnx,224x224,imx8m-nano,ncnn,GPU,F16,Accuracy top-1,76.0,7.7,25.5,51.1,6.3,6751.9,0.9,6759.0,0.1,497.1,60.7,1.1,0.0,0.0,0.0,0.0,29.0,0.0,0.0,57.5,0.0,0.0,0.0,,,
imagenet,imagenet-resnet-resnet50,onnx,224x224,imx8m-nano,ncnn,GPU,F32,Accuracy top-1,76.0,7.7,25.5,102.1,6.2,6749.1,0.8,6756.2,0.1,497.3,63.2,1.1,0.0,0.0,0.0,0.0,29.0,0.0,0.0,57.2,0.0,0.0,0.0,,,
imagenet,imagenet-resnet-resnet50,onnx,224x224,imx8m-nano,onnxruntime,CPU,F32,Accuracy top-1,76.0,7.7,25.5,102.1,6.2,2889.6,0.1,2895.9,0.3,1160.3,43.1,0.6,0.0,0.0,0.0,0.0,53.9,0.0,0.0,56.5,0.0,0.0,0.0,,,
imagenet,imagenet-squeezenet,benchmark,227x227,imx8m-nano,lne,GPU/CPU,F32,Accuracy top-1,58.2,0.8,1.2,4.9,6.3,129.1,0.1,135.5,7.4,24806.1,29.6,0.4,0.0,0.0,0.0,0.0,49.1,0.0,0.0,50.9,0.0,0.0,0.0,,,
imagenet,imagenet-squeezenet,benchmark,227x227,imx8m-nano,onnxruntime,CPU,F32,Accuracy top-1,58.2,0.8,1.2,4.9,/,/,/,/,/,/,0.0,0.0,0.0,0.0,0.0,0.0,0.0,0.0,0.0,0.0,0.0,0.0,0.0,,,
3D-face-landmarks,face-landmarks-detection-3ddfa,default,120x120,rpi3,lne,CPU,F32,/,/,0.4,3.3,13.0,4.7,86.7,0.4,91.8,10.9,29274.2,40.8,0.3,0.0,0.0,0.0,0.0,86.2,0.0,0.0,73.7,0.0,0.0,0.0,,,
3D-face-landmarks,face-landmarks-detection-3ddfa,default,120x120,rpi3,onnxruntime,CPU,F32,/,/,0.4,3.3,13.0,4.4,253.1,0.4,257.9,3.9,10423.5,39.7,0.3,0.0,0.0,0.0,0.0,88.3,0.0,0.0,74.5,0.0,0.0,0.0,,,
bodypose-estimation,body-pose-openpifpaf,regnety400mf-59p,128x96,rpi3,lne,CPU,F32,/,/,0.2,4.7,19.0,6.4,102.3,17.8,126.6,7.9,21237.5,43.5,0.3,0.0,0.0,0.0,0.0,86.1,0.0,0.0,72.8,0.0,0.0,0.0,,,
bodypose-estimation,body-pose-openpifpaf,regnety400mf-59p,128x96,rpi3,onnxruntime,CPU,F32,/,/,0.2,4.7,19.0,6.3,235.2,23.5,265.0,3.8,10143.4,39.6,0.3,0.0,0.0,0.0,0.0,88.2,0.0,0.0,73.1,0.0,0.0,0.0,,,
bodypose-estimation,body-pose-openpifpaf,regnety400mf-59p,192x144,rpi3,lne,CPU,F32,/,/,0.5,4.7,19.0,17.3,199.5,54.5,271.3,3.7,9907.8,43.0,0.3,0.0,0.0,0.0,0.0,87.3,0.0,0.0,73.1,0.0,0.0,0.0,,,
bodypose-estimation,body-pose-openpifpaf,regnety400mf-59p,192x144,rpi3,onnxruntime,CPU,F32,/,/,0.5,4.7,19.0,17.0,420.4,68.6,506.0,2.0,5311.9,42.0,0.3,0.0,0.0,0.0,0.0,86.3,0.0,0.0,73.6,0.0,0.0,0.0,,,
bodypose-estimation,body-pose-openpifpaf,regnety400mf-59p,256x192,rpi3,lne,CPU,F32,/,/,0.9,4.7,19.0,22.0,326.9,90.1,438.9,2.3,6123.8,41.7,0.3,0.0,0.0,0.0,0.0,85.9,0.0,0.0,73.8,0.0,0.0,0.0,,,
bodypose-estimation,body-pose-openpifpaf,regnety400mf-59p,256x192,rpi3,onnxruntime,CPU,F32,/,/,0.9,4.7,19.0,20.7,620.3,99.8,740.8,1.3,3628.5,40.9,0.3,0.0,0.0,0.0,0.0,86.5,0.0,0.0,74.5,0.0,0.0,0.0,,,
bodypose-estimation,body-pose-openpifpaf,regnety400mf-86p,128x96,rpi3,lne,CPU,F32,/,/,0.2,4.7,19.0,6.4,102.5,26.0,134.9,7.4,19929.1,40.9,0.3,0.0,0.0,0.0,0.0,85.9,0.0,0.0,73.0,0.0,0.0,0.0,,,
bodypose-estimation,body-pose-openpifpaf,regnety400mf-86p,128x96,rpi3,onnxruntime,CPU,F32,/,/,0.2,4.7,19.0,6.3,232.7,36.1,275.1,3.6,9770.5,38.4,0.3,0.0,0.0,0.0,0.0,88.1,0.0,0.0,73.2,0.0,0.0,0.0,,,
bodypose-estimation,body-pose-openpifpaf,regnety400mf-86p,192x144,rpi3,lne,CPU,F32,/,/,0.5,4.7,19.0,17.3,200.0,78.3,295.7,3.4,9090.5,41.2,0.3,0.0,0.0,0.0,0.0,88.0,0.0,0.0,73.2,0.0,0.0,0.0,,,
bodypose-estimation,body-pose-openpifpaf,regnety400mf-86p,192x144,rpi3,onnxruntime,CPU,F32,/,/,0.5,4.7,19.0,17.1,421.9,94.6,533.6,1.9,5037.5,40.6,0.3,0.0,0.0,0.0,0.0,86.7,0.0,0.0,73.8,0.0,0.0,0.0,,,
bodypose-estimation,body-pose-openpifpaf,regnety400mf-86p,256x192,rpi3,lne,CPU,F32,/,/,0.9,4.7,19.0,22.1,326.5,132.0,480.6,2.1,5593.1,42.6,0.3,0.0,0.0,0.0,0.0,86.9,0.0,0.0,74.2,0.0,0.0,0.0,,,
bodypose-estimation,body-pose-openpifpaf,regnety400mf-86p,256x192,rpi3,onnxruntime,CPU,F32,/,/,0.9,4.7,19.0,20.8,618.7,130.1,769.6,1.3,3492.9,43.0,0.3,0.0,0.0,0.0,0.0,88.1,0.0,0.0,75.0,0.0,0.0,0.0,,,
bodypose-estimation,body-pose-openpifpaf,regnety400mf-hands,128x96,rpi3,lne,CPU,F32,/,/,0.2,4.7,19.0,6.3,102.7,7.1,116.1,8.6,23148.5,44.2,0.3,0.0,0.0,0.0,0.0,85.8,0.0,0.0,73.4,0.0,0.0,0.0,,,
bodypose-estimation,body-pose-openpifpaf,regnety400mf-hands,128x96,rpi3,onnxruntime,CPU,F32,/,/,0.2,4.7,19.0,6.2,236.2,15.8,258.2,3.9,10408.5,40.6,0.3,0.0,0.0,0.0,0.0,88.0,0.0,0.0,73.4,0.0,0.0,0.0,,,
bodypose-estimation,body-pose-openpifpaf,regnety400mf-hands,192x144,rpi3,lne,CPU,F32,/,/,0.5,4.7,19.0,16.8,197.7,40.6,255.0,3.9,10539.8,42.5,0.3,0.0,0.0,0.0,0.0,87.3,0.0,0.0,73.4,0.0,0.0,0.0,,,
bodypose-estimation,body-pose-openpifpaf,regnety400mf-hands,192x144,rpi3,onnxruntime,CPU,F32,/,/,0.5,4.7,19.0,16.7,421.8,47.1,485.5,2.1,5536.5,42.2,0.3,0.0,0.0,0.0,0.0,87.4,0.0,0.0,74.0,0.0,0.0,0.0,,,
bodypose-estimation,body-pose-openpifpaf,regnety400mf-hands,256x192,rpi3,lne,CPU,F32,/,/,0.9,4.7,19.0,21.5,327.1,66.9,415.5,2.4,6470.1,44.8,0.3,0.0,0.0,0.0,0.0,87.5,0.0,0.0,73.9,0.0,0.0,0.0,,,
bodypose-estimation,body-pose-openpifpaf,regnety400mf-hands,256x192,rpi3,onnxruntime,CPU,F32,/,/,0.9,4.7,19.0,20.8,616.8,75.4,713.0,1.4,3770.0,42.9,0.3,0.0,0.0,0.0,0.0,86.7,0.0,0.0,74.4,0.0,0.0,0.0,,,
bodypose-estimation,body-pose-openpifpaf,regnety400mf-wholebody,128x96,rpi3,lne,CPU,F32,/,/,0.2,4.7,19.0,6.7,104.3,38.2,149.2,6.7,18021.9,41.5,0.3,0.0,0.0,0.0,0.0,85.2,0.0,0.0,73.2,0.0,0.0,0.0,,,
bodypose-estimation,body-pose-openpifpaf,regnety400mf-wholebody,128x96,rpi3,onnxruntime,CPU,F32,/,/,0.2,4.7,19.0,6.4,232.9,66.2,305.6,3.3,8796.4,39.6,0.3,0.0,0.0,0.0,0.0,86.0,0.0,0.0,73.4,0.0,0.0,0.0,,,
bodypose-estimation,body-pose-openpifpaf,regnety400mf-wholebody,192x144,rpi3,lne,CPU,F32,/,/,0.5,4.7,19.0,17.6,198.2,119.5,335.4,3.0,8014.5,41.9,0.3,0.0,0.0,0.0,0.0,87.8,0.0,0.0,73.8,0.0,0.0,0.0,,,
bodypose-estimation,body-pose-openpifpaf,regnety400mf-wholebody,192x144,rpi3,onnxruntime,CPU,F32,/,/,0.5,4.7,19.0,17.1,417.7,123.4,558.3,1.8,4814.8,43.7,0.3,0.0,0.0,0.0,0.0,87.0,0.0,0.0,74.1,0.0,0.0,0.0,,,
bodypose-estimation,body-pose-openpifpaf,regnety400mf-wholebody,256x192,rpi3,lne,CPU,F32,/,/,0.9,4.7,19.0,21.6,325.4,217.2,564.2,1.8,4764.2,44.5,0.4,0.0,0.0,0.0,0.0,86.4,0.0,0.0,74.5,0.0,0.0,0.0,,,
bodypose-estimation,body-pose-openpifpaf,regnety400mf-wholebody,256x192,rpi3,onnxruntime,CPU,F32,/,/,0.9,4.7,19.0,20.7,622.0,202.6,845.2,1.2,3180.2,46.2,0.3,0.0,0.0,0.0,0.0,88.2,0.0,0.0,75.5,0.0,0.0,0.0,,,
bodypose-estimation,body-pose-openpifpaf,regnety800mf-59p,128x96,rpi3,lne,CPU,F32,/,/,0.4,7.2,28.6,6.4,147.8,9.4,163.6,6.1,16431.0,46.3,0.3,0.0,0.0,0.0,0.0,85.5,0.0,0.0,73.0,0.0,0.0,0.0,,,
bodypose-estimation,body-pose-openpifpaf,regnety800mf-59p,128x96,rpi3,onnxruntime,CPU,F32,/,/,0.4,7.2,28.6,6.3,362.2,27.2,395.7,2.5,6792.2,42.3,0.3,0.0,0.0,0.0,0.0,87.5,0.0,0.0,73.3,0.0,0.0,0.0,,,
bodypose-estimation,body-pose-openpifpaf,regnety800mf-59p,192x144,rpi3,lne,CPU,F32,/,/,1.0,7.2,28.6,17.8,299.6,53.4,370.8,2.7,7248.3,44.4,0.3,0.0,0.0,0.0,0.0,85.6,0.0,0.0,73.4,0.0,0.0,0.0,,,
bodypose-estimation,body-pose-openpifpaf,regnety800mf-59p,192x144,rpi3,onnxruntime,CPU,F32,/,/,1.0,7.2,28.6,16.9,681.9,72.1,770.9,1.3,3487.0,43.8,0.3,0.0,0.0,0.0,0.0,87.1,0.0,0.0,74.1,0.0,0.0,0.0,,,
bodypose-estimation,body-pose-openpifpaf,regnety800mf-59p,256x192,rpi3,lne,CPU,F32,/,/,1.8,7.2,28.6,22.1,495.1,89.7,606.9,1.6,4429.0,47.2,0.4,0.0,0.0,0.0,0.0,86.4,0.0,0.0,74.6,0.0,0.0,0.0,,,
bodypose-estimation,body-pose-openpifpaf,regnety800mf-59p,256x192,rpi3,onnxruntime,CPU,F32,/,/,1.8,7.2,28.6,20.9,1087.5,96.2,1204.6,0.8,2231.5,45.0,0.3,0.0,0.0,0.0,0.0,87.2,0.0,0.0,75.4,0.0,0.0,0.0,,,
bodypose-estimation,body-pose-openpifpaf,regnety800mf-86p,128x96,rpi3,lne,CPU,F32,/,/,0.4,7.2,28.6,6.6,148.1,13.2,167.8,6.0,16017.4,46.3,0.3,0.0,0.0,0.0,0.0,87.2,0.0,0.0,73.5,0.0,0.0,0.0,,,
bodypose-estimation,body-pose-openpifpaf,regnety800mf-86p,128x96,rpi3,onnxruntime,CPU,F32,/,/,0.4,7.2,28.6,6.4,361.8,43.3,411.4,2.4,6533.1,39.1,0.3,0.0,0.0,0.0,0.0,86.8,0.0,0.0,73.6,0.0,0.0,0.0,,,
bodypose-estimation,body-pose-openpifpaf,regnety800mf-86p,192x144,rpi3,lne,CPU,F32,/,/,1.0,7.2,28.6,17.4,298.6,76.2,392.1,2.6,6855.7,46.0,0.3,0.0,0.0,0.0,0.0,88.3,0.0,0.0,74.0,0.0,0.0,0.0,,,
bodypose-estimation,body-pose-openpifpaf,regnety800mf-86p,192x144,rpi3,onnxruntime,CPU,F32,/,/,1.0,7.2,28.6,17.2,677.5,96.9,791.6,1.3,3395.5,44.2,0.3,0.0,0.0,0.0,0.0,86.6,0.0,0.0,74.4,0.0,0.0,0.0,,,
bodypose-estimation,body-pose-openpifpaf,regnety800mf-86p,256x192,rpi3,lne,CPU,F32,/,/,1.8,7.2,28.6,21.6,496.8,130.9,649.4,1.5,4139.4,48.3,0.4,0.0,0.0,0.0,0.0,86.8,0.0,0.0,74.8,0.0,0.0,0.0,,,
bodypose-estimation,body-pose-openpifpaf,regnety800mf-86p,256x192,rpi3,onnxruntime,CPU,F32,/,/,1.8,7.2,28.6,21.0,1084.7,125.4,1231.1,0.8,2183.4,47.1,0.3,0.0,0.0,0.0,0.0,87.2,0.0,0.0,75.6,0.0,0.0,0.0,,,
bodypose-estimation,body-pose-openpifpaf,regnety800mf-hands,128x96,rpi3,lne,CPU,F32,/,/,0.4,7.2,28.6,6.4,148.6,7.2,162.2,6.2,16571.4,46.5,0.3,0.0,0.0,0.0,0.0,85.4,0.0,0.0,69.1,0.0,0.0,0.0,,,
bodypose-estimation,body-pose-openpifpaf,regnety800mf-hands,128x96,rpi3,onnxruntime,CPU,F32,/,/,0.4,7.2,28.6,6.2,361.7,17.4,385.4,2.6,6975.0,40.6,0.3,0.0,0.0,0.0,0.0,88.3,0.0,0.0,71.0,0.0,0.0,0.0,,,
bodypose-estimation,body-pose-openpifpaf,regnety800mf-hands,192x144,rpi3,lne,CPU,F32,/,/,1.0,7.2,28.6,17.3,300.2,39.4,357.0,2.8,7530.1,46.3,0.3,0.0,0.0,0.0,0.0,86.3,0.0,0.0,71.9,0.0,0.0,0.0,,,
bodypose-estimation,body-pose-openpifpaf,regnety800mf-hands,192x144,rpi3,onnxruntime,CPU,F32,/,/,1.0,7.2,28.6,16.8,676.1,50.0,742.9,1.3,3618.2,42.6,0.3,0.0,0.0,0.0,0.0,86.7,0.0,0.0,73.0,0.0,0.0,0.0,,,
bodypose-estimation,body-pose-openpifpaf,regnety800mf-hands,256x192,rpi3,lne,CPU,F32,/,/,1.8,7.2,28.6,21.2,499.1,66.5,586.7,1.7,4581.4,48.4,0.4,0.0,0.0,0.0,0.0,88.5,0.0,0.0,74.1,0.0,0.0,0.0,,,
bodypose-estimation,body-pose-openpifpaf,regnety800mf-hands,256x192,rpi3,onnxruntime,CPU,F32,/,/,1.8,7.2,28.6,20.9,1084.0,76.4,1181.4,0.8,2275.3,44.0,0.3,0.0,0.0,0.0,0.0,87.9,0.0,0.0,74.9,0.0,0.0,0.0,,,
bodypose-estimation,body-pose-openpifpaf,regnety800mf-wholebody,128x96,rpi3,lne,CPU,F32,/,/,0.4,7.2,28.6,6.5,146.8,36.2,189.5,5.3,14187.3,45.8,0.3,0.0,0.0,0.0,0.0,78.9,0.0,0.0,73.7,0.0,0.0,0.0,,,
bodypose-estimation,body-pose-openpifpaf,regnety800mf-wholebody,128x96,rpi3,onnxruntime,CPU,F32,/,/,0.4,7.2,28.6,6.2,361.4,67.7,435.3,2.3,6175.0,41.3,0.3,0.0,0.0,0.0,0.0,87.2,0.0,0.0,74.4,0.0,0.0,0.0,,,
bodypose-estimation,body-pose-openpifpaf,regnety800mf-wholebody,192x144,rpi3,lne,CPU,F32,/,/,1.0,7.2,28.6,17.1,298.3,117.6,432.9,2.3,6209.4,45.6,0.3,0.0,0.0,0.0,0.0,88.3,0.0,0.0,74.5,0.0,0.0,0.0,,,
bodypose-estimation,body-pose-openpifpaf,regnety800mf-wholebody,192x144,rpi3,onnxruntime,CPU,F32,/,/,1.0,7.2,28.6,16.9,677.1,126.5,820.6,1.2,3275.6,43.7,0.3,0.0,0.0,0.0,0.0,87.8,0.0,0.0,75.1,0.0,0.0,0.0,,,
bodypose-estimation,body-pose-openpifpaf,regnety800mf-wholebody,256x192,rpi3,lne,CPU,F32,/,/,1.8,7.2,28.6,21.7,493.7,208.0,723.4,1.4,3715.9,46.8,0.4,0.0,0.0,0.0,0.0,88.9,0.0,0.0,75.4,0.0,0.0,0.0,,,
bodypose-estimation,body-pose-openpifpaf,regnety800mf-wholebody,256x192,rpi3,onnxruntime,CPU,F32,/,/,1.8,7.2,28.6,20.8,1087.7,193.4,1301.8,0.8,2064.8,47.4,0.4,0.0,0.0,0.0,0.0,87.7,0.0,0.0,76.2,0.0,0.0,0.0,,,
bodypose-estimation,body-pose-openpifpaf,resnet50-012-13,160x120,rpi3,lne,CPU,F32,/,/,13.0,27.4,109.7,6.3,2344.1,51.6,2402.0,0.4,1119.1,79.6,0.6,0.0,0.0,0.0,0.0,88.1,0.0,0.0,80.2,0.0,0.0,0.0,,,
bodypose-estimation,body-pose-openpifpaf,resnet50-012-13,160x120,rpi3,onnxruntime,CPU,F32,/,/,13.0,27.4,109.7,6.3,4704.1,136.4,4846.7,0.2,554.6,53.9,0.4,0.0,0.0,0.0,0.0,87.5,0.0,0.0,79.8,0.0,0.0,0.0,,,
bodypose-estimation,body-pose-openpifpaf,resnet50-012-13,240x180,rpi3,lne,CPU,F32,/,/,28.9,25.6,102.3,7.9,5383.2,142.1,5533.2,0.2,485.8,84.6,0.7,0.0,0.0,0.0,0.0,89.9,0.0,0.0,81.2,0.0,0.0,0.0,,,
bodypose-estimation,body-pose-openpifpaf,resnet50-012-13,240x180,rpi3,onnxruntime,CPU,F32,/,/,28.9,25.6,102.3,8.2,10355.2,265.7,10629.1,0.1,252.9,55.8,0.5,0.0,0.0,0.0,0.0,89.3,0.0,0.0,80.5,0.0,0.0,0.0,,,
bodypose-estimation,body-pose-openpifpaf,resnet50-012-13,320x180,rpi3,lne,CPU,F32,/,/,38.6,25.6,102.3,35.8,6970.4,305.5,7311.8,0.1,367.6,80.3,0.7,0.0,0.0,0.0,0.0,89.4,0.0,0.0,80.1,0.0,0.0,0.0,,,
bodypose-estimation,body-pose-openpifpaf,resnet50-012-13,320x180,rpi3,onnxruntime,CPU,F32,/,/,38.6,25.6,102.3,34.8,13594.7,344.5,13974.0,0.1,192.4,58.7,0.5,0.0,0.0,0.0,0.0,88.8,0.0,0.0,80.7,0.0,0.0,0.0,,,
bodypose-estimation,body-pose-openpifpaf,resnet50-012-13,320x240,rpi3,lne,CPU,F32,/,/,51.5,27.4,109.7,315.2,10050.0,1118.8,11484.1,0.1,234.1,84.1,0.8,0.0,0.0,0.0,0.0,85.9,0.0,0.0,81.3,0.0,0.0,0.0,,,
bodypose-estimation,body-pose-openpifpaf,resnet50-012-13,320x240,rpi3,onnxruntime,CPU,F32,/,/,51.5,27.4,109.7,11.1,18207.8,509.9,18728.7,0.1,143.5,61.0,0.6,0.0,0.0,0.0,0.0,88.9,0.0,0.0,80.9,0.0,0.0,0.0,,,
bodypose-estimation,body-pose-openpifpaf,resnet50-012-13,640x480,rpi3,lne,CPU,F32,/,/,205.8,27.5,109.9,/,/,/,/,/,/,0.0,0.0,0.0,0.0,0.0,0.0,0.0,0.0,0.0,0.0,0.0,0.0,0.0,,,
bodypose-estimation,body-pose-openpifpaf,resnet50-012-13,640x480,rpi3,onnxruntime,CPU,F32,/,/,205.8,27.5,109.9,/,/,/,/,/,/,0.0,0.0,0.0,0.0,0.0,0.0,0.0,0.0,0.0,0.0,0.0,0.0,0.0,,,
bodypose-estimation,body-pose-openpifpaf,resnet50-012,161x129,rpi3,lne,CPU,F32,/,/,14.9,25.6,102.3,6.9,2799.3,22.2,2828.4,0.4,950.4,76.0,0.6,0.0,0.0,0.0,0.0,89.5,0.0,0.0,80.6,0.0,0.0,0.0,,,
bodypose-estimation,body-pose-openpifpaf,resnet50-012,161x129,rpi3,onnxruntime,CPU,F32,/,/,14.9,25.6,102.3,6.4,5468.0,40.2,5514.6,0.2,487.4,59.2,0.5,0.0,0.0,0.0,0.0,88.6,0.0,0.0,80.2,0.0,0.0,0.0,,,
bodypose-estimation,body-pose-openpifpaf,resnet50-012,321x241,rpi3,lne,CPU,F32,/,/,53.1,25.6,102.3,15.4,10128.1,125.7,10269.2,0.1,261.8,82.6,0.7,0.0,0.0,0.0,0.0,89.8,0.0,0.0,81.3,0.0,0.0,0.0,,,
bodypose-estimation,body-pose-openpifpaf,resnet50-012,321x241,rpi3,onnxruntime,CPU,F32,/,/,53.1,25.6,102.3,12.7,18648.7,164.6,18826.0,0.1,142.8,64.3,0.5,0.0,0.0,0.0,0.0,88.9,0.0,0.0,80.8,0.0,0.0,0.0,,,
bodypose-estimation,body-pose-openpifpaf,resnet50-012,321x321,rpi3,lne,CPU,F32,/,/,70.3,25.6,102.4,20.1,13812.0,174.4,14006.6,0.1,191.9,86.2,0.7,0.0,0.0,0.0,0.0,89.6,0.0,0.0,81.5,0.0,0.0,0.0,,,
bodypose-estimation,body-pose-openpifpaf,resnet50-012,321x321,rpi3,onnxruntime,CPU,F32,/,/,70.3,25.6,102.4,17.2,24692.2,204.9,24914.3,0.0,107.9,67.0,0.5,0.0,0.0,0.0,0.0,88.8,0.0,0.0,80.7,0.0,0.0,0.0,,,
bodypose-estimation,body-pose-openpifpaf,resnet50-012,641x481,rpi3,lne,CPU,F32,/,/,206.9,25.6,102.4,/,/,/,/,/,/,0.0,0.0,0.0,0.0,0.0,0.0,0.0,0.0,0.0,0.0,0.0,0.0,0.0,,,
bodypose-estimation,body-pose-openpifpaf,resnet50-012,641x481,rpi3,onnxruntime,CPU,F32,/,/,206.9,25.6,102.4,/,/,/,/,/,/,0.0,0.0,0.0,0.0,0.0,0.0,0.0,0.0,0.0,0.0,0.0,0.0,0.0,,,
bodypose-estimation,body-pose-openpifpaf-shufflenet-sk30,160x120,160x120,rpi3,lne,CPU,F32,/,/,14.5,45.2,180.9,4.1,3831.1,88.2,3923.3,0.3,685.1,80.6,0.6,0.0,0.0,0.0,0.0,88.3,0.0,0.0,80.6,0.0,0.0,0.0,,,
bodypose-estimation,body-pose-openpifpaf-shufflenet-sk30,160x120,160x120,rpi3,onnxruntime,CPU,F32,/,/,14.5,45.2,180.9,3.7,6511.5,160.7,6676.0,0.1,402.6,63.7,0.5,0.0,0.0,0.0,0.0,88.3,0.0,0.0,79.8,0.0,0.0,0.0,,,
bodypose-estimation,body-pose-openpifpaf-shufflenet-sk30,320x180,320x180,rpi3,lne,CPU,F32,/,/,43.9,45.2,181.0,433.2,13174.6,915.6,14523.4,0.1,185.1,88.3,0.8,0.0,0.0,0.0,0.0,86.0,0.0,0.0,80.7,0.0,0.0,0.0,,,
bodypose-estimation,body-pose-openpifpaf-shufflenet-sk30,320x180,320x180,rpi3,onnxruntime,CPU,F32,/,/,43.9,45.2,181.0,33.2,18532.4,400.6,18966.2,0.1,141.7,73.2,0.6,0.0,0.0,0.0,0.0,88.3,0.0,0.0,80.4,0.0,0.0,0.0,,,
bodypose-estimation,body-pose-openpifpaf-shufflenet-sk30,320x240,320x240,rpi3,lne,CPU,F32,/,/,56.6,45.2,181.0,/,/,/,/,/,/,0.0,0.0,0.0,0.0,0.0,0.0,0.0,0.0,0.0,0.0,0.0,0.0,0.0,,,
bodypose-estimation,body-pose-openpifpaf-shufflenet-sk30,320x240,320x240,rpi3,onnxruntime,CPU,F32,/,/,56.6,45.2,181.0,10.7,23924.4,614.2,24549.2,0.0,109.5,67.8,0.6,0.0,0.0,0.0,0.0,88.6,0.0,0.0,80.5,0.0,0.0,0.0,,,
bodypose-estimation,body-pose-openpifpaf-shufflenet-sk30,640x480,640x480,rpi3,lne,CPU,F32,/,/,226.5,45.3,181.0,/,/,/,/,/,/,0.0,0.0,0.0,0.0,0.0,0.0,0.0,0.0,0.0,0.0,0.0,0.0,0.0,,,
bodypose-estimation,body-pose-openpifpaf-shufflenet-sk30,640x480,640x480,rpi3,onnxruntime,CPU,F32,/,/,226.5,45.3,181.0,/,/,/,/,/,/,0.0,0.0,0.0,0.0,0.0,0.0,0.0,0.0,0.0,0.0,0.0,0.0,0.0,,,
bodypose-estimation,body-pose-openpifpaf-shufflenet-v2k16,240x180,240x180,rpi3,lne,CPU,F32,/,/,11.8,20.5,82.1,21.9,3245.2,606.2,3873.3,0.3,694.0,64.1,0.5,0.0,0.0,0.0,0.0,89.5,0.0,0.0,80.4,0.0,0.0,0.0,,,
bodypose-estimation,body-pose-openpifpaf-shufflenet-v2k16,240x180,240x180,rpi3,onnxruntime,CPU,F32,/,/,11.8,20.5,82.1,21.3,5501.6,289.2,5812.1,0.2,462.5,56.2,0.4,0.0,0.0,0.0,0.0,87.8,0.0,0.0,79.8,0.0,0.0,0.0,,,
bodypose-estimation,body-pose-openpifpaf-shufflenet-v2k16,320x180,320x180,rpi3,lne,CPU,F32,/,/,15.8,20.5,82.1,33.7,4313.5,206.5,4553.6,0.2,590.3,68.7,0.5,0.0,0.0,0.0,0.0,90.0,0.0,0.0,80.7,0.0,0.0,0.0,,,
bodypose-estimation,body-pose-openpifpaf-shufflenet-v2k16,320x180,320x180,rpi3,onnxruntime,CPU,F32,/,/,15.8,20.5,82.1,32.1,6898.4,338.8,7269.4,0.1,369.8,62.2,0.5,0.0,0.0,0.0,0.0,88.4,0.0,0.0,80.0,0.0,0.0,0.0,,,
bodypose-estimation,body-pose-openpifpaf-shufflenet-v2k16,320x240,320x240,rpi3,lne,CPU,F32,/,/,20.2,20.5,82.1,10.5,5973.6,576.8,6560.9,0.2,409.7,62.5,0.6,0.0,0.0,0.0,0.0,89.2,0.0,0.0,80.7,0.0,0.0,0.0,,,
bodypose-estimation,body-pose-openpifpaf-shufflenet-v2k16,320x240,320x240,rpi3,onnxruntime,CPU,F32,/,/,20.2,20.5,82.1,10.4,8846.5,598.7,9455.6,0.1,284.3,55.5,0.5,0.0,0.0,0.0,0.0,87.2,0.0,0.0,79.8,0.0,0.0,0.0,,,
coco,incar-object-detection-nanodet,5x,320x320,rpi3,lne,CPU,F32,/,/,1.8,2.5,9.8,20.9,769.0,0.0,789.9,1.3,3403.0,48.2,0.4,0.0,0.0,0.0,0.0,88.5,0.0,0.0,75.3,0.0,0.0,0.0,,,
coco,incar-object-detection-nanodet,5x,320x320,rpi3,onnxruntime,CPU,F32,/,/,1.8,2.5,9.8,15.5,1407.9,0.1,1423.4,0.7,1888.4,48.5,0.4,0.0,0.0,0.0,0.0,88.2,0.0,0.0,76.2,0.0,0.0,0.0,,,
coco,incar-object-detection-nanodet,m,320x320,rpi3,lne,CPU,F32,/,/,0.9,1.2,4.7,20.5,492.4,0.0,513.0,1.9,5239.9,38.8,0.3,0.0,0.0,0.0,0.0,88.2,0.0,0.0,73.2,0.0,0.0,0.0,,,
coco,incar-object-detection-nanodet,m,320x320,rpi3,onnxruntime,CPU,F32,/,/,0.9,1.2,4.7,15.3,894.2,0.1,909.6,1.1,2955.3,39.4,0.3,0.0,0.0,0.0,0.0,84.6,0.0,0.0,74.4,0.0,0.0,0.0,,,
face-landmarks-detection,face-landmarks-detection-retinaface,mobile0.25mod4lite-12-48,320x320,rpi3,lne,CPU,F32,AP-medium,43.8,0.3,0.2,0.9,19.3,154.9,14.4,188.6,5.3,14249.5,40.5,0.3,0.0,0.0,0.0,0.0,87.0,0.0,0.0,72.7,0.0,0.0,0.0,,,
face-landmarks-detection,face-landmarks-detection-retinaface,mobile0.25mod4lite-12-48,320x320,rpi3,onnxruntime,CPU,F32,AP-medium,43.8,0.3,0.2,0.9,21.5,309.2,34.6,365.4,2.7,7356.5,38.7,0.3,0.0,0.0,0.0,0.0,86.3,0.0,0.0,72.8,0.0,0.0,0.0,,,
face-landmarks-detection,face-landmarks-detection-retinaface,mobile0.25mod4lite-12-48,320x185,rpi3,lne,CPU,F32,AP-medium,31.9,0.2,0.2,0.9,11.8,86.1,7.6,105.5,9.5,25480.0,39.4,0.3,0.0,0.0,0.0,0.0,84.8,0.0,0.0,72.2,0.0,0.0,0.0,,,
face-landmarks-detection,face-landmarks-detection-retinaface,mobile0.25mod4lite-12-48,320x185,rpi3,onnxruntime,CPU,F32,AP-medium,31.9,0.2,0.2,0.9,9.9,196.7,16.7,223.3,4.5,12037.0,37.0,0.3,0.0,0.0,0.0,0.0,86.3,0.0,0.0,72.5,0.0,0.0,0.0,,,
face-landmarks-detection,face-landmarks-detection-retinaface,mobile0.25mod4lite-12-48,320x250,rpi3,lne,CPU,F32,AP-medium,41.7,0.3,0.2,0.9,15.2,117.6,10.4,143.1,7.0,18780.6,40.5,0.3,0.0,0.0,0.0,0.0,87.3,0.0,0.0,72.5,0.0,0.0,0.0,,,
face-landmarks-detection,face-landmarks-detection-retinaface,mobile0.25mod4lite-12-48,320x250,rpi3,onnxruntime,CPU,F32,AP-medium,41.7,0.3,0.2,0.9,12.6,246.2,21.8,280.5,3.6,9581.7,36.7,0.3,0.0,0.0,0.0,0.0,87.8,0.0,0.0,72.9,0.0,0.0,0.0,,,
face-landmarks-detection,face-landmarks-detection-retinaface,mobile0.25mod4lite-12-48,640x640,rpi3,lne,CPU,F32,AP-medium,73.9,1.3,0.2,0.9,58.3,642.2,50.3,750.9,1.3,3579.9,47.3,0.4,0.0,0.0,0.0,0.0,89.0,0.0,0.0,75.3,0.0,0.0,0.0,,,
face-landmarks-detection,face-landmarks-detection-retinaface,mobile0.25mod4lite-12-48,640x640,rpi3,onnxruntime,CPU,F32,AP-medium,73.9,1.3,0.2,0.9,81.4,1104.9,103.7,1290.0,0.8,2083.7,40.9,0.3,0.0,0.0,0.0,0.0,87.9,0.0,0.0,76.4,0.0,0.0,0.0,,,
face-landmarks-detection,face-landmarks-detection-retinaface,mobile0.25mod4lite-12-48,640x380,rpi3,lne,CPU,F32,AP-medium,67.2,0.8,0.2,0.9,43.9,377.2,39.2,460.3,2.2,5840.2,40.8,0.3,0.0,0.0,0.0,0.0,87.5,0.0,0.0,75.0,0.0,0.0,0.0,,,
face-landmarks-detection,face-landmarks-detection-retinaface,mobile0.25mod4lite-12-48,640x380,rpi3,onnxruntime,CPU,F32,AP-medium,67.2,0.8,0.2,0.9,51.0,674.9,81.2,807.1,1.2,3330.4,37.2,0.3,0.0,0.0,0.0,0.0,85.9,0.0,0.0,75.3,0.0,0.0,0.0,,,
face-landmarks-detection,face-landmarks-detection-retinaface,mobile0.25mod4lite-12-48,640x480,rpi3,lne,CPU,F32,AP-medium,72.3,1.0,0.2,0.9,63.8,474.9,50.9,589.6,1.7,4558.8,40.9,0.3,0.0,0.0,0.0,0.0,87.5,0.0,0.0,75.1,0.0,0.0,0.0,,,
face-landmarks-detection,face-landmarks-detection-retinaface,mobile0.25mod4lite-12-48,640x480,rpi3,onnxruntime,CPU,F32,AP-medium,72.3,1.0,0.2,0.9,52.9,834.1,85.9,972.9,1.0,2762.9,36.7,0.3,0.0,0.0,0.0,0.0,86.5,0.0,0.0,75.8,0.0,0.0,0.0,,,
face-landmarks-detection,face-landmarks-detection-retinaface,mobile0.25mod4lite-16-64,320x320,rpi3,lne,CPU,F32,AP-medium,53.4,0.5,0.4,1.7,19.7,189.0,13.1,221.8,4.5,12119.2,40.1,0.3,0.0,0.0,0.0,0.0,87.4,0.0,0.0,73.4,0.0,0.0,0.0,,,
face-landmarks-detection,face-landmarks-detection-retinaface,mobile0.25mod4lite-16-64,320x320,rpi3,onnxruntime,CPU,F32,AP-medium,53.4,0.5,0.4,1.7,15.7,441.1,26.8,483.6,2.1,5558.4,38.9,0.3,0.0,0.0,0.0,0.0,87.3,0.0,0.0,74.0,0.0,0.0,0.0,,,
face-landmarks-detection,face-landmarks-detection-retinaface,mobile0.25mod4lite-16-64,320x185,rpi3,lne,CPU,F32,AP-medium,42.2,0.3,0.4,1.7,11.7,105.6,7.7,125.0,8.0,21510.1,41.6,0.3,0.0,0.0,0.0,0.0,87.4,0.0,0.0,73.1,0.0,0.0,0.0,,,
face-landmarks-detection,face-landmarks-detection-retinaface,mobile0.25mod4lite-16-64,320x185,rpi3,onnxruntime,CPU,F32,AP-medium,42.2,0.3,0.4,1.7,9.8,270.8,18.3,298.9,3.3,8993.2,38.5,0.3,0.0,0.0,0.0,0.0,87.7,0.0,0.0,73.7,0.0,0.0,0.0,,,
face-landmarks-detection,face-landmarks-detection-retinaface,mobile0.25mod4lite-16-64,320x250,rpi3,lne,CPU,F32,AP-medium,51.9,0.4,0.4,1.7,15.9,144.0,10.4,170.3,5.9,15779.8,42.8,0.3,0.0,0.0,0.0,0.0,85.0,0.0,0.0,73.1,0.0,0.0,0.0,,,
face-landmarks-detection,face-landmarks-detection-retinaface,mobile0.25mod4lite-16-64,320x250,rpi3,onnxruntime,CPU,F32,AP-medium,51.9,0.4,0.4,1.7,12.4,354.7,17.5,384.6,2.6,6988.9,38.2,0.3,0.0,0.0,0.0,0.0,88.6,0.0,0.0,73.9,0.0,0.0,0.0,,,
face-landmarks-detection,face-landmarks-detection-retinaface,mobile0.25mod4lite-16-64,640x640,rpi3,lne,CPU,F32,AP-medium,79.9,2.1,0.4,1.7,81.4,791.1,68.1,940.6,1.1,2857.9,46.9,0.3,0.0,0.0,0.0,0.0,86.7,0.0,0.0,76.5,0.0,0.0,0.0,,,
face-landmarks-detection,face-landmarks-detection-retinaface,mobile0.25mod4lite-16-64,640x640,rpi3,onnxruntime,CPU,F32,AP-medium,79.9,2.1,0.4,1.7,67.6,1529.0,107.2,1703.8,0.6,1577.7,41.3,0.3,0.0,0.0,0.0,0.0,88.5,0.0,0.0,77.6,0.0,0.0,0.0,,,
face-landmarks-detection,face-landmarks-detection-retinaface,mobile0.25mod4lite-16-64,640x380,rpi3,lne,CPU,F32,AP-medium,75.0,1.3,0.4,1.7,43.8,459.6,40.1,543.5,1.8,4945.5,40.9,0.3,0.0,0.0,0.0,0.0,88.5,0.0,0.0,75.3,0.0,0.0,0.0,,,
face-landmarks-detection,face-landmarks-detection-retinaface,mobile0.25mod4lite-16-64,640x380,rpi3,onnxruntime,CPU,F32,AP-medium,75.0,1.3,0.4,1.7,49.9,952.1,79.2,1081.3,0.9,2486.0,37.2,0.3,0.0,0.0,0.0,0.0,87.5,0.0,0.0,76.2,0.0,0.0,0.0,,,
face-landmarks-detection,face-landmarks-detection-retinaface,mobile0.25mod4lite-16-64,640x480,rpi3,lne,CPU,F32,AP-medium,78.7,1.6,0.4,1.7,45.2,584.1,37.7,667.0,1.5,4030.0,44.1,0.3,0.0,0.0,0.0,0.0,88.8,0.0,0.0,75.5,0.0,0.0,0.0,,,
face-landmarks-detection,face-landmarks-detection-retinaface,mobile0.25mod4lite-16-64,640x480,rpi3,onnxruntime,CPU,F32,AP-medium,78.7,1.6,0.4,1.7,61.9,1180.1,84.4,1326.4,0.8,2026.5,39.9,0.3,0.0,0.0,0.0,0.0,87.5,0.0,0.0,76.8,0.0,0.0,0.0,,,
face-landmarks-detection,face-landmarks-detection-retinaface,mobile0.25mod4lite-32-72,320x320,rpi3,lne,CPU,F32,AP-medium,61.9,0.9,0.7,2.9,21.8,322.6,15.3,359.7,2.8,7472.7,37.8,0.3,0.0,0.0,0.0,0.0,88.1,0.0,0.0,74.3,0.0,0.0,0.0,,,
face-landmarks-detection,face-landmarks-detection-retinaface,mobile0.25mod4lite-32-72,320x320,rpi3,onnxruntime,CPU,F32,AP-medium,61.9,0.9,0.7,2.9,15.4,737.3,25.1,777.8,1.3,3455.9,38.5,0.3,0.0,0.0,0.0,0.0,88.8,0.0,0.0,75.3,0.0,0.0,0.0,,,
face-landmarks-detection,face-landmarks-detection-retinaface,mobile0.25mod4lite-32-72,320x185,rpi3,lne,CPU,F32,AP-medium,50.5,0.6,0.7,2.9,12.4,190.9,7.6,210.9,4.7,12743.1,37.0,0.3,0.0,0.0,0.0,0.0,87.6,0.0,0.0,73.7,0.0,0.0,0.0,,,
face-landmarks-detection,face-landmarks-detection-retinaface,mobile0.25mod4lite-32-72,320x185,rpi3,onnxruntime,CPU,F32,AP-medium,50.5,0.6,0.7,2.9,9.9,454.4,16.0,480.3,2.1,5596.1,36.3,0.2,0.0,0.0,0.0,0.0,88.1,0.0,0.0,74.1,0.0,0.0,0.0,,,
face-landmarks-detection,face-landmarks-detection-retinaface,mobile0.25mod4lite-32-72,320x250,rpi3,lne,CPU,F32,AP-medium,60.3,0.7,0.7,2.9,15.4,255.8,10.2,281.5,3.6,9549.9,38.9,0.3,0.0,0.0,0.0,0.0,87.3,0.0,0.0,73.5,0.0,0.0,0.0,,,
face-landmarks-detection,face-landmarks-detection-retinaface,mobile0.25mod4lite-32-72,320x250,rpi3,onnxruntime,CPU,F32,AP-medium,60.3,0.7,0.7,2.9,12.5,579.6,19.6,611.7,1.6,4394.4,37.7,0.3,0.0,0.0,0.0,0.0,88.9,0.0,0.0,74.5,0.0,0.0,0.0,,,
face-landmarks-detection,face-landmarks-detection-retinaface,mobile0.25mod4lite-32-72,640x640,rpi3,lne,CPU,F32,AP-medium,84.0,3.7,0.7,2.9,58.2,1315.2,50.7,1424.1,0.7,1887.5,48.1,0.3,0.0,0.0,0.0,0.0,88.4,0.0,0.0,77.6,0.0,0.0,0.0,,,
face-landmarks-detection,face-landmarks-detection-retinaface,mobile0.25mod4lite-32-72,640x640,rpi3,onnxruntime,CPU,F32,AP-medium,84.0,3.7,0.7,2.9,82.2,2564.9,112.3,2759.5,0.4,974.1,41.5,0.3,0.0,0.0,0.0,0.0,87.6,0.0,0.0,78.6,0.0,0.0,0.0,,,
face-landmarks-detection,face-landmarks-detection-retinaface,mobile0.25mod4lite-32-72,640x380,rpi3,lne,CPU,F32,AP-medium,79.7,2.2,0.7,2.9,43.8,781.6,38.0,863.4,1.2,3113.2,43.3,0.3,0.0,0.0,0.0,0.0,88.6,0.0,0.0,76.0,0.0,0.0,0.0,,,
face-landmarks-detection,face-landmarks-detection-retinaface,mobile0.25mod4lite-32-72,640x380,rpi3,onnxruntime,CPU,F32,AP-medium,79.7,2.2,0.7,2.9,36.8,1604.7,60.0,1701.5,0.6,1579.8,39.8,0.3,0.0,0.0,0.0,0.0,86.7,0.0,0.0,77.1,0.0,0.0,0.0,,,
face-landmarks-detection,face-landmarks-detection-retinaface,mobile0.25mod4lite-32-72,640x480,rpi3,lne,CPU,F32,AP-medium,82.9,2.8,0.7,2.9,45.4,980.5,37.6,1063.5,0.9,2527.5,44.3,0.3,0.0,0.0,0.0,0.0,89.1,0.0,0.0,76.6,0.0,0.0,0.0,,,
face-landmarks-detection,face-landmarks-detection-retinaface,mobile0.25mod4lite-32-72,640x480,rpi3,onnxruntime,CPU,F32,AP-medium,82.9,2.8,0.7,2.9,62.0,1967.8,89.4,2119.1,0.5,1268.5,40.7,0.3,0.0,0.0,0.0,0.0,88.5,0.0,0.0,78.0,0.0,0.0,0.0,,,
face-landmarks-detection,face-landmarks-detection-retinaface,mobile0.25mod4lite-48-96,320x320,rpi3,lne,CPU,F32,AP-medium,64.0,1.7,1.4,5.7,16.3,508.7,13.0,538.1,1.9,4995.7,39.0,0.3,0.0,0.0,0.0,0.0,87.6,0.0,0.0,75.0,0.0,0.0,0.0,,,
face-landmarks-detection,face-landmarks-detection-retinaface,mobile0.25mod4lite-48-96,320x320,rpi3,onnxruntime,CPU,F32,AP-medium,64.0,1.7,1.4,5.7,15.7,1144.7,26.0,1186.4,0.8,2265.7,40.3,0.3,0.0,0.0,0.0,0.0,87.8,0.0,0.0,76.0,0.0,0.0,0.0,,,
face-landmarks-detection,face-landmarks-detection-retinaface,mobile0.25mod4lite-48-96,320x185,rpi3,lne,CPU,F32,AP-medium,52.2,1.0,1.4,5.7,10.1,298.7,7.9,316.7,3.2,8487.5,40.5,0.3,0.0,0.0,0.0,0.0,87.9,0.0,0.0,74.2,0.0,0.0,0.0,,,
face-landmarks-detection,face-landmarks-detection-retinaface,mobile0.25mod4lite-48-96,320x185,rpi3,onnxruntime,CPU,F32,AP-medium,52.2,1.0,1.4,5.7,9.8,708.3,18.1,736.1,1.4,3651.5,39.0,0.3,0.0,0.0,0.0,0.0,87.2,0.0,0.0,74.9,0.0,0.0,0.0,,,
face-landmarks-detection,face-landmarks-detection-retinaface,mobile0.25mod4lite-48-96,320x250,rpi3,lne,CPU,F32,AP-medium,62.5,1.3,1.4,5.7,12.9,405.0,10.2,428.1,2.3,6279.3,39.4,0.3,0.0,0.0,0.0,0.0,87.8,0.0,0.0,74.3,0.0,0.0,0.0,,,
face-landmarks-detection,face-landmarks-detection-retinaface,mobile0.25mod4lite-48-96,320x250,rpi3,onnxruntime,CPU,F32,AP-medium,62.5,1.3,1.4,5.7,12.5,930.0,19.5,961.9,1.0,2794.4,37.9,0.3,0.0,0.0,0.0,0.0,86.5,0.0,0.0,75.1,0.0,0.0,0.0,,,
face-landmarks-detection,face-landmarks-detection-retinaface,mobile0.25mod4lite-48-96,640x640,rpi3,lne,CPU,F32,AP-medium,86.0,6.6,1.4,5.7,70.2,2076.0,63.6,2209.7,0.5,1216.4,49.7,0.4,0.0,0.0,0.0,0.0,89.0,0.0,0.0,77.7,0.0,0.0,0.0,,,
face-landmarks-detection,face-landmarks-detection-retinaface,mobile0.25mod4lite-48-96,640x640,rpi3,onnxruntime,CPU,F32,AP-medium,86.0,6.6,1.4,5.7,83.2,3960.1,107.9,4151.3,0.2,647.5,41.3,0.3,0.0,0.0,0.0,0.0,88.7,0.0,0.0,79.2,0.0,0.0,0.0,,,
face-landmarks-detection,face-landmarks-detection-retinaface,mobile0.25mod4lite-48-96,640x380,rpi3,lne,CPU,F32,AP-medium,81.6,3.9,1.4,5.7,39.0,1228.6,32.2,1299.8,0.8,2068.0,46.6,0.4,0.0,0.0,0.0,0.0,87.5,0.0,0.0,77.0,0.0,0.0,0.0,,,
face-landmarks-detection,face-landmarks-detection-retinaface,mobile0.25mod4lite-48-96,640x380,rpi3,onnxruntime,CPU,F32,AP-medium,81.6,3.9,1.4,5.7,36.5,2494.8,60.3,2591.6,0.4,1037.2,39.1,0.3,0.0,0.0,0.0,0.0,88.4,0.0,0.0,78.2,0.0,0.0,0.0,,,
face-landmarks-detection,face-landmarks-detection-retinaface,mobile0.25mod4lite-48-96,640x480,rpi3,lne,CPU,F32,AP-medium,84.9,4.9,1.4,5.7,53.8,1549.2,47.8,1650.8,0.6,1628.3,47.0,0.3,0.0,0.0,0.0,0.0,86.8,0.0,0.0,77.3,0.0,0.0,0.0,,,
face-landmarks-detection,face-landmarks-detection-retinaface,mobile0.25mod4lite-48-96,640x480,rpi3,onnxruntime,CPU,F32,AP-medium,84.9,4.9,1.4,5.7,44.9,2996.7,74.8,3116.3,0.3,862.6,42.1,0.3,0.0,0.0,0.0,0.0,88.8,0.0,0.0,79.0,0.0,0.0,0.0,,,
face-landmarks-detection,face-landmarks-detection-retinaface,mobile0.25mod4lite-64-128,320x320,rpi3,lne,CPU,F32,AP-medium,68.4,2.9,2.5,10.0,16.2,781.3,12.7,810.2,1.2,3317.7,41.8,0.3,0.0,0.0,0.0,0.0,86.0,0.0,0.0,76.0,0.0,0.0,0.0,,,
face-landmarks-detection,face-landmarks-detection-retinaface,mobile0.25mod4lite-64-128,320x320,rpi3,onnxruntime,CPU,F32,AP-medium,68.4,2.9,2.5,10.0,15.6,1665.4,24.9,1705.9,0.6,1575.7,38.8,0.3,0.0,0.0,0.0,0.0,88.4,0.0,0.0,77.2,0.0,0.0,0.0,,,
face-landmarks-detection,face-landmarks-detection-retinaface,mobile0.25mod4lite-64-128,320x185,rpi3,lne,CPU,F32,AP-medium,56.9,1.7,2.5,10.0,10.2,455.6,7.7,473.6,2.1,5676.2,43.4,0.3,0.0,0.0,0.0,0.0,87.9,0.0,0.0,74.8,0.0,0.0,0.0,,,
face-landmarks-detection,face-landmarks-detection-retinaface,mobile0.25mod4lite-64-128,320x185,rpi3,onnxruntime,CPU,F32,AP-medium,56.9,1.7,2.5,10.0,9.8,1059.1,14.4,1083.4,0.9,2481.1,38.6,0.3,0.0,0.0,0.0,0.0,87.8,0.0,0.0,75.8,0.0,0.0,0.0,,,
face-landmarks-detection,face-landmarks-detection-retinaface,mobile0.25mod4lite-64-128,320x250,rpi3,lne,CPU,F32,AP-medium,66.5,2.3,2.5,10.0,12.8,608.4,10.2,631.5,1.6,4256.8,43.4,0.3,0.0,0.0,0.0,0.0,88.6,0.0,0.0,75.5,0.0,0.0,0.0,,,
face-landmarks-detection,face-landmarks-detection-retinaface,mobile0.25mod4lite-64-128,320x250,rpi3,onnxruntime,CPU,F32,AP-medium,66.5,2.3,2.5,10.0,12.7,1385.0,21.4,1419.1,0.7,1894.2,37.6,0.3,0.0,0.0,0.0,0.0,87.6,0.0,0.0,76.4,0.0,0.0,0.0,,,
face-landmarks-detection,face-landmarks-detection-retinaface,mobile0.25mod4lite-64-128,640x640,rpi3,lne,CPU,F32,AP-medium,87.3,11.4,2.5,10.0,68.7,3264.3,63.9,3396.9,0.3,791.3,50.0,0.4,0.0,0.0,0.0,0.0,88.2,0.0,0.0,78.6,0.0,0.0,0.0,,,
face-landmarks-detection,face-landmarks-detection-retinaface,mobile0.25mod4lite-64-128,640x640,rpi3,onnxruntime,CPU,F32,AP-medium,87.3,11.4,2.5,10.0,70.3,5720.6,112.7,5903.6,0.2,455.3,42.0,0.3,0.0,0.0,0.0,0.0,88.6,0.0,0.0,79.8,0.0,0.0,0.0,,,
face-landmarks-detection,face-landmarks-detection-retinaface,mobile0.25mod4lite-64-128,640x380,rpi3,lne,CPU,F32,AP-medium,83.3,6.8,2.5,10.0,36.4,1878.6,31.0,1946.0,0.5,1381.3,47.4,0.3,0.0,0.0,0.0,0.0,88.7,0.0,0.0,78.7,0.0,0.0,0.0,,,
face-landmarks-detection,face-landmarks-detection-retinaface,mobile0.25mod4lite-64-128,640x380,rpi3,onnxruntime,CPU,F32,AP-medium,83.3,6.8,2.5,10.0,36.9,3640.7,59.1,3736.7,0.3,719.4,43.7,0.3,0.0,0.0,0.0,0.0,87.4,0.0,0.0,79.4,0.0,0.0,0.0,,,
face-landmarks-detection,face-landmarks-detection-retinaface,mobile0.25mod4lite-64-128,640x480,rpi3,lne,CPU,F32,AP-medium,86.2,8.6,2.5,10.0,53.1,2446.1,48.0,2547.2,0.4,1055.3,49.5,0.4,0.0,0.0,0.0,0.0,89.1,0.0,0.0,79.2,0.0,0.0,0.0,,,
face-landmarks-detection,face-landmarks-detection-retinaface,mobile0.25mod4lite-64-128,640x480,rpi3,onnxruntime,CPU,F32,AP-medium,86.2,8.6,2.5,10.0,46.1,4497.4,73.6,4617.1,0.2,582.2,44.5,0.3,0.0,0.0,0.0,0.0,88.2,0.0,0.0,79.7,0.0,0.0,0.0,,,
incar-object-detection,incar-object-detection-nanodet,resnet50,320x320,rpi3,lne,CPU,F32,/,/,17.4,24.4,97.4,15.1,2980.4,2.6,2998.1,0.3,896.6,74.6,0.7,0.0,0.0,0.0,0.0,58.3,0.0,0.0,70.2,0.0,0.0,0.0,,,
incar-object-detection,incar-object-detection-nanodet,resnet50,320x320,rpi3,onnxruntime,CPU,F32,/,/,17.4,24.4,97.4,15.1,5950.3,8.3,5973.7,0.2,450.0,48.7,0.4,0.0,0.0,0.0,0.0,57.4,0.0,0.0,69.5,0.0,0.0,0.0,,,
face-recognition,face-recognition-insightsface-mobilefacenet,mxnet,112x112,rpi3,lne,CPU,F32,/,/,0.4,1.0,4.0,3.4,177.4,0.1,180.8,5.5,14865.5,38.5,0.3,0.0,0.0,0.0,0.0,88.0,0.0,0.0,73.3,0.0,0.0,0.0,,,
face-recognition,face-recognition-insightsface-mobilefacenet,mxnet,112x112,rpi3,onnxruntime,CPU,F32,/,/,0.4,1.0,4.0,/,/,/,/,/,/,0.0,0.0,0.0,0.0,0.0,0.0,0.0,0.0,0.0,0.0,0.0,0.0,0.0,,,
age-gender-estimation,age-gender-insightface,mobilenet_0_25x,112x112,rpi3,lne,CPU,F32,/,/,0.1,0.3,1.1,3.5,35.5,0.1,39.1,25.6,68820.2,37.8,0.3,0.0,0.0,0.0,0.0,86.1,0.0,0.0,72.0,0.0,0.0,0.0,,,
age-gender-estimation,age-gender-insightface,mobilenet_0_25x,112x112,rpi3,onnxruntime,CPU,F32,/,/,0.1,0.3,1.1,/,/,/,/,/,/,0.0,0.0,0.0,0.0,0.0,0.0,0.0,0.0,0.0,0.0,0.0,0.0,0.0,,,
emotion-classification,emotion-classic-light-112x96,default_onnx,96x112,rpi3,lne,CPU,F32,/,/,0.4,2.7,10.8,5.0,57.3,0.0,62.4,16.0,43080.8,35.1,0.3,0.0,0.0,0.0,0.0,55.7,0.0,0.0,60.8,0.0,0.0,0.0,,,
emotion-classification,emotion-classic-light-112x96,default_onnx,96x112,rpi3,onnxruntime,CPU,F32,/,/,0.4,2.7,10.8,/,/,/,/,/,/,0.0,0.0,0.0,0.0,0.0,0.0,0.0,0.0,0.0,0.0,0.0,0.0,0.0,,,
emotion-classification,emotion-classic-light-112x96,moonshine_onnx,96x112,rpi3,lne,CPU,F32,/,/,0.2,0.1,0.6,5.4,70.6,0.0,76.0,13.2,35352.1,33.4,0.3,0.0,0.0,0.0,0.0,56.6,0.0,0.0,61.9,0.0,0.0,0.0,,,
emotion-classification,emotion-classic-light-112x96,moonshine_onnx,96x112,rpi3,onnxruntime,CPU,F32,/,/,0.2,0.1,0.6,5.5,148.6,0.1,154.1,6.5,17439.5,33.2,0.3,0.0,0.0,0.0,0.0,57.7,0.0,0.0,62.3,0.0,0.0,0.0,,,
emotion-classification,emotion-classic-light-112x96,student_g1,96x112,rpi3,lne,CPU,F32,/,/,0.6,0.4,1.6,5.1,92.3,0.0,97.5,10.3,27571.7,33.6,0.3,0.0,0.0,0.0,0.0,56.4,0.0,0.0,62.4,0.0,0.0,0.0,,,
emotion-classification,emotion-classic-light-112x96,student_g1,96x112,rpi3,onnxruntime,CPU,F32,/,/,0.6,0.4,1.6,5.1,248.8,0.1,254.0,3.9,10582.7,32.9,0.3,0.0,0.0,0.0,0.0,57.7,0.0,0.0,63.1,0.0,0.0,0.0,,,
emotion-classification,emotion-classic-light-112x96,student_g16,96x112,rpi3,lne,CPU,F32,/,/,0.1,0.1,0.3,5.9,73.0,0.0,78.9,12.7,34056.2,34.2,0.3,0.0,0.0,0.0,0.0,56.5,0.0,0.0,61.8,0.0,0.0,0.0,,,
emotion-classification,emotion-classic-light-112x96,student_g16,96x112,rpi3,onnxruntime,CPU,F32,/,/,0.1,0.1,0.3,5.5,113.0,0.1,118.5,8.4,22680.9,34.6,0.3,0.0,0.0,0.0,0.0,57.3,0.0,0.0,62.3,0.0,0.0,0.0,,,
emotion-classification,emotion-classic-light-112x96,student_g2,96x112,rpi3,lne,CPU,F32,/,/,0.4,0.2,0.9,5.4,74.5,0.0,79.9,12.5,33623.8,34.3,0.3,0.0,0.0,0.0,0.0,56.7,0.0,0.0,62.0,0.0,0.0,0.0,,,
emotion-classification,emotion-classic-light-112x96,student_g2,96x112,rpi3,onnxruntime,CPU,F32,/,/,0.4,0.2,0.9,5.3,201.8,0.1,207.2,4.8,12976.0,42.5,0.4,0.0,0.0,0.0,0.0,76.2,0.0,0.0,64.7,0.0,0.0,0.0,,,
emotion-classification,emotion-classic-light-112x96,student_g32,96x112,rpi3,lne,CPU,F32,/,/,0.1,0.1,0.3,5.8,79.3,0.0,85.2,11.7,31540.7,35.5,0.3,0.0,0.0,0.0,0.0,57.1,0.0,0.0,62.3,0.0,0.0,0.0,,,
emotion-classification,emotion-classic-light-112x96,student_g32,96x112,rpi3,onnxruntime,CPU,F32,/,/,0.1,0.1,0.3,6.0,98.6,0.1,104.7,9.6,25674.6,34.1,0.3,0.0,0.0,0.0,0.0,57.4,0.0,0.0,62.0,0.0,0.0,0.0,,,
emotion-classification,emotion-classic-light-112x96,student_g4,96x112,rpi3,lne,CPU,F32,/,/,0.2,0.1,0.6,5.7,73.4,0.1,79.2,12.6,33956.2,37.4,0.3,0.0,0.0,0.0,0.0,88.2,0.0,0.0,72.8,0.0,0.0,0.0,,,
emotion-classification,emotion-classic-light-112x96,student_g4,96x112,rpi3,onnxruntime,CPU,F32,/,/,0.2,0.1,0.6,5.6,158.1,0.1,163.9,6.1,16403.9,37.4,0.3,0.0,0.0,0.0,0.0,88.9,0.0,0.0,73.6,0.0,0.0,0.0,,,
emotion-classification,emotion-classic-light-112x96,student_g8,96x112,rpi3,lne,CPU,F32,/,/,0.2,0.1,0.4,5.9,69.0,0.0,75.0,13.3,35859.7,33.4,0.3,0.0,0.0,0.0,0.0,56.3,0.0,0.0,62.1,0.0,0.0,0.0,,,
emotion-classification,emotion-classic-light-112x96,student_g8,96x112,rpi3,onnxruntime,CPU,F32,/,/,0.2,0.1,0.4,5.5,124.4,0.1,130.0,7.7,20677.9,33.7,0.3,0.0,0.0,0.0,0.0,57.8,0.0,0.0,62.4,0.0,0.0,0.0,,,
emotion-classification,emotion-classic-light-112x96,teacher_onnx,96x112,rpi3,lne,CPU,F32,/,/,0.5,8.5,33.8,5.1,83.5,0.0,88.7,11.3,30297.3,37.6,0.3,0.0,0.0,0.0,0.0,56.9,0.0,0.0,62.3,0.0,0.0,0.0,,,
emotion-classification,emotion-classic-light-112x96,teacher_onnx,96x112,rpi3,onnxruntime,CPU,F32,/,/,0.5,8.5,33.8,5.2,328.2,0.1,333.5,3.0,8060.6,37.3,0.3,0.0,0.0,0.0,0.0,56.7,0.0,0.0,62.7,0.0,0.0,0.0,,,
eyegaze,eyegaze-rankgaze,mobilefacenet-mpiigaze,224x224,rpi3,lne,CPU,F32,Avg MAE,5.66,1.9,4.2,16.6,8.3,760.0,0.0,768.4,1.3,3498.4,41.1,0.3,0.0,0.0,0.0,0.0,89.0,0.0,0.0,78.0,0.0,0.0,0.0,,,
eyegaze,eyegaze-rankgaze,mobilefacenet-mpiigaze,224x224,rpi3,onnxruntime,CPU,F32,Avg MAE,5.66,1.9,4.2,16.6,8.4,1205.4,0.1,1213.8,0.8,2214.5,40.4,0.3,0.0,0.0,0.0,0.0,88.5,0.0,0.0,78.9,0.0,0.0,0.0,,,
eyegaze,eyegaze-rankgaze,mobilefacenet-mpiigaze-righteye-t50,32x32,rpi3,lne,CPU,F32,Avg MAE,5.9,0.0,4.1,16.2,0.5,25.9,0.0,26.4,37.8,101717.3,38.3,0.3,0.0,0.0,0.0,0.0,86.2,0.0,0.0,71.9,0.0,0.0,0.0,,,
eyegaze,eyegaze-rankgaze,mobilefacenet-mpiigaze-righteye-t50,32x32,rpi3,onnxruntime,CPU,F32,Avg MAE,5.9,0.0,4.1,16.2,0.5,125.4,0.1,126.0,7.9,21334.1,38.1,0.3,0.0,0.0,0.0,0.0,86.9,0.0,0.0,72.7,0.0,0.0,0.0,,,
eyegaze,eyegaze-rankgaze,mobilefacenet-mpiigaze-righteye-t50,48x32,rpi3,lne,CPU,F32,Avg MAE,7.25,0.1,4.1,16.2,0.6,33.2,0.0,33.8,29.6,79513.4,39.7,0.3,0.0,0.0,0.0,0.0,84.6,0.0,0.0,72.3,0.0,0.0,0.0,,,
eyegaze,eyegaze-rankgaze,mobilefacenet-mpiigaze-righteye-t50,48x32,rpi3,onnxruntime,CPU,F32,Avg MAE,7.25,0.1,4.1,16.2,0.6,141.0,0.1,141.7,7.1,18974.7,39.4,0.3,0.0,0.0,0.0,0.0,87.8,0.0,0.0,73.0,0.0,0.0,0.0,,,
eyegaze,eyegaze-rankgaze,mobilefacenet-mpiigaze-righteye-t50,64x48,rpi3,lne,CPU,F32,Avg MAE,6.32,0.1,4.1,16.2,1.0,56.6,0.0,57.6,17.4,46673.8,39.8,0.3,0.0,0.0,0.0,0.0,86.9,0.0,0.0,72.5,0.0,0.0,0.0,,,
eyegaze,eyegaze-rankgaze,mobilefacenet-mpiigaze-righteye-t50,64x48,rpi3,onnxruntime,CPU,F32,Avg MAE,6.32,0.1,4.1,16.2,0.9,189.9,0.1,190.9,5.2,14082.1,39.6,0.3,0.0,0.0,0.0,0.0,86.5,0.0,0.0,73.1,0.0,0.0,0.0,,,
eyegaze,eyegaze-rankgaze,mobilefacenet-mpiigaze-righteye-t50,64x64,rpi3,lne,CPU,F32,Avg MAE,5.82,0.2,4.1,16.2,1.1,73.5,0.0,74.7,13.4,36001.1,40.0,0.3,0.0,0.0,0.0,0.0,86.5,0.0,0.0,72.6,0.0,0.0,0.0,,,
eyegaze,eyegaze-rankgaze,mobilefacenet-mpiigaze-righteye-t50,64x64,rpi3,onnxruntime,CPU,F32,Avg MAE,5.82,0.2,4.1,16.2,1.3,216.2,0.1,217.6,4.6,12354.6,39.7,0.3,0.0,0.0,0.0,0.0,88.0,0.0,0.0,73.1,0.0,0.0,0.0,,,
eyegaze,eyegaze-rankgaze,resnet50-mpiigaze,224x224,rpi3,lne,CPU,F32,/,/,8.2,25.6,102.3,8.7,1540.9,0.1,1549.7,0.6,1734.5,74.2,0.6,0.0,0.0,0.0,0.0,89.4,0.0,0.0,80.2,0.0,0.0,0.0,,,
eyegaze,eyegaze-rankgaze,resnet50-mpiigaze,224x224,rpi3,onnxruntime,CPU,F32,/,/,8.2,25.6,102.3,8.3,3477.5,0.1,3485.9,0.3,771.1,50.7,0.4,0.0,0.0,0.0,0.0,87.8,0.0,0.0,79.9,0.0,0.0,0.0,,,
headpose-estimation,headpose-rankpose,mobilefacenetfc512,112x112,rpi3,lne,CPU,F32,Avg MAE,4.4,0.5,6.2,25.0,4.2,168.8,0.1,173.0,5.8,15537.3,41.4,0.3,0.0,0.0,0.0,0.0,86.0,0.0,0.0,73.5,0.0,0.0,0.0,,,
headpose-estimation,headpose-rankpose,mobilefacenetfc512,112x112,rpi3,onnxruntime,CPU,F32,Avg MAE,4.4,0.5,6.2,25.0,4.0,488.1,0.1,492.2,2.0,5461.1,41.2,0.3,0.0,0.0,0.0,0.0,87.5,0.0,0.0,74.9,0.0,0.0,0.0,,,
headpose-estimation,headpose-rankpose,mobilefacenetfc512,192x224,rpi3,lne,CPU,F32,Avg MAE,4.63,1.6,6.3,25.2,7.3,558.9,0.1,566.3,1.8,4746.8,40.9,0.3,0.0,0.0,0.0,0.0,89.0,0.0,0.0,77.5,0.0,0.0,0.0,,,
headpose-estimation,headpose-rankpose,mobilefacenetfc512,192x224,rpi3,onnxruntime,CPU,F32,Avg MAE,4.63,1.6,6.3,25.2,7.1,1127.4,0.1,1134.6,0.9,2369.2,40.5,0.3,0.0,0.0,0.0,0.0,87.7,0.0,0.0,78.0,0.0,0.0,0.0,,,
headpose-estimation,headpose-rankpose,mobilefacenetfc512,224x224,rpi3,lne,CPU,F32,Avg MAE,4.43,1.9,6.3,25.3,8.5,764.5,0.1,773.1,1.3,3476.9,41.1,0.3,0.0,0.0,0.0,0.0,88.1,0.0,0.0,77.4,0.0,0.0,0.0,,,
headpose-estimation,headpose-rankpose,mobilefacenetfc512,224x224,rpi3,onnxruntime,CPU,F32,Avg MAE,4.43,1.9,6.3,25.3,8.2,1400.0,0.1,1408.2,0.7,1908.8,42.1,0.3,0.0,0.0,0.0,0.0,88.4,0.0,0.0,78.6,0.0,0.0,0.0,,,
headpose-estimation,headpose-rankpose,mobilefacenetfc512,96x112,rpi3,lne,CPU,F32,Avg MAE,4.63,0.4,6.2,25.0,3.9,146.4,0.1,150.4,6.6,17873.4,40.9,0.3,0.0,0.0,0.0,0.0,87.3,0.0,0.0,74.8,0.0,0.0,0.0,,,
headpose-estimation,headpose-rankpose,mobilefacenetfc512,96x112,rpi3,onnxruntime,CPU,F32,Avg MAE,4.63,0.4,6.2,25.0,3.6,437.1,0.1,440.8,2.3,6097.9,40.6,0.3,0.0,0.0,0.0,0.0,88.7,0.0,0.0,75.6,0.0,0.0,0.0,,,
headpose-estimation,headpose-rankpose,mobilefacenetfc512onlypose,96x112,rpi3,lne,CPU,F32,Avg MAE,4.34,0.4,3.0,12.1,3.6,165.4,0.0,169.1,5.9,15896.3,39.0,0.3,0.0,0.0,0.0,0.0,87.0,0.0,0.0,74.6,0.0,0.0,0.0,,,
headpose-estimation,headpose-rankpose,mobilefacenetfc512onlypose,96x112,rpi3,onnxruntime,CPU,F32,Avg MAE,4.34,0.4,3.0,12.1,3.7,388.3,0.1,392.0,2.6,6857.0,39.1,0.3,0.0,0.0,0.0,0.0,88.5,0.0,0.0,75.2,0.0,0.0,0.0,,,
headpose-estimation,headpose-rankpose,mobilefacenetonlyposefc512,112x112,rpi3,lne,CPU,F32,Avg MAE,4.38,0.5,3.0,12.1,4.1,196.7,0.0,200.9,5.0,13382.6,39.4,0.3,0.0,0.0,0.0,0.0,88.3,0.0,0.0,74.6,0.0,0.0,0.0,,,
headpose-estimation,headpose-rankpose,mobilefacenetonlyposefc512,112x112,rpi3,onnxruntime,CPU,F32,Avg MAE,4.38,0.5,3.0,12.1,4.2,435.9,0.1,440.1,2.3,6107.1,39.6,0.3,0.0,0.0,0.0,0.0,88.0,0.0,0.0,75.7,0.0,0.0,0.0,,,
headpose-estimation,headpose-rankpose,resnet50,224x224,rpi3,lne,CPU,F32,/,/,8.2,23.8,95.1,8.7,1553.6,0.1,1562.3,0.6,1720.6,73.3,0.6,0.0,0.0,0.0,0.0,90.4,0.0,0.0,80.5,0.0,0.0,0.0,,,
headpose-estimation,headpose-rankpose,resnet50,224x224,rpi3,onnxruntime,CPU,F32,/,/,8.2,23.8,95.1,8.4,3482.6,0.1,3491.2,0.3,769.9,49.8,0.4,0.0,0.0,0.0,0.0,88.8,0.0,0.0,80.4,0.0,0.0,0.0,,,
imagenet,imagenet-alexnet,benchmark,227x227,rpi3,lne,CPU,F32,Accuracy top-1,56.6,1.4,61.0,243.9,8.5,446.0,0.1,454.5,2.2,5914.0,68.8,0.5,0.0,0.0,0.0,0.0,87.3,0.0,0.0,73.7,0.0,0.0,0.0,,,
imagenet,imagenet-alexnet,benchmark,227x227,rpi3,onnxruntime,CPU,F32,Accuracy top-1,56.6,1.4,61.0,243.9,/,/,/,/,/,/,0.0,0.0,0.0,0.0,0.0,0.0,0.0,0.0,0.0,0.0,0.0,0.0,0.0,,,
imagenet,imagenet-efficientb0,default,224x224,rpi3,lne,CPU,F32,Accuracy top-1,77.1,0.8,5.3,21.1,8.1,717.0,0.1,725.2,1.4,3706.5,48.8,0.4,0.0,0.0,0.0,0.0,88.1,0.0,0.0,75.9,0.0,0.0,0.0,,,
imagenet,imagenet-efficientb0,default,224x224,rpi3,onnxruntime,CPU,F32,Accuracy top-1,77.1,0.8,5.3,21.1,8.1,1144.3,0.2,1152.6,0.9,2332.2,47.9,0.3,0.0,0.0,0.0,0.0,88.3,0.0,0.0,76.8,0.0,0.0,0.0,,,
imagenet,imagenet-googlenet,benchmark,224x224,rpi3,lne,CPU,F32,Accuracy top-1,66.5,3.2,7.0,28.0,8.2,702.4,0.1,710.7,1.4,3782.2,56.0,0.4,0.0,0.0,0.0,0.0,86.7,0.0,0.0,75.4,0.0,0.0,0.0,,,
imagenet,imagenet-googlenet,benchmark,224x224,rpi3,onnxruntime,CPU,F32,Accuracy top-1,66.5,3.2,7.0,28.0,/,/,/,/,/,/,0.0,0.0,0.0,0.0,0.0,0.0,0.0,0.0,0.0,0.0,0.0,0.0,0.0,,,
imagenet,imagenet-mobilenet,default,224x224,rpi3,lne,CPU,F32,Accuracy top-1,69.5,1.1,4.2,16.9,8.5,288.9,0.1,297.4,3.4,9037.8,42.2,0.3,0.0,0.0,0.0,0.0,87.9,0.0,0.0,75.4,0.0,0.0,0.0,,,
imagenet,imagenet-mobilenet,default,224x224,rpi3,onnxruntime,CPU,F32,Accuracy top-1,69.5,1.1,4.2,16.9,/,/,/,/,/,/,0.0,0.0,0.0,0.0,0.0,0.0,0.0,0.0,0.0,0.0,0.0,0.0,0.0,,,
imagenet,imagenet-mobilenet-v2,fp32,224x224,rpi3,lne,CPU,F32,Accuracy top-1,71.8,0.6,3.5,14.0,8.4,276.6,0.1,285.0,3.5,9432.1,41.2,0.3,0.0,0.0,0.0,0.0,85.3,0.0,0.0,75.0,0.0,0.0,0.0,,,
imagenet,imagenet-mobilenet-v2,fp32,224x224,rpi3,onnxruntime,CPU,F32,Accuracy top-1,71.8,0.6,3.5,14.0,8.1,587.9,0.1,596.0,1.7,4509.9,40.4,0.3,0.0,0.0,0.0,0.0,87.8,0.0,0.0,75.8,0.0,0.0,0.0,,,
imagenet,imagenet-mobilenetv3,large,223x224,rpi3,lne,CPU,F32,Accuracy top-1,75.2,0.4,5.5,21.9,8.6,178.4,0.1,187.1,5.3,14365.9,46.5,0.3,0.0,0.0,0.0,0.0,87.3,0.0,0.0,71.9,0.0,0.0,0.0,,,
imagenet,imagenet-mobilenetv3,large,223x224,rpi3,onnxruntime,CPU,F32,Accuracy top-1,75.2,0.4,5.5,21.9,8.2,602.1,0.2,610.5,1.6,4403.3,42.4,0.3,0.0,0.0,0.0,0.0,87.3,0.0,0.0,72.6,0.0,0.0,0.0,,,
imagenet,imagenet-mobilenetv3,small,223x224,rpi3,lne,CPU,F32,Accuracy top-1,67.4,0.1,2.9,11.8,8.4,59.1,0.1,67.7,14.8,39725.2,42.0,0.3,0.0,0.0,0.0,0.0,86.5,0.0,0.0,71.2,0.0,0.0,0.0,,,
imagenet,imagenet-mobilenetv3,small,223x224,rpi3,onnxruntime,CPU,F32,Accuracy top-1,67.4,0.1,2.9,11.8,8.1,234.8,0.1,242.9,4.1,11064.4,40.0,0.3,0.0,0.0,0.0,0.0,89.0,0.0,0.0,72.2,0.0,0.0,0.0,,,
imagenet,imagenet-resnet-resnet18,benchmark,224x224,rpi3,lne,CPU,F32,Accuracy top-1,69.6,3.7,11.7,46.8,7.9,502.9,0.1,510.8,2.0,5262.0,59.2,0.5,0.0,0.0,0.0,0.0,56.5,0.0,0.0,64.9,0.0,0.0,0.0,,,
imagenet,imagenet-resnet-resnet18,benchmark,224x224,rpi3,onnxruntime,CPU,F32,Accuracy top-1,69.6,3.7,11.7,46.8,/,/,/,/,/,/,0.0,0.0,0.0,0.0,0.0,0.0,0.0,0.0,0.0,0.0,0.0,0.0,0.0,,,
imagenet,imagenet-resnet-resnet32,caffe,224x224,rpi3,lne,CPU,F32,Accuracy top-1,73.3,4.6,20.7,82.9,7.9,854.4,0.1,862.4,1.2,3117.0,51.4,0.5,0.0,0.0,0.0,0.0,58.0,0.0,0.0,66.4,0.0,0.0,0.0,,,
imagenet,imagenet-resnet-resnet32,caffe,224x224,rpi3,onnxruntime,CPU,F32,Accuracy top-1,73.3,4.6,20.7,82.9,/,/,/,/,/,/,0.0,0.0,0.0,0.0,0.0,0.0,0.0,0.0,0.0,0.0,0.0,0.0,0.0,,,
imagenet,imagenet-resnet-resnet50,onnx,224x224,rpi3,lne,CPU,F32,Accuracy top-1,76.0,7.7,25.5,102.1,7.8,1289.2,0.1,1297.1,0.8,2072.3,74.7,0.7,0.0,0.0,0.0,0.0,58.3,0.0,0.0,64.7,0.0,0.0,0.0,,,
imagenet,imagenet-resnet-resnet50,onnx,224x224,rpi3,onnxruntime,CPU,F32,Accuracy top-1,76.0,7.7,25.5,102.1,7.8,3108.9,0.1,3116.8,0.3,862.4,64.0,0.6,0.0,0.0,0.0,0.0,57.3,0.0,0.0,64.6,0.0,0.0,0.0,,,
imagenet,imagenet-squeezenet,benchmark,227x227,rpi3,lne,CPU,F32,Accuracy top-1,58.2,0.8,1.2,4.9,8.6,165.9,0.1,174.6,5.7,15397.2,40.1,0.3,0.0,0.0,0.0,0.0,86.8,0.0,0.0,74.3,0.0,0.0,0.0,,,
imagenet,imagenet-squeezenet,benchmark,227x227,rpi3,onnxruntime,CPU,F32,Accuracy top-1,58.2,0.8,1.2,4.9,/,/,/,/,/,/,0.0,0.0,0.0,0.0,0.0,0.0,0.0,0.0,0.0,0.0,0.0,0.0,0.0,,,
3D-face-landmarks,face-landmarks-detection-3ddfa,default,120x120,jetson-xav-agx,lne,CPU,F32,/,/,0.4,3.3,13.0,1.1,18.3,0.3,19.6,51.0,530943.7,6.8,2.2,6.8,2.1,1.0,1.0,61.3,0.0,0.0,40.0,39.0,7.8,1.2,,,
3D-face-landmarks,face-landmarks-detection-3ddfa,default,120x120,jetson-xav-agx,onnxruntime,CPU,F32,/,/,0.4,3.3,13.0,1.0,61.2,0.5,62.7,15.9,166116.1,6.8,2.2,6.8,2.1,1.0,1.0,65.7,0.0,0.0,40.0,39.1,8.0,0.4,,,
3D-face-landmarks,face-landmarks-detection-3ddfa,default,120x120,jetson-xav-agx,lne,GPU/CPU,F32,/,/,0.4,3.3,13.0,4.6,68.3,0.3,73.2,13.7,142361.2,13.7,6.4,9.7,3.0,2.0,2.0,100.0,0.0,0.0,34.5,37.5,9.2,0.3,,,
3D-face-landmarks,face-landmarks-detection-3ddfa,default,120x120,jetson-xav-agx,tensorrt,NPU/GPU,S8,/,/,0.4,3.3,3.3,2.4,12.9,1.5,16.7,59.7,622229.3,16.3,7.1,9.7,3.0,2.0,2.0,100.0,0.0,0.0,35.5,37.5,9.2,1.2,,,
3D-face-landmarks,face-landmarks-detection-3ddfa,default,120x120,jetson-xav-agx,tensorrt,GPU,S8,/,/,0.4,3.3,3.3,2.1,7.6,2.2,11.8,84.7,882184.8,15.8,6.9,9.7,3.0,2.0,2.0,100.0,0.0,0.0,35.2,37.5,9.2,1.6,,,
3D-face-landmarks,face-landmarks-detection-3ddfa,default,120x120,jetson-xav-agx,tensorrt,NPU/GPU,F16,/,/,0.4,3.3,6.5,1.6,18.2,1.3,21.2,47.3,492487.9,14.6,6.5,9.7,3.0,2.0,2.0,100.0,0.0,1.0,35.0,37.5,9.2,0.9,,,
3D-face-landmarks,face-landmarks-detection-3ddfa,default,120x120,jetson-xav-agx,tensorrt,GPU,F16,/,/,0.4,3.3,6.5,2.6,6.9,2.8,12.3,81.6,849822.3,15.8,6.9,9.7,3.0,2.0,2.0,100.0,0.0,0.0,35.0,37.5,9.2,1.6,,,
3D-face-landmarks,face-landmarks-detection-3ddfa,default,120x120,jetson-xav-agx,tensorrt,GPU,F32,/,/,0.4,3.3,13.0,1.9,8.4,2.2,12.5,80.2,835709.6,15.8,6.9,9.7,3.0,2.0,2.0,100.0,0.0,0.0,35.0,37.5,9.2,1.6,,,
3D-face-landmarks,face-landmarks-detection-3ddfa,default,120x120,jetson-xav-agx,ncnn,GPU,F16,/,/,0.4,3.3,6.5,2.4,8.5,0.6,11.5,87.1,907645.6,10.3,5.2,9.7,3.0,2.0,2.0,100.0,0.0,0.0,35.0,37.5,9.2,1.7,,,
3D-face-landmarks,face-landmarks-detection-3ddfa,default,120x120,jetson-xav-agx,ncnn,GPU,F32,/,/,0.4,3.3,13.0,2.5,7.7,1.0,11.2,89.3,930342.6,10.3,5.2,9.7,3.0,2.0,2.0,100.0,0.0,0.0,35.0,37.5,9.2,1.7,,,
3D-face-landmarks,face-landmarks-detection-3ddfa,default,120x120,jetson-xav-agx,onnxruntime,CPU,F32,/,/,0.4,3.3,13.0,2.0,104.6,1.2,107.9,9.3,96595.2,9.7,5.0,9.7,3.0,2.0,2.0,100.0,0.0,0.0,34.8,37.5,9.2,0.2,,,
bodypose-estimation,body-pose-openpifpaf,regnety400mf-59p,128x96,jetson-xav-agx,lne,CPU,F32,/,/,0.2,4.7,19.0,1.7,18.6,6.3,26.5,37.7,392837.8,3.9,0.8,3.8,1.2,1.3,2.0,61.4,0.0,0.0,42.8,42.3,7.7,0.5,,,
bodypose-estimation,body-pose-openpifpaf,regnety400mf-59p,128x96,jetson-xav-agx,onnxruntime,CPU,F32,/,/,0.2,4.7,19.0,1.7,44.4,4.0,50.2,19.9,207700.8,3.8,0.8,3.8,1.2,1.0,1.0,64.4,0.0,0.0,43.0,42.1,7.9,0.3,,,
bodypose-estimation,body-pose-openpifpaf,regnety400mf-59p,128x96,jetson-xav-agx,lne,GPU/CPU,F32,/,/,0.2,4.7,19.0,/,/,/,/,/,/,0.0,0.0,0.0,0.0,0.0,0.0,0.0,0.0,0.0,0.0,0.0,0.0,0.0,,,
bodypose-estimation,body-pose-openpifpaf,regnety400mf-59p,128x96,jetson-xav-agx,tensorrt,NPU/GPU,F16,/,/,0.2,4.7,9.5,1.7,12.9,2.4,17.0,58.7,611960.1,10.8,6.7,3.8,1.2,1.0,1.0,63.2,0.0,1.0,50.0,49.0,6.7,1.0,,,
bodypose-estimation,body-pose-openpifpaf,regnety400mf-59p,128x96,jetson-xav-agx,tensorrt,GPU,F16,/,/,0.2,4.7,9.5,1.6,3.5,2.5,7.6,131.2,1366869.0,10.5,6.7,9.6,3.3,1.9,2.0,61.2,5.0,0.0,49.8,49.0,7.9,1.8,,,
bodypose-estimation,body-pose-openpifpaf,regnety400mf-59p,128x96,jetson-xav-agx,tensorrt,GPU,F32,/,/,0.2,4.7,19.0,1.6,7.0,2.4,11.0,91.1,949289.2,10.5,6.7,9.8,3.3,2.2,3.0,61.1,11.1,0.0,49.6,48.8,7.9,1.3,,,
bodypose-estimation,body-pose-openpifpaf,regnety400mf-59p,128x96,jetson-xav-agx,onnxruntime,CPU,F32,/,/,0.2,4.7,19.0,1.7,46.2,4.1,52.0,19.2,200489.9,4.3,4.7,4.3,1.4,1.0,1.0,64.9,0.0,0.0,49.5,48.6,8.2,0.3,,,
bodypose-estimation,body-pose-openpifpaf,regnety400mf-59p,192x144,jetson-xav-agx,lne,CPU,F32,/,/,0.5,4.7,19.0,3.8,35.2,12.3,51.3,19.5,202990.8,3.9,0.8,3.9,1.2,2.0,2.0,63.5,0.0,0.0,43.0,42.2,7.9,0.6,,,
bodypose-estimation,body-pose-openpifpaf,regnety400mf-59p,192x144,jetson-xav-agx,onnxruntime,CPU,F32,/,/,0.5,4.7,19.0,3.9,87.6,21.6,113.1,8.8,92149.9,3.8,0.8,3.8,1.2,1.3,2.0,65.7,0.0,0.0,43.1,42.3,8.0,0.3,,,
bodypose-estimation,body-pose-openpifpaf,regnety400mf-59p,192x144,jetson-xav-agx,lne,GPU/CPU,F32,/,/,0.5,4.7,19.0,/,/,/,/,/,/,0.0,0.0,0.0,0.0,0.0,0.0,0.0,0.0,0.0,0.0,0.0,0.0,0.0,,,
bodypose-estimation,body-pose-openpifpaf,regnety400mf-59p,192x144,jetson-xav-agx,tensorrt,NPU/GPU,F16,/,/,0.5,4.7,9.5,3.4,14.8,7.2,25.4,39.4,410666.0,10.8,6.7,3.8,1.2,1.0,1.0,63.0,0.0,3.0,50.0,49.0,7.5,1.3,,,
bodypose-estimation,body-pose-openpifpaf,regnety400mf-59p,192x144,jetson-xav-agx,tensorrt,GPU,F16,/,/,0.5,4.7,9.5,3.6,3.9,7.1,14.6,68.5,714219.1,10.6,6.7,9.9,3.3,3.1,4.0,61.6,4.8,0.0,49.8,48.8,8.1,2.2,,,
bodypose-estimation,body-pose-openpifpaf,regnety400mf-59p,192x144,jetson-xav-agx,tensorrt,GPU,F32,/,/,0.5,4.7,19.0,3.6,7.5,7.0,18.1,55.2,575388.0,10.6,6.7,10.0,3.3,3.5,4.0,61.3,13.4,0.0,49.4,48.5,8.2,1.7,,,
bodypose-estimation,body-pose-openpifpaf,regnety400mf-59p,192x144,jetson-xav-agx,onnxruntime,CPU,F32,/,/,0.5,4.7,19.0,3.6,89.4,20.4,113.4,8.8,91899.1,4.3,4.7,4.3,1.3,1.3,2.0,66.3,0.0,0.0,49.2,48.3,8.4,0.3,,,
bodypose-estimation,body-pose-openpifpaf,regnety400mf-59p,256x192,jetson-xav-agx,lne,CPU,F32,/,/,0.9,4.7,19.0,5.4,59.6,16.5,81.5,12.3,127873.8,3.9,0.9,3.9,1.2,2.6,3.0,65.6,0.0,0.0,43.0,42.3,8.1,0.7,,,
bodypose-estimation,body-pose-openpifpaf,regnety400mf-59p,256x192,jetson-xav-agx,onnxruntime,CPU,F32,/,/,0.9,4.7,19.0,5.1,129.1,26.7,160.9,6.2,64735.9,3.8,0.8,3.8,1.2,1.9,2.0,67.1,0.0,0.0,43.2,42.5,8.1,0.3,,,
bodypose-estimation,body-pose-openpifpaf,regnety400mf-59p,256x192,jetson-xav-agx,lne,GPU/CPU,F32,/,/,0.9,4.7,19.0,/,/,/,/,/,/,0.0,0.0,0.0,0.0,0.0,0.0,0.0,0.0,0.0,0.0,0.0,0.0,0.0,,,
bodypose-estimation,body-pose-openpifpaf,regnety400mf-59p,256x192,jetson-xav-agx,tensorrt,NPU/GPU,F16,/,/,0.9,4.7,9.5,4.1,19.0,11.4,34.5,29.0,302273.4,10.9,6.8,3.8,1.2,1.0,1.0,62.6,0.0,0.0,49.9,48.5,7.0,1.8,,,
bodypose-estimation,body-pose-openpifpaf,regnety400mf-59p,256x192,jetson-xav-agx,tensorrt,GPU,F16,/,/,0.9,4.7,9.5,4.2,4.4,11.4,20.0,49.9,519836.3,10.6,6.7,10.0,3.3,4.4,5.0,62.1,3.1,0.0,49.4,48.5,8.2,2.7,,,
bodypose-estimation,body-pose-openpifpaf,regnety400mf-59p,256x192,jetson-xav-agx,tensorrt,GPU,F32,/,/,0.9,4.7,19.0,4.2,8.7,11.3,24.1,41.5,431920.8,10.7,6.7,10.1,3.3,5.0,6.0,63.2,10.1,0.0,49.3,48.4,8.5,2.1,,,
bodypose-estimation,body-pose-openpifpaf,regnety400mf-59p,256x192,jetson-xav-agx,onnxruntime,CPU,F32,/,/,0.9,4.7,19.0,4.8,134.3,25.6,164.7,6.1,63258.5,4.3,4.7,4.3,1.4,1.8,2.0,67.6,0.0,0.0,49.2,48.1,8.4,0.3,,,
bodypose-estimation,body-pose-openpifpaf,regnety400mf-86p,128x96,jetson-xav-agx,lne,CPU,F32,/,/,0.2,4.7,19.0,1.6,18.5,8.9,29.0,34.4,358676.9,3.9,0.8,3.9,1.2,1.6,2.0,61.6,0.0,0.0,42.8,42.1,7.7,0.5,,,
bodypose-estimation,body-pose-openpifpaf,regnety400mf-86p,128x96,jetson-xav-agx,onnxruntime,CPU,F32,/,/,0.2,4.7,19.0,1.6,43.2,6.5,51.4,19.5,202740.8,3.8,0.8,3.8,1.2,1.0,1.0,64.2,0.0,0.0,42.9,42.1,7.8,0.3,,,
bodypose-estimation,body-pose-openpifpaf,regnety400mf-86p,128x96,jetson-xav-agx,lne,GPU/CPU,F32,/,/,0.2,4.7,19.0,/,/,/,/,/,/,0.0,0.0,0.0,0.0,0.0,0.0,0.0,0.0,0.0,0.0,0.0,0.0,0.0,,,
bodypose-estimation,body-pose-openpifpaf,regnety400mf-86p,128x96,jetson-xav-agx,tensorrt,NPU/GPU,F16,/,/,0.2,4.7,9.5,1.7,12.2,3.3,17.2,58.1,605607.2,10.8,6.7,3.9,1.2,1.0,1.0,64.2,0.0,1.0,49.8,48.0,6.7,1.0,,,
bodypose-estimation,body-pose-openpifpaf,regnety400mf-86p,128x96,jetson-xav-agx,tensorrt,GPU,F16,/,/,0.2,4.7,9.5,1.6,3.5,3.2,8.2,121.3,1264294.5,10.6,6.7,9.8,3.3,1.9,2.0,61.3,3.9,0.0,49.3,48.3,7.8,1.7,,,
bodypose-estimation,body-pose-openpifpaf,regnety400mf-86p,128x96,jetson-xav-agx,tensorrt,GPU,F32,/,/,0.2,4.7,19.0,1.7,7.1,3.1,11.9,84.0,875123.4,10.6,6.7,9.8,3.3,2.6,3.0,60.3,8.0,0.0,48.9,47.9,7.9,1.2,,,
bodypose-estimation,body-pose-openpifpaf,regnety400mf-86p,128x96,jetson-xav-agx,onnxruntime,CPU,F32,/,/,0.2,4.7,19.0,1.6,46.6,4.7,53.0,18.9,196751.0,4.3,4.7,4.3,1.4,1.0,1.0,65.0,0.0,0.0,48.8,47.5,8.2,0.3,,,
bodypose-estimation,body-pose-openpifpaf,regnety400mf-86p,192x144,jetson-xav-agx,lne,CPU,F32,/,/,0.5,4.7,19.0,3.6,35.3,17.4,56.3,17.8,185151.7,3.9,0.8,3.9,1.2,2.0,2.0,63.7,0.0,0.0,42.8,42.1,7.9,0.6,,,
bodypose-estimation,body-pose-openpifpaf,regnety400mf-86p,192x144,jetson-xav-agx,onnxruntime,CPU,F32,/,/,0.5,4.7,19.0,4.0,86.5,29.7,120.2,8.3,86662.3,3.9,0.8,3.9,1.2,1.8,2.0,66.4,0.0,0.0,43.1,42.1,8.0,0.3,,,
bodypose-estimation,body-pose-openpifpaf,regnety400mf-86p,192x144,jetson-xav-agx,lne,GPU/CPU,F32,/,/,0.5,4.7,19.0,/,/,/,/,/,/,0.0,0.0,0.0,0.0,0.0,0.0,0.0,0.0,0.0,0.0,0.0,0.0,0.0,,,
bodypose-estimation,body-pose-openpifpaf,regnety400mf-86p,192x144,jetson-xav-agx,tensorrt,NPU/GPU,F16,/,/,0.5,4.7,9.5,3.4,14.9,11.4,29.6,33.7,351638.0,10.9,6.7,3.9,1.2,1.0,1.0,63.9,0.0,0.0,49.7,48.0,7.5,1.1,,,
bodypose-estimation,body-pose-openpifpaf,regnety400mf-86p,192x144,jetson-xav-agx,tensorrt,GPU,F16,/,/,0.5,4.7,9.5,3.3,3.9,11.1,18.3,54.5,567832.2,10.7,6.7,10.0,3.3,3.5,4.0,61.8,4.6,0.0,49.2,48.3,8.1,1.7,,,
bodypose-estimation,body-pose-openpifpaf,regnety400mf-86p,192x144,jetson-xav-agx,tensorrt,GPU,F32,/,/,0.5,4.7,19.0,3.4,7.6,11.1,22.0,45.4,472771.5,10.6,6.7,10.0,3.3,4.1,5.0,61.6,9.3,0.0,49.1,48.0,8.3,1.4,,,
bodypose-estimation,body-pose-openpifpaf,regnety400mf-86p,192x144,jetson-xav-agx,onnxruntime,CPU,F32,/,/,0.5,4.7,19.0,3.5,89.4,28.3,121.2,8.3,85980.4,4.4,4.7,4.4,1.4,1.9,2.0,67.1,0.0,0.0,48.9,47.7,8.3,0.3,,,
bodypose-estimation,body-pose-openpifpaf,regnety400mf-86p,256x192,jetson-xav-agx,lne,CPU,F32,/,/,0.9,4.7,19.0,5.0,60.1,22.5,87.7,11.4,118858.6,3.9,0.9,3.9,1.3,2.9,3.0,65.3,0.0,0.0,42.9,42.1,8.2,0.6,,,
bodypose-estimation,body-pose-openpifpaf,regnety400mf-86p,256x192,jetson-xav-agx,onnxruntime,CPU,F32,/,/,0.9,4.7,19.0,5.1,128.9,40.5,174.5,5.7,59700.0,3.9,0.8,3.8,1.2,2.0,2.0,67.3,0.0,0.0,43.3,42.3,8.1,0.3,,,
bodypose-estimation,body-pose-openpifpaf,regnety400mf-86p,256x192,jetson-xav-agx,lne,GPU/CPU,F32,/,/,0.9,4.7,19.0,/,/,/,/,/,/,0.0,0.0,0.0,0.0,0.0,0.0,0.0,0.0,0.0,0.0,0.0,0.0,0.0,,,
bodypose-estimation,body-pose-openpifpaf,regnety400mf-86p,256x192,jetson-xav-agx,tensorrt,NPU/GPU,F16,/,/,0.9,4.7,9.5,4.2,18.9,18.4,41.5,24.1,250924.9,10.9,6.8,3.9,1.2,1.0,1.0,63.4,0.0,0.0,49.7,48.0,6.5,1.6,,,
bodypose-estimation,body-pose-openpifpaf,regnety400mf-86p,256x192,jetson-xav-agx,tensorrt,GPU,F16,/,/,0.9,4.7,9.5,4.2,4.5,18.9,27.6,36.3,377857.7,10.7,6.7,10.2,3.3,4.8,6.0,64.1,6.1,0.0,49.4,48.3,8.3,1.9,,,
bodypose-estimation,body-pose-openpifpaf,regnety400mf-86p,256x192,jetson-xav-agx,tensorrt,GPU,F32,/,/,0.9,4.7,19.0,4.1,8.6,18.6,31.3,31.9,332449.9,10.8,6.7,10.2,3.4,5.5,6.0,62.7,11.9,0.0,49.0,48.1,8.4,1.7,,,
bodypose-estimation,body-pose-openpifpaf,regnety400mf-86p,256x192,jetson-xav-agx,onnxruntime,CPU,F32,/,/,0.9,4.7,19.0,4.7,133.4,38.6,176.7,5.7,58970.9,4.4,4.8,4.4,1.4,2.0,2.0,67.6,0.0,0.0,48.8,47.6,8.4,0.3,,,
bodypose-estimation,body-pose-openpifpaf,regnety400mf-hands,128x96,jetson-xav-agx,lne,CPU,F32,/,/,0.2,4.7,19.0,1.7,18.7,1.4,21.8,45.9,477764.8,3.9,0.8,3.8,1.2,1.4,2.0,61.3,0.0,0.0,43.0,42.4,7.8,0.6,,,
bodypose-estimation,body-pose-openpifpaf,regnety400mf-hands,128x96,jetson-xav-agx,onnxruntime,CPU,F32,/,/,0.2,4.7,19.0,1.7,44.8,2.7,49.1,20.4,212212.6,3.9,0.8,3.8,1.2,1.0,1.0,65.3,0.0,0.0,43.1,42.5,7.9,0.3,,,
bodypose-estimation,body-pose-openpifpaf,regnety400mf-hands,128x96,jetson-xav-agx,lne,GPU/CPU,F32,/,/,0.2,4.7,19.0,/,/,/,/,/,/,0.0,0.0,0.0,0.0,0.0,0.0,0.0,0.0,0.0,0.0,0.0,0.0,0.0,,,
bodypose-estimation,body-pose-openpifpaf,regnety400mf-hands,128x96,jetson-xav-agx,tensorrt,NPU/GPU,F16,/,/,0.2,4.7,9.5,1.7,12.2,2.0,15.8,63.2,658341.6,10.7,6.7,3.7,1.2,1.0,1.0,63.9,0.0,1.0,50.0,48.5,6.7,1.0,,,
bodypose-estimation,body-pose-openpifpaf,regnety400mf-hands,128x96,jetson-xav-agx,tensorrt,GPU,F16,/,/,0.2,4.7,9.5,1.8,3.4,1.8,6.9,144.8,1508945.9,10.4,6.6,9.6,3.3,1.9,2.0,60.8,4.2,0.0,49.4,48.5,7.8,2.0,,,
bodypose-estimation,body-pose-openpifpaf,regnety400mf-hands,128x96,jetson-xav-agx,tensorrt,GPU,F32,/,/,0.2,4.7,19.0,1.7,7.1,1.9,10.6,94.0,978903.6,10.4,6.7,9.7,3.3,2.0,3.0,59.6,11.7,0.0,49.2,48.2,8.0,1.3,,,
bodypose-estimation,body-pose-openpifpaf,regnety400mf-hands,128x96,jetson-xav-agx,onnxruntime,CPU,F32,/,/,0.2,4.7,19.0,1.6,45.4,3.5,50.6,19.8,206018.5,4.1,4.7,4.1,1.3,1.0,1.0,65.5,0.0,0.0,49.0,48.1,8.1,0.3,,,
bodypose-estimation,body-pose-openpifpaf,regnety400mf-hands,192x144,jetson-xav-agx,lne,CPU,F32,/,/,0.5,4.7,19.0,4.0,35.4,12.7,52.1,19.2,199921.2,3.9,0.8,3.9,1.2,2.0,2.0,64.0,0.0,0.0,43.2,42.4,7.9,0.6,,,
bodypose-estimation,body-pose-openpifpaf,regnety400mf-hands,192x144,jetson-xav-agx,onnxruntime,CPU,F32,/,/,0.5,4.7,19.0,3.8,85.9,19.7,109.4,9.1,95242.5,3.9,0.8,3.9,1.2,1.0,1.0,65.7,0.0,0.0,43.3,42.4,8.0,0.3,,,
bodypose-estimation,body-pose-openpifpaf,regnety400mf-hands,192x144,jetson-xav-agx,lne,GPU/CPU,F32,/,/,0.5,4.7,19.0,/,/,/,/,/,/,0.0,0.0,0.0,0.0,0.0,0.0,0.0,0.0,0.0,0.0,0.0,0.0,0.0,,,
bodypose-estimation,body-pose-openpifpaf,regnety400mf-hands,192x144,jetson-xav-agx,tensorrt,NPU/GPU,F16,/,/,0.5,4.7,9.5,3.8,14.6,4.7,23.1,43.2,450375.3,10.6,6.7,3.8,1.2,1.0,1.0,63.7,0.0,3.0,50.2,49.0,7.1,1.6,,,
bodypose-estimation,body-pose-openpifpaf,regnety400mf-hands,192x144,jetson-xav-agx,tensorrt,GPU,F16,/,/,0.5,4.7,9.5,4.0,3.8,4.7,12.5,80.0,833026.2,10.5,6.7,9.7,3.3,2.8,3.0,60.8,6.0,0.0,49.7,48.9,8.1,2.5,,,
bodypose-estimation,body-pose-openpifpaf,regnety400mf-hands,192x144,jetson-xav-agx,tensorrt,GPU,F32,/,/,0.5,4.7,19.0,3.9,7.4,4.6,15.9,62.7,653774.8,10.5,6.7,9.8,3.3,3.4,4.0,59.1,10.5,0.0,49.3,48.4,8.2,2.0,,,
bodypose-estimation,body-pose-openpifpaf,regnety400mf-hands,192x144,jetson-xav-agx,onnxruntime,CPU,F32,/,/,0.5,4.7,19.0,3.9,89.8,18.9,112.7,8.9,92452.5,4.2,4.7,4.2,1.3,1.0,1.0,66.3,0.0,0.0,49.1,47.9,8.2,0.3,,,
bodypose-estimation,body-pose-openpifpaf,regnety400mf-hands,256x192,jetson-xav-agx,lne,CPU,F32,/,/,0.9,4.7,19.0,5.3,60.2,15.4,80.9,12.4,128742.1,3.9,0.9,3.9,1.2,2.1,3.0,65.1,0.0,0.0,43.2,42.3,8.1,0.7,,,
bodypose-estimation,body-pose-openpifpaf,regnety400mf-hands,256x192,jetson-xav-agx,onnxruntime,CPU,F32,/,/,0.9,4.7,19.0,5.0,128.6,22.1,155.7,6.4,66900.2,3.9,0.8,3.9,1.2,1.5,2.0,66.9,0.0,0.0,43.3,42.5,8.1,0.3,,,
bodypose-estimation,body-pose-openpifpaf,regnety400mf-hands,256x192,jetson-xav-agx,lne,GPU/CPU,F32,/,/,0.9,4.7,19.0,/,/,/,/,/,/,0.0,0.0,0.0,0.0,0.0,0.0,0.0,0.0,0.0,0.0,0.0,0.0,0.0,,,
bodypose-estimation,body-pose-openpifpaf,regnety400mf-hands,256x192,jetson-xav-agx,tensorrt,NPU/GPU,F16,/,/,0.9,4.7,9.5,4.3,18.8,7.6,30.8,32.5,338823.5,10.7,6.7,3.8,1.2,1.0,1.0,62.5,0.0,1.0,50.3,49.0,7.2,2.0,,,
bodypose-estimation,body-pose-openpifpaf,regnety400mf-hands,256x192,jetson-xav-agx,tensorrt,GPU,F16,/,/,0.9,4.7,9.5,5.1,4.5,7.4,16.9,59.0,615078.9,10.5,6.7,9.9,3.3,3.7,4.0,61.1,10.7,0.0,50.0,49.3,8.1,3.2,,,
bodypose-estimation,body-pose-openpifpaf,regnety400mf-hands,256x192,jetson-xav-agx,tensorrt,GPU,F32,/,/,0.9,4.7,19.0,5.0,8.8,7.5,21.3,47.0,489578.5,10.6,6.7,10.0,3.3,4.5,5.0,60.9,17.1,0.0,49.7,48.9,8.4,2.4,,,
bodypose-estimation,body-pose-openpifpaf,regnety400mf-hands,256x192,jetson-xav-agx,onnxruntime,CPU,F32,/,/,0.9,4.7,19.0,5.2,134.2,21.6,161.1,6.2,64689.3,4.3,4.8,4.3,1.4,1.5,2.0,67.5,0.0,0.0,49.5,48.6,8.4,0.3,,,
bodypose-estimation,body-pose-openpifpaf,regnety400mf-wholebody,128x96,jetson-xav-agx,lne,CPU,F32,/,/,0.2,4.7,19.0,1.7,18.8,10.5,30.9,32.4,337057.4,3.9,0.8,3.9,1.2,1.9,2.0,61.8,0.0,0.0,42.9,42.0,7.7,0.5,,,
bodypose-estimation,body-pose-openpifpaf,regnety400mf-wholebody,128x96,jetson-xav-agx,onnxruntime,CPU,F32,/,/,0.2,4.7,19.0,1.8,44.2,21.9,67.9,14.7,153511.3,3.9,0.8,3.9,1.2,1.2,2.0,65.3,0.0,0.0,43.0,42.2,7.9,0.2,,,
bodypose-estimation,body-pose-openpifpaf,regnety400mf-wholebody,128x96,jetson-xav-agx,lne,GPU/CPU,F32,/,/,0.2,4.7,19.0,/,/,/,/,/,/,0.0,0.0,0.0,0.0,0.0,0.0,0.0,0.0,0.0,0.0,0.0,0.0,0.0,,,
bodypose-estimation,body-pose-openpifpaf,regnety400mf-wholebody,128x96,jetson-xav-agx,tensorrt,NPU/GPU,F16,/,/,0.2,4.7,9.5,1.6,12.5,5.5,19.6,51.0,531774.3,10.8,6.7,3.9,1.2,1.0,1.0,64.1,0.0,2.0,49.5,48.0,6.9,0.8,,,
bodypose-estimation,body-pose-openpifpaf,regnety400mf-wholebody,128x96,jetson-xav-agx,tensorrt,GPU,F16,/,/,0.2,4.7,9.5,1.8,3.4,5.4,10.6,94.1,980586.8,10.6,6.7,9.9,3.3,2.1,3.0,59.8,3.0,0.0,49.2,47.9,7.9,1.3,,,
bodypose-estimation,body-pose-openpifpaf,regnety400mf-wholebody,128x96,jetson-xav-agx,tensorrt,GPU,F32,/,/,0.2,4.7,19.0,1.6,7.2,5.4,14.2,70.5,734597.4,10.7,6.7,10.0,3.3,2.8,3.0,60.7,10.4,0.0,48.6,47.8,8.0,1.0,,,
bodypose-estimation,body-pose-openpifpaf,regnety400mf-wholebody,128x96,jetson-xav-agx,onnxruntime,CPU,F32,/,/,0.2,4.7,19.0,1.7,46.2,20.7,68.6,14.6,151869.2,4.4,4.7,4.4,1.4,1.4,2.0,65.7,0.0,0.0,48.6,47.4,8.1,0.2,,,
bodypose-estimation,body-pose-openpifpaf,regnety400mf-wholebody,192x144,jetson-xav-agx,lne,CPU,F32,/,/,0.5,4.7,19.0,3.7,35.5,24.0,63.2,15.8,164964.2,3.9,0.9,3.9,1.3,2.8,3.0,64.9,0.0,0.0,43.0,42.2,8.0,0.5,,,
bodypose-estimation,body-pose-openpifpaf,regnety400mf-wholebody,192x144,jetson-xav-agx,onnxruntime,CPU,F32,/,/,0.5,4.7,19.0,3.8,85.6,51.1,140.5,7.1,74165.1,3.9,0.8,3.9,1.2,2.0,2.0,66.5,0.0,0.0,43.3,42.2,8.0,0.2,,,
bodypose-estimation,body-pose-openpifpaf,regnety400mf-wholebody,192x144,jetson-xav-agx,lne,GPU/CPU,F32,/,/,0.5,4.7,19.0,/,/,/,/,/,/,0.0,0.0,0.0,0.0,0.0,0.0,0.0,0.0,0.0,0.0,0.0,0.0,0.0,,,
bodypose-estimation,body-pose-openpifpaf,regnety400mf-wholebody,192x144,jetson-xav-agx,tensorrt,NPU/GPU,F16,/,/,0.5,4.7,9.5,3.4,15.2,21.9,40.5,24.7,256972.6,10.9,6.8,3.9,1.2,1.0,1.0,65.4,0.0,2.0,49.5,48.5,7.2,0.9,,,
bodypose-estimation,body-pose-openpifpaf,regnety400mf-wholebody,192x144,jetson-xav-agx,tensorrt,GPU,F16,/,/,0.5,4.7,9.5,3.4,3.9,22.0,29.3,34.1,355239.2,10.7,6.7,10.2,3.3,4.1,5.0,63.8,4.2,0.0,49.2,48.2,8.2,1.1,,,
bodypose-estimation,body-pose-openpifpaf,regnety400mf-wholebody,192x144,jetson-xav-agx,tensorrt,GPU,F32,/,/,0.5,4.7,19.0,3.2,7.7,22.2,33.1,30.2,314808.3,10.8,6.7,10.3,3.4,4.5,5.0,63.4,13.6,0.0,48.9,47.5,8.5,0.9,,,
bodypose-estimation,body-pose-openpifpaf,regnety400mf-wholebody,192x144,jetson-xav-agx,onnxruntime,CPU,F32,/,/,0.5,4.7,19.0,3.5,89.4,45.3,138.2,7.2,75407.3,4.4,4.8,4.4,1.4,2.0,2.0,67.0,0.0,0.0,48.6,47.4,8.4,0.2,,,
bodypose-estimation,body-pose-openpifpaf,regnety400mf-wholebody,256x192,jetson-xav-agx,lne,CPU,F32,/,/,0.9,4.7,19.0,5.2,59.8,32.3,97.2,10.3,107142.0,4.1,0.9,4.1,1.3,3.2,4.0,65.6,0.0,0.0,43.2,42.1,8.2,0.5,,,
bodypose-estimation,body-pose-openpifpaf,regnety400mf-wholebody,256x192,jetson-xav-agx,onnxruntime,CPU,F32,/,/,0.9,4.7,19.0,5.2,126.0,71.5,202.7,4.9,51402.8,4.0,0.9,4.0,1.3,2.0,2.0,67.8,0.0,0.0,43.4,42.3,8.1,0.3,,,
bodypose-estimation,body-pose-openpifpaf,regnety400mf-wholebody,256x192,jetson-xav-agx,lne,GPU/CPU,F32,/,/,0.9,4.7,19.0,/,/,/,/,/,/,0.0,0.0,0.0,0.0,0.0,0.0,0.0,0.0,0.0,0.0,0.0,0.0,0.0,,,
bodypose-estimation,body-pose-openpifpaf,regnety400mf-wholebody,256x192,jetson-xav-agx,tensorrt,NPU/GPU,F16,/,/,0.9,4.7,9.5,5.5,19.0,52.0,76.6,13.1,136061.7,10.9,6.8,4.0,1.2,1.0,1.0,66.3,0.0,2.0,49.6,48.0,7.4,0.8,,,
bodypose-estimation,body-pose-openpifpaf,regnety400mf-wholebody,256x192,jetson-xav-agx,tensorrt,GPU,F16,/,/,0.9,4.7,9.5,4.6,4.4,51.1,60.1,16.6,173234.9,10.7,6.7,10.3,3.4,4.6,5.0,66.4,3.3,0.0,49.4,48.1,8.4,0.9,,,
bodypose-estimation,body-pose-openpifpaf,regnety400mf-wholebody,256x192,jetson-xav-agx,tensorrt,GPU,F32,/,/,0.9,4.7,19.0,4.7,8.8,50.9,64.4,15.5,161894.7,10.8,6.7,10.4,3.4,5.4,6.0,66.6,0.0,0.0,49.0,47.8,8.6,0.8,,,
bodypose-estimation,body-pose-openpifpaf,regnety400mf-wholebody,256x192,jetson-xav-agx,onnxruntime,CPU,F32,/,/,0.9,4.7,19.0,4.9,133.7,61.2,199.8,5.0,52155.4,4.6,4.8,4.5,1.5,2.1,3.0,68.1,0.0,0.0,48.8,47.6,8.5,0.3,,,
bodypose-estimation,body-pose-openpifpaf,regnety800mf-59p,128x96,jetson-xav-agx,lne,CPU,F32,/,/,0.4,7.2,28.6,1.6,29.3,1.9,32.8,30.4,317225.8,3.8,0.8,3.8,1.2,1.8,2.0,62.2,0.0,0.0,41.5,40.9,7.8,0.9,,,
bodypose-estimation,body-pose-openpifpaf,regnety800mf-59p,128x96,jetson-xav-agx,onnxruntime,CPU,F32,/,/,0.4,7.2,28.6,1.6,72.1,5.2,78.9,12.7,131979.0,3.7,0.8,3.7,1.2,1.0,1.0,65.8,0.0,0.0,41.8,41.0,8.0,0.4,,,
bodypose-estimation,body-pose-openpifpaf,regnety800mf-59p,128x96,jetson-xav-agx,lne,GPU/CPU,F32,/,/,0.4,7.2,28.6,/,/,/,/,/,/,0.0,0.0,0.0,0.0,0.0,0.0,0.0,0.0,0.0,0.0,0.0,0.0,0.0,,,
bodypose-estimation,body-pose-openpifpaf,regnety800mf-59p,128x96,jetson-xav-agx,tensorrt,NPU/GPU,F16,/,/,0.4,7.2,14.3,1.7,14.1,2.8,18.5,53.9,562031.1,10.5,6.7,3.5,1.1,1.0,1.0,63.0,0.0,0.0,48.5,47.5,7.5,1.6,,,
bodypose-estimation,body-pose-openpifpaf,regnety800mf-59p,128x96,jetson-xav-agx,tensorrt,GPU,F16,/,/,0.4,7.2,14.3,1.6,3.4,2.8,7.9,126.7,1319859.8,10.3,6.7,9.5,3.2,1.9,2.0,60.2,4.8,0.0,48.3,47.4,7.8,3.6,,,
bodypose-estimation,body-pose-openpifpaf,regnety800mf-59p,128x96,jetson-xav-agx,tensorrt,GPU,F32,/,/,0.4,7.2,28.6,1.7,7.8,2.7,12.2,81.9,853616.9,10.3,6.7,9.5,3.2,2.8,3.0,60.0,11.2,0.0,47.9,47.1,8.1,2.3,,,
bodypose-estimation,body-pose-openpifpaf,regnety800mf-59p,128x96,jetson-xav-agx,onnxruntime,CPU,F32,/,/,0.4,7.2,28.6,1.6,75.3,4.1,81.1,12.3,128485.4,4.1,4.7,4.1,1.3,1.0,1.0,65.9,0.0,0.0,47.7,46.7,8.1,0.3,,,
bodypose-estimation,body-pose-openpifpaf,regnety800mf-59p,192x144,jetson-xav-agx,lne,CPU,F32,/,/,1.0,7.2,28.6,3.8,59.2,11.5,74.5,13.4,139816.8,3.8,0.9,3.8,1.2,2.0,2.0,64.6,0.0,0.0,41.9,41.0,8.0,0.9,,,
bodypose-estimation,body-pose-openpifpaf,regnety800mf-59p,192x144,jetson-xav-agx,onnxruntime,CPU,F32,/,/,1.0,7.2,28.6,3.5,146.3,22.1,171.8,5.8,60636.3,3.8,0.8,3.7,1.2,1.0,1.0,67.3,0.0,0.0,42.4,41.3,8.1,0.4,,,
bodypose-estimation,body-pose-openpifpaf,regnety800mf-59p,192x144,jetson-xav-agx,lne,GPU/CPU,F32,/,/,1.0,7.2,28.6,/,/,/,/,/,/,0.0,0.0,0.0,0.0,0.0,0.0,0.0,0.0,0.0,0.0,0.0,0.0,0.0,,,
bodypose-estimation,body-pose-openpifpaf,regnety800mf-59p,192x144,jetson-xav-agx,tensorrt,NPU/GPU,F16,/,/,1.0,7.2,14.3,3.3,18.9,7.1,29.3,34.1,355422.0,10.5,6.7,3.5,1.1,1.0,1.0,62.0,0.0,0.0,49.0,47.5,7.4,2.4,,,
bodypose-estimation,body-pose-openpifpaf,regnety800mf-59p,192x144,jetson-xav-agx,tensorrt,GPU,F16,/,/,1.0,7.2,14.3,3.4,4.0,7.2,14.6,68.6,714730.6,10.4,6.7,9.7,3.2,2.9,4.0,60.2,3.4,0.0,48.4,47.8,7.9,4.5,,,
bodypose-estimation,body-pose-openpifpaf,regnety800mf-59p,192x144,jetson-xav-agx,tensorrt,GPU,F32,/,/,1.0,7.2,28.6,3.4,9.2,7.2,19.9,50.3,523860.0,10.3,6.7,9.7,3.2,3.7,4.0,60.7,8.6,0.0,48.0,47.3,8.2,3.2,,,
bodypose-estimation,body-pose-openpifpaf,regnety800mf-59p,192x144,jetson-xav-agx,onnxruntime,CPU,F32,/,/,1.0,7.2,28.6,3.6,151.6,20.9,176.1,5.7,59176.4,4.1,4.8,4.1,1.3,1.0,1.0,66.9,0.0,0.0,47.9,46.8,8.2,0.4,,,
bodypose-estimation,body-pose-openpifpaf,regnety800mf-59p,256x192,jetson-xav-agx,lne,CPU,F32,/,/,1.8,7.2,28.6,4.4,101.5,15.9,121.8,8.2,85562.6,3.9,0.9,3.9,1.2,2.6,3.0,66.7,0.0,0.0,42.4,41.4,8.2,0.9,,,
bodypose-estimation,body-pose-openpifpaf,regnety800mf-59p,256x192,jetson-xav-agx,onnxruntime,CPU,F32,/,/,1.8,7.2,28.6,5.1,232.2,27.6,264.9,3.8,39331.5,3.8,0.8,3.8,1.2,1.0,2.0,67.7,0.0,0.0,42.6,41.8,8.1,0.4,,,
bodypose-estimation,body-pose-openpifpaf,regnety800mf-59p,256x192,jetson-xav-agx,lne,GPU/CPU,F32,/,/,1.8,7.2,28.6,/,/,/,/,/,/,0.0,0.0,0.0,0.0,0.0,0.0,0.0,0.0,0.0,0.0,0.0,0.0,0.0,,,
bodypose-estimation,body-pose-openpifpaf,regnety800mf-59p,256x192,jetson-xav-agx,tensorrt,NPU/GPU,F16,/,/,1.8,7.2,14.3,4.2,29.2,12.0,45.4,22.0,229690.0,10.6,6.8,3.6,1.1,1.0,1.0,60.2,0.0,3.0,49.2,47.5,7.2,2.7,,,
bodypose-estimation,body-pose-openpifpaf,regnety800mf-59p,256x192,jetson-xav-agx,tensorrt,GPU,F16,/,/,1.8,7.2,14.3,4.2,4.8,11.5,20.5,48.8,508676.2,10.5,6.7,9.8,3.3,4.1,5.0,61.6,6.7,0.0,48.6,47.8,8.1,5.4,,,
bodypose-estimation,body-pose-openpifpaf,regnety800mf-59p,256x192,jetson-xav-agx,tensorrt,GPU,F32,/,/,1.8,7.2,28.6,4.2,11.4,11.9,27.4,36.4,379746.6,10.4,6.7,9.8,3.2,5.4,6.0,63.0,9.7,0.0,48.3,47.5,8.5,3.8,,,
bodypose-estimation,body-pose-openpifpaf,regnety800mf-59p,256x192,jetson-xav-agx,onnxruntime,CPU,F32,/,/,1.8,7.2,28.6,5.2,234.8,27.2,267.3,3.7,38983.4,4.0,4.7,4.0,1.3,1.0,1.0,68.0,0.0,0.0,48.2,47.2,8.3,0.4,,,
bodypose-estimation,body-pose-openpifpaf,regnety800mf-86p,128x96,jetson-xav-agx,lne,CPU,F32,/,/,0.4,7.2,28.6,1.7,29.3,2.4,33.3,30.0,312494.3,4.0,0.9,3.9,1.2,1.8,2.0,62.0,0.0,0.0,42.4,41.6,7.8,0.9,,,
bodypose-estimation,body-pose-openpifpaf,regnety800mf-86p,128x96,jetson-xav-agx,onnxruntime,CPU,F32,/,/,0.4,7.2,28.6,1.6,72.8,7.6,82.0,12.2,126994.9,3.8,0.8,3.7,1.2,1.0,1.0,65.8,0.0,0.0,42.6,41.7,7.9,0.3,,,
bodypose-estimation,body-pose-openpifpaf,regnety800mf-86p,128x96,jetson-xav-agx,lne,GPU/CPU,F32,/,/,0.4,7.2,28.6,/,/,/,/,/,/,0.0,0.0,0.0,0.0,0.0,0.0,0.0,0.0,0.0,0.0,0.0,0.0,0.0,,,
bodypose-estimation,body-pose-openpifpaf,regnety800mf-86p,128x96,jetson-xav-agx,tensorrt,NPU/GPU,F16,/,/,0.4,7.2,14.3,1.7,13.8,4.2,19.7,50.9,530075.0,10.6,6.7,3.6,1.1,1.0,1.0,63.6,0.0,1.0,49.0,47.5,7.4,1.5,,,
bodypose-estimation,body-pose-openpifpaf,regnety800mf-86p,128x96,jetson-xav-agx,tensorrt,GPU,F16,/,/,0.4,7.2,14.3,1.6,3.5,4.1,9.3,107.9,1124449.2,10.4,6.7,9.6,3.2,1.9,2.0,60.7,0.1,0.0,48.6,47.7,7.8,3.1,,,
bodypose-estimation,body-pose-openpifpaf,regnety800mf-86p,128x96,jetson-xav-agx,tensorrt,GPU,F32,/,/,0.4,7.2,28.6,1.6,8.0,4.2,13.8,72.6,756835.6,10.3,6.7,9.6,3.2,2.8,3.0,59.5,15.7,0.0,48.3,47.5,8.1,2.0,,,
bodypose-estimation,body-pose-openpifpaf,regnety800mf-86p,128x96,jetson-xav-agx,onnxruntime,CPU,F32,/,/,0.4,7.2,28.6,1.6,76.9,6.6,85.0,11.8,122513.3,4.1,4.7,4.1,1.3,1.0,1.0,66.6,0.0,0.0,48.2,47.2,8.2,0.3,,,
bodypose-estimation,body-pose-openpifpaf,regnety800mf-86p,192x144,jetson-xav-agx,lne,CPU,F32,/,/,1.0,7.2,28.6,3.5,59.6,16.9,80.0,12.5,130316.8,3.9,0.9,3.8,1.2,2.1,3.0,65.5,0.0,0.0,42.5,41.6,8.1,0.8,,,
bodypose-estimation,body-pose-openpifpaf,regnety800mf-86p,192x144,jetson-xav-agx,onnxruntime,CPU,F32,/,/,1.0,7.2,28.6,3.5,148.4,27.3,179.2,5.6,58137.2,3.8,0.8,3.8,1.2,1.3,2.0,67.2,0.0,0.0,42.7,41.8,8.0,0.4,,,
bodypose-estimation,body-pose-openpifpaf,regnety800mf-86p,192x144,jetson-xav-agx,lne,GPU/CPU,F32,/,/,1.0,7.2,28.6,/,/,/,/,/,/,0.0,0.0,0.0,0.0,0.0,0.0,0.0,0.0,0.0,0.0,0.0,0.0,0.0,,,
bodypose-estimation,body-pose-openpifpaf,regnety800mf-86p,192x144,jetson-xav-agx,tensorrt,NPU/GPU,F16,/,/,1.0,7.2,14.3,3.3,19.4,11.3,34.1,29.3,305642.6,11.2,6.8,4.1,1.3,1.0,1.0,62.4,0.0,0.0,51.5,49.5,7.3,2.1,,,
bodypose-estimation,body-pose-openpifpaf,regnety800mf-86p,192x144,jetson-xav-agx,tensorrt,GPU,F16,/,/,1.0,7.2,14.3,3.4,4.0,11.3,18.7,53.4,556348.5,10.9,6.7,10.3,3.4,3.7,4.0,62.5,3.5,0.0,50.3,49.2,8.1,3.4,,,
bodypose-estimation,body-pose-openpifpaf,regnety800mf-86p,192x144,jetson-xav-agx,tensorrt,GPU,F32,/,/,1.0,7.2,28.6,3.4,9.0,11.3,23.7,42.1,439108.9,10.9,6.7,10.4,3.4,4.5,5.0,63.4,4.4,0.0,48.3,47.4,8.2,2.6,,,
bodypose-estimation,body-pose-openpifpaf,regnety800mf-86p,192x144,jetson-xav-agx,onnxruntime,CPU,F32,/,/,1.0,7.2,28.6,3.5,152.0,25.4,180.9,5.5,57607.8,4.6,4.8,4.6,1.5,1.3,2.0,67.3,0.0,0.0,47.4,46.5,8.1,0.3,,,
bodypose-estimation,body-pose-openpifpaf,regnety800mf-86p,256x192,jetson-xav-agx,lne,CPU,F32,/,/,1.8,7.2,28.6,4.2,101.2,21.6,127.0,7.9,82068.5,4.0,0.9,4.0,1.3,2.9,3.0,66.6,0.0,0.0,42.8,41.9,8.2,0.9,,,
bodypose-estimation,body-pose-openpifpaf,regnety800mf-86p,256x192,jetson-xav-agx,onnxruntime,CPU,F32,/,/,1.8,7.2,28.6,5.7,231.1,41.5,278.3,3.6,37441.5,3.9,0.9,3.9,1.2,1.5,2.0,67.8,0.0,0.0,43.1,42.2,8.2,0.4,,,
bodypose-estimation,body-pose-openpifpaf,regnety800mf-86p,256x192,jetson-xav-agx,lne,GPU/CPU,F32,/,/,1.8,7.2,28.6,/,/,/,/,/,/,0.0,0.0,0.0,0.0,0.0,0.0,0.0,0.0,0.0,0.0,0.0,0.0,0.0,,,
bodypose-estimation,body-pose-openpifpaf,regnety800mf-86p,256x192,jetson-xav-agx,tensorrt,NPU/GPU,F16,/,/,1.8,7.2,14.3,4.4,29.0,19.8,53.1,18.8,196145.5,10.8,6.8,3.6,1.1,1.0,1.0,61.6,0.0,2.0,49.4,48.0,7.0,2.4,,,
bodypose-estimation,body-pose-openpifpaf,regnety800mf-86p,256x192,jetson-xav-agx,tensorrt,GPU,F16,/,/,1.8,7.2,14.3,4.4,4.7,19.6,28.7,34.8,362783.6,10.6,6.7,10.0,3.3,5.2,6.0,62.9,6.2,0.0,49.3,48.2,8.1,3.8,,,
bodypose-estimation,body-pose-openpifpaf,regnety800mf-86p,256x192,jetson-xav-agx,tensorrt,GPU,F32,/,/,1.8,7.2,28.6,4.4,10.7,21.4,36.5,27.4,285634.7,10.6,6.7,10.1,3.3,6.1,7.0,61.8,17.6,0.0,48.9,47.8,8.5,2.9,,,
bodypose-estimation,body-pose-openpifpaf,regnety800mf-86p,256x192,jetson-xav-agx,onnxruntime,CPU,F32,/,/,1.8,7.2,28.6,5.6,237.9,41.1,284.6,3.5,36607.9,4.1,4.8,4.2,1.3,1.6,2.0,68.1,0.0,0.0,48.8,47.5,8.3,0.4,,,
bodypose-estimation,body-pose-openpifpaf,regnety800mf-hands,128x96,jetson-xav-agx,lne,CPU,F32,/,/,0.4,7.2,28.6,1.7,31.0,1.4,34.1,29.4,305822.9,3.8,0.8,3.8,1.2,1.9,2.0,62.4,0.0,0.0,40.3,39.5,8.2,0.8,,,
bodypose-estimation,body-pose-openpifpaf,regnety800mf-hands,128x96,jetson-xav-agx,onnxruntime,CPU,F32,/,/,0.4,7.2,28.6,1.7,72.2,3.1,77.0,13.0,135288.7,3.8,0.8,3.7,1.2,1.0,1.0,66.1,0.0,0.0,40.5,39.9,8.1,0.4,,,
bodypose-estimation,body-pose-openpifpaf,regnety800mf-hands,128x96,jetson-xav-agx,lne,GPU/CPU,F32,/,/,0.4,7.2,28.6,/,/,/,/,/,/,0.0,0.0,0.0,0.0,0.0,0.0,0.0,0.0,0.0,0.0,0.0,0.0,0.0,,,
bodypose-estimation,body-pose-openpifpaf,regnety800mf-hands,128x96,jetson-xav-agx,tensorrt,NPU/GPU,F16,/,/,0.4,7.2,14.3,1.6,13.8,2.0,17.4,57.5,598969.7,10.4,6.7,3.4,1.1,1.0,1.0,63.6,0.0,0.0,46.9,45.0,6.5,2.0,,,
bodypose-estimation,body-pose-openpifpaf,regnety800mf-hands,128x96,jetson-xav-agx,tensorrt,GPU,F16,/,/,0.4,7.2,14.3,1.7,3.4,2.1,7.2,138.2,1439655.1,10.3,6.7,9.4,3.2,1.9,2.0,60.8,4.6,0.0,45.5,44.6,7.6,4.1,,,
bodypose-estimation,body-pose-openpifpaf,regnety800mf-hands,128x96,jetson-xav-agx,tensorrt,GPU,F32,/,/,0.4,7.2,28.6,1.6,8.0,2.1,11.7,85.3,889138.8,10.2,5.6,9.4,3.2,2.8,3.0,60.4,16.4,0.0,44.2,43.2,8.0,2.4,,,
bodypose-estimation,body-pose-openpifpaf,regnety800mf-hands,128x96,jetson-xav-agx,onnxruntime,CPU,F32,/,/,0.4,7.2,28.6,1.6,73.0,2.9,77.5,12.9,134395.8,4.0,0.9,4.0,1.3,1.0,1.0,65.9,0.0,0.0,43.1,42.3,7.9,0.4,,,
bodypose-estimation,body-pose-openpifpaf,regnety800mf-hands,192x144,jetson-xav-agx,lne,CPU,F32,/,/,1.0,7.2,28.6,3.8,61.6,10.4,75.8,13.2,137526.6,3.8,0.8,3.8,1.2,2.0,2.0,65.3,0.0,0.0,40.6,40.0,8.1,0.8,,,
bodypose-estimation,body-pose-openpifpaf,regnety800mf-hands,192x144,jetson-xav-agx,onnxruntime,CPU,F32,/,/,1.0,7.2,28.6,4.6,147.7,14.5,166.8,6.0,62477.2,3.8,0.8,3.8,1.2,1.0,1.0,67.3,0.0,0.0,41.2,40.4,8.2,0.4,,,
bodypose-estimation,body-pose-openpifpaf,regnety800mf-hands,192x144,jetson-xav-agx,lne,GPU/CPU,F32,/,/,1.0,7.2,28.6,/,/,/,/,/,/,0.0,0.0,0.0,0.0,0.0,0.0,0.0,0.0,0.0,0.0,0.0,0.0,0.0,,,
bodypose-estimation,body-pose-openpifpaf,regnety800mf-hands,192x144,jetson-xav-agx,tensorrt,NPU/GPU,F16,/,/,1.0,7.2,14.3,3.4,18.9,5.1,27.3,36.6,381176.1,11.1,6.8,4.1,1.3,1.0,1.0,61.7,0.0,0.0,47.7,46.5,7.0,2.7,,,
bodypose-estimation,body-pose-openpifpaf,regnety800mf-hands,192x144,jetson-xav-agx,tensorrt,GPU,F16,/,/,1.0,7.2,14.3,3.6,3.9,4.9,12.4,81.0,843496.2,10.9,6.7,10.2,3.4,3.1,4.0,61.4,8.2,0.0,45.4,44.6,7.9,5.3,,,
bodypose-estimation,body-pose-openpifpaf,regnety800mf-hands,192x144,jetson-xav-agx,tensorrt,GPU,F32,/,/,1.0,7.2,28.6,3.5,8.8,5.1,17.5,57.2,596475.4,10.9,6.7,10.2,3.4,3.8,5.0,61.3,13.6,0.0,42.8,42.4,8.2,3.6,,,
bodypose-estimation,body-pose-openpifpaf,regnety800mf-hands,192x144,jetson-xav-agx,onnxruntime,CPU,F32,/,/,1.0,7.2,28.6,3.8,152.6,13.6,170.0,5.9,61284.2,4.6,4.7,4.6,1.4,1.0,1.0,67.4,0.0,0.0,41.7,41.1,8.0,0.4,,,
bodypose-estimation,body-pose-openpifpaf,regnety800mf-hands,256x192,jetson-xav-agx,lne,CPU,F32,/,/,1.8,7.2,28.6,4.8,101.3,14.9,121.0,8.3,86114.1,3.9,0.9,3.9,1.2,2.2,3.0,66.6,0.0,0.0,41.3,40.6,8.2,0.9,,,
bodypose-estimation,body-pose-openpifpaf,regnety800mf-hands,256x192,jetson-xav-agx,onnxruntime,CPU,F32,/,/,1.8,7.2,28.6,3.9,227.6,13.5,245.1,4.1,42505.7,3.8,0.8,3.8,1.2,1.1,2.0,67.9,0.0,0.0,41.7,41.0,8.2,0.4,,,
bodypose-estimation,body-pose-openpifpaf,regnety800mf-hands,256x192,jetson-xav-agx,lne,GPU/CPU,F32,/,/,1.8,7.2,28.6,/,/,/,/,/,/,0.0,0.0,0.0,0.0,0.0,0.0,0.0,0.0,0.0,0.0,0.0,0.0,0.0,,,
bodypose-estimation,body-pose-openpifpaf,regnety800mf-hands,256x192,jetson-xav-agx,tensorrt,NPU/GPU,F16,/,/,1.8,7.2,14.3,4.1,28.8,8.9,41.9,23.9,248784.1,10.5,6.8,3.5,1.1,1.0,1.0,59.6,0.0,5.0,48.8,47.0,6.5,3.3,,,
bodypose-estimation,body-pose-openpifpaf,regnety800mf-hands,256x192,jetson-xav-agx,tensorrt,GPU,F16,/,/,1.8,7.2,14.3,4.3,4.7,8.2,17.3,58.0,603851.6,10.3,6.7,9.6,3.2,3.7,4.0,59.7,2.2,0.0,48.2,47.2,8.0,6.5,,,
bodypose-estimation,body-pose-openpifpaf,regnety800mf-hands,256x192,jetson-xav-agx,tensorrt,GPU,F32,/,/,1.8,7.2,28.6,4.3,10.8,8.4,23.5,42.5,443149.7,10.3,6.7,9.7,3.2,5.4,6.0,62.1,14.6,0.0,47.6,46.9,8.5,4.5,,,
bodypose-estimation,body-pose-openpifpaf,regnety800mf-hands,256x192,jetson-xav-agx,onnxruntime,CPU,F32,/,/,1.8,7.2,28.6,4.1,236.7,11.4,252.3,4.0,41295.9,4.1,4.8,4.1,1.3,1.0,1.0,68.1,0.0,0.0,47.5,46.4,8.3,0.4,,,
bodypose-estimation,body-pose-openpifpaf,regnety800mf-wholebody,128x96,jetson-xav-agx,lne,CPU,F32,/,/,0.4,7.2,28.6,1.7,29.1,11.5,42.3,23.6,246407.4,3.9,0.9,3.9,1.2,2.0,2.0,63.4,0.0,0.0,42.9,42.0,7.9,0.7,,,
bodypose-estimation,body-pose-openpifpaf,regnety800mf-wholebody,128x96,jetson-xav-agx,onnxruntime,CPU,F32,/,/,0.4,7.2,28.6,1.8,73.3,22.2,97.3,10.3,107110.9,3.8,0.8,3.8,1.2,1.0,2.0,65.5,0.0,0.0,42.9,42.2,7.9,0.3,,,
bodypose-estimation,body-pose-openpifpaf,regnety800mf-wholebody,128x96,jetson-xav-agx,lne,GPU/CPU,F32,/,/,0.4,7.2,28.6,/,/,/,/,/,/,0.0,0.0,0.0,0.0,0.0,0.0,0.0,0.0,0.0,0.0,0.0,0.0,0.0,,,
bodypose-estimation,body-pose-openpifpaf,regnety800mf-wholebody,128x96,jetson-xav-agx,tensorrt,NPU/GPU,F16,/,/,0.4,7.2,14.3,1.7,13.7,7.5,23.0,43.6,453965.4,10.7,6.7,3.7,1.2,1.0,1.0,64.4,0.0,0.0,49.8,48.5,7.0,1.4,,,
bodypose-estimation,body-pose-openpifpaf,regnety800mf-wholebody,128x96,jetson-xav-agx,tensorrt,GPU,F16,/,/,0.4,7.2,14.3,1.7,3.5,7.4,12.6,79.5,828143.7,10.5,6.7,9.7,3.3,2.8,3.0,60.4,2.4,0.0,49.2,48.3,8.0,2.2,,,
bodypose-estimation,body-pose-openpifpaf,regnety800mf-wholebody,128x96,jetson-xav-agx,tensorrt,GPU,F32,/,/,0.4,7.2,28.6,1.8,8.2,7.4,17.4,57.3,597306.7,10.5,6.7,9.8,3.3,2.9,4.0,61.8,14.1,0.0,48.7,47.8,8.3,1.6,,,
bodypose-estimation,body-pose-openpifpaf,regnety800mf-wholebody,128x96,jetson-xav-agx,onnxruntime,CPU,F32,/,/,0.4,7.2,28.6,1.8,77.2,20.9,100.0,10.0,104237.1,4.1,4.7,4.1,1.3,1.0,2.0,65.8,0.0,0.0,48.7,47.5,8.2,0.3,,,
bodypose-estimation,body-pose-openpifpaf,regnety800mf-wholebody,192x144,jetson-xav-agx,lne,CPU,F32,/,/,1.0,7.2,28.6,4.0,59.0,23.3,86.3,11.6,120706.7,3.9,0.9,3.9,1.3,2.8,3.0,65.7,0.0,0.0,43.1,42.2,8.1,0.7,,,
bodypose-estimation,body-pose-openpifpaf,regnety800mf-wholebody,192x144,jetson-xav-agx,onnxruntime,CPU,F32,/,/,1.0,7.2,28.6,4.0,149.1,46.1,199.1,5.0,52329.5,3.8,0.8,3.8,1.2,1.8,2.0,67.1,0.0,0.0,43.3,42.4,8.1,0.3,,,
bodypose-estimation,body-pose-openpifpaf,regnety800mf-wholebody,192x144,jetson-xav-agx,lne,GPU/CPU,F32,/,/,1.0,7.2,28.6,/,/,/,/,/,/,0.0,0.0,0.0,0.0,0.0,0.0,0.0,0.0,0.0,0.0,0.0,0.0,0.0,,,
bodypose-estimation,body-pose-openpifpaf,regnety800mf-wholebody,192x144,jetson-xav-agx,tensorrt,NPU/GPU,F16,/,/,1.0,7.2,14.3,3.5,18.9,21.6,44.0,22.7,236739.4,10.8,6.8,3.7,1.1,1.0,1.0,63.2,0.0,4.0,50.0,48.5,7.2,1.6,,,
bodypose-estimation,body-pose-openpifpaf,regnety800mf-wholebody,192x144,jetson-xav-agx,tensorrt,GPU,F16,/,/,1.0,7.2,14.3,3.5,3.9,22.3,29.7,33.7,350606.1,10.5,6.7,10.0,3.3,4.5,5.0,63.0,3.4,0.0,49.4,48.5,8.3,2.1,,,
bodypose-estimation,body-pose-openpifpaf,regnety800mf-wholebody,192x144,jetson-xav-agx,tensorrt,GPU,F32,/,/,1.0,7.2,28.6,3.5,9.2,21.7,34.4,29.1,303196.3,10.5,6.7,10.0,3.3,4.9,6.0,62.2,0.9,0.0,49.2,48.0,8.4,1.8,,,
bodypose-estimation,body-pose-openpifpaf,regnety800mf-wholebody,192x144,jetson-xav-agx,onnxruntime,CPU,F32,/,/,1.0,7.2,28.6,3.8,151.8,41.5,197.1,5.1,52867.9,4.2,4.8,4.2,1.3,1.9,2.0,67.9,0.0,0.0,48.8,47.7,8.4,0.3,,,
bodypose-estimation,body-pose-openpifpaf,regnety800mf-wholebody,256x192,jetson-xav-agx,lne,CPU,F32,/,/,1.8,7.2,28.6,5.3,101.0,31.5,137.8,7.3,75605.9,4.0,0.9,3.9,1.3,3.1,4.0,67.1,0.0,0.0,43.1,42.4,8.4,0.8,,,
bodypose-estimation,body-pose-openpifpaf,regnety800mf-wholebody,256x192,jetson-xav-agx,onnxruntime,CPU,F32,/,/,1.8,7.2,28.6,6.3,231.8,72.9,311.0,3.2,33497.4,3.8,0.9,3.8,1.2,2.0,2.0,68.2,0.0,0.0,43.5,42.7,8.2,0.3,,,
bodypose-estimation,body-pose-openpifpaf,regnety800mf-wholebody,256x192,jetson-xav-agx,lne,GPU/CPU,F32,/,/,1.8,7.2,28.6,/,/,/,/,/,/,0.0,0.0,0.0,0.0,0.0,0.0,0.0,0.0,0.0,0.0,0.0,0.0,0.0,,,
bodypose-estimation,body-pose-openpifpaf,regnety800mf-wholebody,256x192,jetson-xav-agx,tensorrt,NPU/GPU,F16,/,/,1.8,7.2,14.3,6.2,28.9,54.6,89.7,11.1,116158.3,10.7,6.7,3.7,1.2,1.0,1.0,64.4,0.0,4.0,50.2,48.5,7.3,1.4,,,
bodypose-estimation,body-pose-openpifpaf,regnety800mf-wholebody,256x192,jetson-xav-agx,tensorrt,GPU,F16,/,/,1.8,7.2,14.3,5.4,4.8,51.7,61.9,16.2,168330.7,10.6,6.7,10.2,3.3,4.9,6.0,65.8,3.5,0.0,49.8,48.9,8.5,1.7,,,
bodypose-estimation,body-pose-openpifpaf,regnety800mf-wholebody,256x192,jetson-xav-agx,tensorrt,GPU,F32,/,/,1.8,7.2,28.6,5.5,10.6,52.1,68.2,14.7,152744.8,10.6,6.7,10.2,3.3,5.8,7.0,66.6,6.5,0.0,49.4,48.4,8.7,1.5,,,
bodypose-estimation,body-pose-openpifpaf,regnety800mf-wholebody,256x192,jetson-xav-agx,onnxruntime,CPU,F32,/,/,1.8,7.2,28.6,6.4,236.3,64.9,307.6,3.3,33868.3,4.3,4.8,4.3,1.4,2.0,2.0,69.1,0.0,0.0,49.2,48.0,8.5,0.3,,,
bodypose-estimation,body-pose-openpifpaf,resnet50-012-13,160x120,jetson-xav-agx,lne,CPU,F32,/,/,13.0,27.4,109.7,2.4,445.3,3.3,451.0,2.2,23100.4,6.3,2.5,6.3,2.0,2.7,3.0,69.5,0.0,0.0,46.2,45.0,8.9,1.6,,,
bodypose-estimation,body-pose-openpifpaf,resnet50-012-13,160x120,jetson-xav-agx,onnxruntime,CPU,F32,/,/,13.0,27.4,109.7,2.4,1013.9,5.2,1021.5,1.0,10200.2,5.6,2.2,5.6,1.8,1.0,2.0,69.2,0.0,0.0,46.6,45.4,8.4,0.8,,,
bodypose-estimation,body-pose-openpifpaf,resnet50-012-13,160x120,jetson-xav-agx,lne,GPU/CPU,F32,/,/,13.0,27.4,109.7,7.1,434.1,21.2,462.4,2.2,22531.5,12.2,6.5,9.7,3.0,2.0,2.0,100.0,0.0,0.0,35.5,37.5,9.2,1.5,,,
bodypose-estimation,body-pose-openpifpaf,resnet50-012-13,160x120,jetson-xav-agx,tensorrt,NPU/GPU,S8,/,/,13.0,27.4,27.4,2.2,50.9,4.7,57.8,17.3,180227.3,12.9,6.6,9.7,3.0,2.0,2.0,100.0,0.0,2.0,36.5,37.5,9.2,12.3,,,
bodypose-estimation,body-pose-openpifpaf,resnet50-012-13,160x120,jetson-xav-agx,tensorrt,GPU,S8,/,/,13.0,27.4,27.4,3.1,12.3,6.8,22.2,45.0,468897.7,14.1,7.0,9.7,3.0,2.0,2.0,100.0,0.0,0.0,36.5,37.5,9.2,32.0,,,
bodypose-estimation,body-pose-openpifpaf,resnet50-012-13,160x120,jetson-xav-agx,tensorrt,NPU/GPU,F16,/,/,13.0,27.4,54.9,3.1,69.7,5.7,78.5,12.7,132729.9,12.9,6.6,9.7,3.0,2.0,2.0,99.9,0.0,4.0,36.3,37.5,9.2,9.0,,,
bodypose-estimation,body-pose-openpifpaf,resnet50-012-13,160x120,jetson-xav-agx,tensorrt,GPU,F16,/,/,13.0,27.4,54.9,2.7,12.0,7.3,22.0,45.4,473045.6,14.3,7.1,9.7,3.0,2.0,2.0,99.9,0.0,0.0,36.0,37.5,9.2,32.3,,,
bodypose-estimation,body-pose-openpifpaf,resnet50-012-13,160x120,jetson-xav-agx,tensorrt,GPU,F32,/,/,13.0,27.4,109.7,4.5,26.8,4.3,35.6,28.1,292725.2,15.1,7.3,9.7,3.0,2.0,2.0,100.0,0.0,0.0,36.5,37.5,9.2,20.0,,,
bodypose-estimation,body-pose-openpifpaf,resnet50-012-13,160x120,jetson-xav-agx,onnxruntime,CPU,F32,/,/,13.0,27.4,109.7,6.4,1571.8,8.4,1586.6,0.6,6567.0,7.8,5.1,9.7,3.0,2.0,2.0,100.0,0.0,0.0,36.0,37.5,9.2,0.4,,,
bodypose-estimation,body-pose-openpifpaf,resnet50-012-13,240x180,jetson-xav-agx,lne,CPU,F32,/,/,28.9,25.6,102.3,2.3,993.7,5.7,1001.7,1.0,10401.2,6.4,2.5,6.4,2.0,3.0,3.0,69.8,0.0,0.0,47.0,45.9,9.0,1.6,,,
bodypose-estimation,body-pose-openpifpaf,resnet50-012-13,240x180,jetson-xav-agx,onnxruntime,CPU,F32,/,/,28.9,25.6,102.3,2.2,2039.7,6.4,2048.3,0.5,5086.7,5.8,2.3,5.8,1.8,1.4,2.0,69.4,0.0,0.0,47.6,46.5,8.5,0.8,,,
bodypose-estimation,body-pose-openpifpaf,resnet50-012-13,240x180,jetson-xav-agx,lne,GPU/CPU,F32,/,/,28.9,25.6,102.3,5.1,412.7,6.7,424.5,2.4,24546.3,12.1,6.5,9.7,3.0,2.0,2.0,100.0,0.0,0.0,36.0,37.5,9.2,3.7,,,
bodypose-estimation,body-pose-openpifpaf,resnet50-012-13,240x180,jetson-xav-agx,tensorrt,NPU/GPU,S8,/,/,28.9,25.6,25.6,3.6,101.7,8.5,113.7,8.8,91633.3,13.0,6.6,9.7,3.0,2.0,2.0,100.0,0.0,0.0,36.0,37.5,9.2,13.8,,,
bodypose-estimation,body-pose-openpifpaf,resnet50-012-13,240x180,jetson-xav-agx,tensorrt,GPU,S8,/,/,28.9,25.6,25.6,4.4,13.2,12.0,29.6,33.8,351764.2,14.2,7.0,9.7,3.0,2.0,2.0,100.0,0.0,0.0,36.5,37.5,9.2,53.2,,,
bodypose-estimation,body-pose-openpifpaf,resnet50-012-13,240x180,jetson-xav-agx,tensorrt,NPU/GPU,F16,/,/,28.9,25.6,51.2,4.5,140.1,7.8,152.3,6.6,68409.6,13.2,6.7,9.7,3.0,2.0,2.0,100.0,0.0,3.0,36.2,37.5,9.2,10.3,,,
bodypose-estimation,body-pose-openpifpaf,resnet50-012-13,240x180,jetson-xav-agx,tensorrt,GPU,F16,/,/,28.9,25.6,51.2,4.3,15.9,10.0,30.2,33.1,345035.2,14.4,7.1,9.7,3.0,2.0,2.0,100.0,0.0,0.0,36.5,37.5,9.2,52.1,,,
bodypose-estimation,body-pose-openpifpaf,resnet50-012-13,240x180,jetson-xav-agx,tensorrt,GPU,F32,/,/,28.9,25.6,102.3,4.7,46.6,7.8,59.1,16.9,176163.6,15.3,7.3,9.7,3.0,2.0,2.0,100.0,0.0,0.0,36.8,37.5,9.2,26.6,,,
bodypose-estimation,body-pose-openpifpaf,resnet50-012-13,240x180,jetson-xav-agx,onnxruntime,CPU,F32,/,/,28.9,25.6,102.3,4.8,3039.4,15.5,3059.6,0.3,3405.3,7.9,5.1,9.7,3.0,2.0,2.0,100.0,0.0,0.0,36.5,37.5,9.2,0.5,,,
bodypose-estimation,body-pose-openpifpaf,resnet50-012-13,320x180,jetson-xav-agx,lne,CPU,F32,/,/,38.6,25.6,102.3,2.7,1306.8,8.2,1317.7,0.8,7907.2,6.6,2.5,6.6,2.1,3.0,3.0,69.9,0.0,0.0,48.1,47.0,9.0,1.6,,,
bodypose-estimation,body-pose-openpifpaf,resnet50-012-13,320x180,jetson-xav-agx,onnxruntime,CPU,F32,/,/,38.6,25.6,102.3,2.7,2675.1,11.5,2689.3,0.4,3874.3,6.0,2.3,6.0,1.9,1.5,2.0,69.4,0.0,0.0,48.7,47.7,8.6,0.8,,,
bodypose-estimation,body-pose-openpifpaf,resnet50-012-13,320x180,jetson-xav-agx,lne,GPU/CPU,F32,/,/,38.6,25.6,102.3,6.7,498.1,11.7,516.5,1.9,20172.3,12.3,6.5,9.7,3.0,2.0,2.0,100.0,0.0,0.0,36.2,37.5,9.2,4.1,,,
bodypose-estimation,body-pose-openpifpaf,resnet50-012-13,320x180,jetson-xav-agx,tensorrt,NPU/GPU,S8,/,/,38.6,25.6,25.6,5.3,132.8,8.3,146.5,6.8,71132.7,13.2,6.6,9.7,3.0,2.0,2.0,100.0,0.0,3.0,36.5,37.5,9.2,14.3,,,
bodypose-estimation,body-pose-openpifpaf,resnet50-012-13,320x180,jetson-xav-agx,tensorrt,GPU,S8,/,/,38.6,25.6,25.6,4.7,13.2,12.9,30.8,32.4,337780.9,14.4,7.0,9.7,3.0,2.0,2.0,100.0,0.0,0.0,36.5,37.5,9.2,68.1,,,
bodypose-estimation,body-pose-openpifpaf,resnet50-012-13,320x180,jetson-xav-agx,tensorrt,NPU/GPU,F16,/,/,38.6,25.6,51.2,4.8,184.5,10.5,199.8,5.0,52159.5,13.5,6.7,9.7,3.0,2.0,2.0,100.0,0.0,3.0,36.5,37.5,9.2,10.5,,,
bodypose-estimation,body-pose-openpifpaf,resnet50-012-13,320x180,jetson-xav-agx,tensorrt,GPU,F16,/,/,38.6,25.6,51.2,5.8,18.3,10.6,34.8,28.8,299808.6,14.7,7.1,9.7,3.0,2.0,2.0,100.0,0.0,0.0,36.5,37.5,9.2,60.4,,,
bodypose-estimation,body-pose-openpifpaf,resnet50-012-13,320x180,jetson-xav-agx,tensorrt,GPU,F32,/,/,38.6,25.6,102.3,5.8,58.6,11.1,75.5,13.2,137938.1,14.9,7.2,9.7,3.0,2.0,2.0,100.0,0.0,0.0,36.8,37.5,9.2,27.8,,,
bodypose-estimation,body-pose-openpifpaf,resnet50-012-13,320x180,jetson-xav-agx,onnxruntime,CPU,F32,/,/,38.6,25.6,102.3,6.7,3687.3,18.5,3712.5,0.3,2806.5,8.2,5.1,9.7,3.0,2.0,2.0,100.0,0.0,0.0,36.5,37.5,9.2,0.6,,,
bodypose-estimation,body-pose-openpifpaf,resnet50-012-13,320x240,jetson-xav-agx,lne,CPU,F32,/,/,51.5,27.4,109.7,3.4,1837.7,9.1,1850.1,0.5,5631.5,6.8,2.6,6.8,2.1,2.9,3.0,70.0,0.0,0.0,49.4,48.2,9.1,1.5,,,
bodypose-estimation,body-pose-openpifpaf,resnet50-012-13,320x240,jetson-xav-agx,onnxruntime,CPU,F32,/,/,51.5,27.4,109.7,3.4,3368.5,12.5,3384.5,0.3,3078.5,6.1,2.3,6.1,1.9,1.7,2.0,69.6,0.0,0.0,50.0,48.8,8.8,0.9,,,
bodypose-estimation,body-pose-openpifpaf,resnet50-012-13,320x240,jetson-xav-agx,lne,GPU/CPU,F32,/,/,51.5,27.4,109.7,9.2,509.8,15.7,534.7,1.9,19486.3,12.6,6.6,9.7,3.0,2.0,2.0,100.0,0.0,0.0,37.5,37.5,9.2,5.2,,,
bodypose-estimation,body-pose-openpifpaf,resnet50-012-13,320x240,jetson-xav-agx,tensorrt,NPU/GPU,S8,/,/,51.5,27.4,27.4,8.1,177.3,13.3,198.6,5.0,52450.2,13.3,6.6,9.7,3.0,2.0,2.0,100.0,0.0,4.0,38.5,37.5,9.2,14.1,,,
bodypose-estimation,body-pose-openpifpaf,resnet50-012-13,320x240,jetson-xav-agx,tensorrt,GPU,S8,/,/,51.5,27.4,27.4,6.5,15.8,16.9,39.2,25.5,265873.8,14.7,7.1,9.7,3.0,2.0,2.0,100.0,0.0,0.0,39.0,37.5,9.2,71.5,,,
bodypose-estimation,body-pose-openpifpaf,resnet50-012-13,320x240,jetson-xav-agx,tensorrt,NPU/GPU,F16,/,/,51.5,27.4,54.9,6.9,252.7,13.1,272.7,3.7,38207.9,13.6,6.7,9.7,3.0,2.0,2.0,100.0,0.0,4.0,38.8,37.5,9.2,10.3,,,
bodypose-estimation,body-pose-openpifpaf,resnet50-012-13,320x240,jetson-xav-agx,tensorrt,GPU,F16,/,/,51.5,27.4,54.9,6.9,27.0,13.2,47.1,21.2,221299.8,14.9,7.1,9.7,3.0,2.0,2.0,100.0,0.0,0.0,38.8,37.5,9.2,59.5,,,
bodypose-estimation,body-pose-openpifpaf,resnet50-012-13,320x240,jetson-xav-agx,tensorrt,GPU,F32,/,/,51.5,27.4,109.7,7.8,79.6,13.5,100.8,9.9,103344.4,15.8,7.4,9.7,3.0,2.0,2.0,100.0,0.0,0.0,38.5,37.5,9.2,27.8,,,
bodypose-estimation,body-pose-openpifpaf,resnet50-012-13,320x240,jetson-xav-agx,onnxruntime,CPU,F32,/,/,51.5,27.4,109.7,9.7,4775.7,23.4,4808.8,0.2,2166.6,8.4,5.1,9.7,3.0,2.0,2.0,100.0,0.0,0.0,37.5,37.5,9.2,0.6,,,
bodypose-estimation,body-pose-openpifpaf,resnet50-012-13,640x480,jetson-xav-agx,lne,CPU,F32,/,/,205.8,27.5,109.9,32.0,13101.1,73.9,13207.0,0.1,788.9,7.4,1.9,7.4,2.3,2.5,4.0,100.0,0.0,0.0,36.5,35.2,9.9,0.8,,,
bodypose-estimation,body-pose-openpifpaf,resnet50-012-13,640x480,jetson-xav-agx,onnxruntime,CPU,F32,/,/,205.8,27.5,109.9,27.4,16599.2,73.7,16700.2,0.1,623.9,7.3,1.9,7.3,2.3,2.1,3.0,100.0,0.0,0.0,36.7,35.5,9.7,0.6,,,
bodypose-estimation,body-pose-openpifpaf,resnet50-012-13,640x480,jetson-xav-agx,lne,GPU/CPU,F32,/,/,205.8,27.5,109.9,29.1,750.5,77.6,857.2,1.2,12154.6,12.7,6.5,9.7,3.0,2.0,2.0,100.0,0.0,0.0,38.5,37.5,9.2,13.1,,,
bodypose-estimation,body-pose-openpifpaf,resnet50-012-13,640x480,jetson-xav-agx,tensorrt,NPU/GPU,S8,/,/,205.8,27.5,27.5,27.9,693.6,78.0,799.4,1.3,13032.9,14.0,6.8,9.7,3.0,2.0,2.0,100.0,0.0,4.0,40.5,37.5,9.2,14.0,,,
bodypose-estimation,body-pose-openpifpaf,resnet50-012-13,640x480,jetson-xav-agx,tensorrt,GPU,S8,/,/,205.8,27.5,27.5,22.9,40.7,91.9,155.5,6.4,67005.6,15.0,7.1,9.7,3.0,2.0,2.0,100.0,0.0,0.0,40.5,37.5,9.2,72.1,,,
bodypose-estimation,body-pose-openpifpaf,resnet50-012-13,640x480,jetson-xav-agx,tensorrt,NPU/GPU,F16,/,/,205.8,27.5,54.9,26.6,986.5,105.2,1118.4,0.9,9316.2,14.3,6.9,9.7,3.0,2.0,2.0,100.0,0.0,4.0,40.0,37.5,9.2,10.0,,,
bodypose-estimation,body-pose-openpifpaf,resnet50-012-13,640x480,jetson-xav-agx,tensorrt,GPU,F16,/,/,205.8,27.5,54.9,26.4,70.9,98.7,196.0,5.1,53165.4,15.4,7.3,9.7,3.0,2.0,2.0,100.0,0.0,0.0,40.5,37.5,9.2,57.2,,,
bodypose-estimation,body-pose-openpifpaf,resnet50-012-13,640x480,jetson-xav-agx,tensorrt,GPU,F32,/,/,205.8,27.5,109.9,28.5,280.6,99.8,408.9,2.4,25481.1,16.4,7.6,9.7,3.0,2.0,2.0,100.0,0.0,0.0,40.5,37.5,9.2,27.4,,,
bodypose-estimation,body-pose-openpifpaf,resnet50-012-13,640x480,jetson-xav-agx,onnxruntime,CPU,F32,/,/,205.8,27.5,109.9,31.3,17759.5,83.0,17873.7,0.1,582.9,9.2,5.3,9.7,3.0,2.0,2.0,100.0,0.0,0.0,39.0,37.5,9.2,0.6,,,
bodypose-estimation,body-pose-openpifpaf,resnet50-012,161x129,jetson-xav-agx,lne,CPU,F32,/,/,14.9,25.6,102.3,5.3,1042.8,9.8,1057.9,0.9,9849.1,5.8,1.4,5.8,1.8,2.7,3.0,100.0,0.0,0.0,35.2,34.0,9.8,0.7,,,
bodypose-estimation,body-pose-openpifpaf,resnet50-012,161x129,jetson-xav-agx,onnxruntime,CPU,F32,/,/,14.9,25.6,102.3,5.4,1669.8,9.0,1684.2,0.6,6186.3,5.6,1.4,5.6,1.8,1.9,2.0,100.0,0.0,0.0,35.1,34.0,9.6,0.5,,,
bodypose-estimation,body-pose-openpifpaf,resnet50-012,161x129,jetson-xav-agx,lne,GPU/CPU,F32,/,/,14.9,25.6,102.3,6.8,416.1,8.0,430.9,2.3,24180.5,11.8,6.5,9.7,3.0,2.0,2.0,100.0,0.0,0.0,34.5,37.5,9.2,1.9,,,
bodypose-estimation,body-pose-openpifpaf,resnet50-012,161x129,jetson-xav-agx,tensorrt,NPU/GPU,S8,/,/,14.9,25.6,25.6,3.2,55.0,7.6,65.9,15.2,158189.7,12.8,6.7,9.7,3.0,2.0,2.0,99.8,0.0,3.0,34.5,37.5,9.2,12.3,,,
bodypose-estimation,body-pose-openpifpaf,resnet50-012,161x129,jetson-xav-agx,tensorrt,GPU,S8,/,/,14.9,25.6,25.6,3.8,11.0,9.4,24.1,41.5,432232.0,13.9,7.1,9.7,3.0,2.0,2.0,100.0,0.0,0.0,35.0,37.5,9.2,33.6,,,
bodypose-estimation,body-pose-openpifpaf,resnet50-012,161x129,jetson-xav-agx,tensorrt,NPU/GPU,F16,/,/,14.9,25.6,51.2,3.8,80.4,6.7,90.9,11.0,114589.9,12.8,6.7,9.7,3.0,2.0,2.0,100.0,0.0,3.0,34.5,37.5,9.2,8.9,,,
bodypose-estimation,body-pose-openpifpaf,resnet50-012,161x129,jetson-xav-agx,tensorrt,GPU,F16,/,/,14.9,25.6,51.2,2.7,11.9,7.8,22.4,44.7,465466.2,14.2,7.2,9.7,3.0,2.0,2.0,100.0,0.0,0.0,34.5,37.5,9.2,36.2,,,
bodypose-estimation,body-pose-openpifpaf,resnet50-012,161x129,jetson-xav-agx,tensorrt,GPU,F32,/,/,14.9,25.6,102.3,4.4,28.6,6.4,39.4,25.4,264574.8,14.5,7.3,9.7,3.0,2.0,2.0,100.0,0.0,0.0,35.0,37.5,9.2,20.6,,,
bodypose-estimation,body-pose-openpifpaf,resnet50-012,161x129,jetson-xav-agx,onnxruntime,CPU,F32,/,/,14.9,25.6,102.3,6.1,1727.8,12.3,1746.1,0.6,5967.0,7.7,5.1,9.7,3.0,2.0,2.0,100.0,0.0,0.0,34.7,37.5,9.2,0.5,,,
bodypose-estimation,body-pose-openpifpaf,resnet50-012,321x241,jetson-xav-agx,lne,CPU,F32,/,/,53.1,25.6,102.3,/,/,/,/,/,/,0.0,0.0,0.0,0.0,0.0,0.0,0.0,0.0,0.0,0.0,0.0,0.0,0.0,,,
bodypose-estimation,body-pose-openpifpaf,resnet50-012,321x241,jetson-xav-agx,onnxruntime,CPU,F32,/,/,53.1,25.6,102.3,/,/,/,/,/,/,0.0,0.0,0.0,0.0,0.0,0.0,0.0,0.0,0.0,0.0,0.0,0.0,0.0,,,
bodypose-estimation,body-pose-openpifpaf,resnet50-012,321x241,jetson-xav-agx,lne,GPU/CPU,F32,/,/,53.1,25.6,102.3,9.0,479.2,25.5,513.8,1.9,20279.3,11.8,6.5,9.7,3.0,2.0,2.0,100.0,0.0,0.0,35.0,37.5,9.2,5.6,,,
bodypose-estimation,body-pose-openpifpaf,resnet50-012,321x241,jetson-xav-agx,tensorrt,NPU/GPU,S8,/,/,53.1,25.6,25.6,8.5,182.3,18.9,209.7,4.8,49685.4,12.9,6.7,9.7,3.0,2.0,2.0,99.9,0.0,3.0,35.5,37.5,9.2,13.8,,,
bodypose-estimation,body-pose-openpifpaf,resnet50-012,321x241,jetson-xav-agx,tensorrt,GPU,S8,/,/,53.1,25.6,25.6,5.7,15.5,30.9,52.2,19.2,199773.6,14.1,7.1,9.7,3.0,2.0,2.0,100.0,0.0,0.0,35.5,37.5,9.2,55.4,,,
bodypose-estimation,body-pose-openpifpaf,resnet50-012,321x241,jetson-xav-agx,tensorrt,NPU/GPU,F16,/,/,53.1,25.6,51.2,7.2,258.2,29.1,294.5,3.4,35383.5,13.0,6.8,9.7,3.0,2.0,2.0,100.0,0.0,3.0,35.5,37.5,9.2,9.8,,,
bodypose-estimation,body-pose-openpifpaf,resnet50-012,321x241,jetson-xav-agx,tensorrt,GPU,F16,/,/,53.1,25.6,51.2,7.1,27.1,29.5,63.6,15.7,163709.2,14.3,7.2,9.7,3.0,2.0,2.0,100.0,0.0,0.0,35.2,37.5,9.2,45.4,,,
bodypose-estimation,body-pose-openpifpaf,resnet50-012,321x241,jetson-xav-agx,tensorrt,GPU,F32,/,/,53.1,25.6,102.3,6.7,79.7,28.2,114.5,8.7,90980.8,15.3,7.5,9.7,3.0,2.0,2.0,100.0,0.0,0.0,35.5,37.5,9.2,25.3,,,
bodypose-estimation,body-pose-openpifpaf,resnet50-012,321x241,jetson-xav-agx,onnxruntime,CPU,F32,/,/,53.1,25.6,102.3,7.4,4978.2,53.9,5039.5,0.2,2067.5,7.9,5.2,9.7,3.0,2.0,2.0,100.0,0.0,0.0,35.0,37.5,9.2,0.6,,,
bodypose-estimation,body-pose-openpifpaf,resnet50-012,321x321,jetson-xav-agx,lne,CPU,F32,/,/,70.3,25.6,102.4,11.8,4559.1,60.0,4631.0,0.2,2249.8,6.1,1.6,6.1,1.9,2.4,3.0,100.0,0.0,0.0,35.3,34.0,9.8,0.8,,,
bodypose-estimation,body-pose-openpifpaf,resnet50-012,321x321,jetson-xav-agx,onnxruntime,CPU,F32,/,/,70.3,25.6,102.4,11.6,6035.1,58.0,6104.7,0.2,1706.7,5.8,1.5,5.8,1.8,2.0,3.0,100.0,0.0,0.0,35.4,34.0,9.6,0.6,,,
bodypose-estimation,body-pose-openpifpaf,resnet50-012,321x321,jetson-xav-agx,lne,GPU/CPU,F32,/,/,70.3,25.6,102.4,8.9,441.3,43.2,493.4,2.0,21118.6,11.9,6.6,9.7,3.0,2.0,2.0,100.0,0.0,0.0,35.0,37.5,9.2,7.8,,,
bodypose-estimation,body-pose-openpifpaf,resnet50-012,321x321,jetson-xav-agx,tensorrt,NPU/GPU,S8,/,/,70.3,25.6,25.6,10.0,238.2,29.4,277.7,3.6,37521.1,13.0,6.8,9.7,3.0,2.0,2.0,100.0,0.0,1.0,35.5,37.5,9.2,13.8,,,
bodypose-estimation,body-pose-openpifpaf,resnet50-012,321x321,jetson-xav-agx,tensorrt,GPU,S8,/,/,70.3,25.6,25.6,8.0,16.9,41.6,66.5,15.0,156694.9,14.1,7.1,9.7,3.0,2.0,2.0,100.0,0.0,0.0,35.8,37.5,9.2,57.6,,,
bodypose-estimation,body-pose-openpifpaf,resnet50-012,321x321,jetson-xav-agx,tensorrt,NPU/GPU,F16,/,/,70.3,25.6,51.2,9.6,341.6,44.3,395.5,2.5,26344.2,13.1,6.8,9.7,3.0,2.0,2.0,100.0,0.0,3.0,35.5,37.5,9.2,9.7,,,
bodypose-estimation,body-pose-openpifpaf,resnet50-012,321x321,jetson-xav-agx,tensorrt,GPU,F16,/,/,70.3,25.6,51.2,9.5,28.0,45.6,83.1,12.0,125422.8,14.5,7.2,9.7,3.0,2.0,2.0,100.0,0.0,0.0,36.0,37.5,9.2,46.1,,,
bodypose-estimation,body-pose-openpifpaf,resnet50-012,321x321,jetson-xav-agx,tensorrt,GPU,F32,/,/,70.3,25.6,102.4,10.4,105.5,44.6,160.5,6.2,64934.9,15.3,7.5,9.7,3.0,2.0,2.0,100.0,0.0,0.0,35.8,37.5,9.2,23.8,,,
bodypose-estimation,body-pose-openpifpaf,resnet50-012,321x321,jetson-xav-agx,onnxruntime,CPU,F32,/,/,70.3,25.6,102.4,10.6,6435.0,61.4,6507.0,0.2,1601.2,8.1,5.2,9.7,3.0,2.0,2.0,100.0,0.0,0.0,35.5,37.5,9.2,0.6,,,
bodypose-estimation,body-pose-openpifpaf,resnet50-012,641x481,jetson-xav-agx,lne,CPU,F32,/,/,206.9,25.6,102.4,34.0,13498.9,119.1,13651.9,0.1,763.2,7.1,1.9,7.1,2.3,2.4,4.0,100.0,0.0,0.0,35.5,34.0,9.8,0.8,,,
bodypose-estimation,body-pose-openpifpaf,resnet50-012,641x481,jetson-xav-agx,onnxruntime,CPU,F32,/,/,206.9,25.6,102.4,26.5,16416.1,103.6,16546.1,0.1,629.7,7.5,2.0,7.5,2.4,2.1,3.0,100.0,0.0,0.0,35.8,34.4,9.8,0.6,,,
bodypose-estimation,body-pose-openpifpaf,resnet50-012,641x481,jetson-xav-agx,lne,GPU/CPU,F32,/,/,206.9,25.6,102.4,28.8,874.1,102.8,1005.7,1.0,10359.7,12.4,6.7,9.7,3.0,2.0,2.0,100.0,0.0,0.0,35.5,37.5,9.2,11.2,,,
bodypose-estimation,body-pose-openpifpaf,resnet50-012,641x481,jetson-xav-agx,tensorrt,NPU/GPU,S8,/,/,206.9,25.6,25.6,26.8,698.1,104.9,829.8,1.2,12555.5,13.4,6.8,9.7,3.0,2.0,2.0,100.0,0.0,3.0,36.5,37.5,9.2,13.6,,,
bodypose-estimation,body-pose-openpifpaf,resnet50-012,641x481,jetson-xav-agx,tensorrt,GPU,S8,/,/,206.9,25.6,25.6,22.3,39.8,123.3,185.3,5.4,56214.3,14.4,7.2,9.7,3.0,2.0,2.0,100.0,0.0,0.0,36.5,37.5,9.2,60.8,,,
bodypose-estimation,body-pose-openpifpaf,resnet50-012,641x481,jetson-xav-agx,tensorrt,NPU/GPU,F16,/,/,206.9,25.6,51.2,26.8,1005.9,157.2,1189.8,0.8,8756.7,13.8,7.0,9.7,3.0,2.0,2.0,99.8,0.0,3.0,36.0,37.5,9.2,9.5,,,
bodypose-estimation,body-pose-openpifpaf,resnet50-012,641x481,jetson-xav-agx,tensorrt,GPU,F16,/,/,206.9,25.6,51.2,24.0,70.1,143.6,237.8,4.2,43819.2,15.0,7.3,9.7,3.0,2.0,2.0,100.0,0.0,0.0,36.5,37.5,9.2,47.4,,,
bodypose-estimation,body-pose-openpifpaf,resnet50-012,641x481,jetson-xav-agx,tensorrt,GPU,F32,/,/,206.9,25.6,102.4,26.8,282.3,143.6,452.7,2.2,23014.2,15.9,7.6,9.7,3.0,2.0,2.0,100.0,0.0,0.0,36.8,37.5,9.2,24.9,,,
bodypose-estimation,body-pose-openpifpaf,resnet50-012,641x481,jetson-xav-agx,onnxruntime,CPU,F32,/,/,206.9,25.6,102.4,28.7,17552.6,119.4,17700.7,0.1,588.6,8.7,5.4,9.7,3.0,2.0,2.0,100.0,0.0,0.0,36.0,37.5,9.2,0.6,,,
bodypose-estimation,body-pose-openpifpaf-shufflenet-sk30,160x120,160x120,jetson-xav-agx,lne,CPU,F32,/,/,14.5,45.2,180.9,2.6,776.3,21.5,800.3,1.2,13018.9,6.7,2.5,6.7,2.1,1.9,2.0,69.6,0.0,0.0,47.1,46.0,8.7,1.0,,,
bodypose-estimation,body-pose-openpifpaf-shufflenet-sk30,160x120,160x120,jetson-xav-agx,onnxruntime,CPU,F32,/,/,14.5,45.2,180.9,2.4,1294.9,25.4,1322.8,0.8,7876.5,6.2,2.4,6.2,1.9,1.2,2.0,69.4,0.0,0.0,47.2,46.2,8.4,0.6,,,
bodypose-estimation,body-pose-openpifpaf-shufflenet-sk30,160x120,160x120,jetson-xav-agx,lne,GPU/CPU,F32,/,/,14.5,45.2,180.9,6.8,716.6,55.0,778.4,1.3,13385.8,13.2,6.8,9.7,3.0,2.0,2.0,99.9,0.0,0.0,41.5,37.5,9.2,1.0,,,
bodypose-estimation,body-pose-openpifpaf-shufflenet-sk30,160x120,160x120,jetson-xav-agx,tensorrt,NPU/GPU,S8,/,/,14.5,45.2,45.2,/,/,/,/,/,/,0.0,0.0,0.0,0.0,0.0,0.0,0.0,0.0,0.0,0.0,0.0,0.0,0.0,,,
bodypose-estimation,body-pose-openpifpaf-shufflenet-sk30,160x120,160x120,jetson-xav-agx,tensorrt,GPU,S8,/,/,14.5,45.2,45.2,3.5,23.9,53.5,80.8,12.4,128868.3,15.6,7.2,9.7,3.0,2.0,2.0,100.0,0.0,0.0,42.5,37.5,9.2,9.8,,,
bodypose-estimation,body-pose-openpifpaf-shufflenet-sk30,160x120,160x120,jetson-xav-agx,tensorrt,NPU/GPU,F16,/,/,14.5,45.2,90.5,/,/,/,/,/,/,0.0,0.0,0.0,0.0,0.0,0.0,0.0,0.0,0.0,0.0,0.0,0.0,0.0,,,
bodypose-estimation,body-pose-openpifpaf-shufflenet-sk30,160x120,160x120,jetson-xav-agx,tensorrt,GPU,F16,/,/,14.5,45.2,90.5,/,/,/,/,/,/,0.0,0.0,0.0,0.0,0.0,0.0,0.0,0.0,0.0,0.0,0.0,0.0,0.0,,,
bodypose-estimation,body-pose-openpifpaf-shufflenet-sk30,160x120,160x120,jetson-xav-agx,tensorrt,GPU,F32,/,/,14.5,45.2,180.9,4.2,44.4,46.8,95.5,10.5,109153.9,16.2,7.5,9.7,3.0,2.0,2.0,100.0,0.0,0.0,43.0,37.5,9.2,8.3,,,
bodypose-estimation,body-pose-openpifpaf-shufflenet-sk30,160x120,160x120,jetson-xav-agx,ncnn,GPU,F16,/,/,14.5,45.2,90.5,/,/,/,/,/,/,0.0,0.0,0.0,0.0,0.0,0.0,0.0,0.0,0.0,0.0,0.0,0.0,0.0,,,
bodypose-estimation,body-pose-openpifpaf-shufflenet-sk30,160x120,160x120,jetson-xav-agx,ncnn,GPU,F32,/,/,14.5,45.2,180.9,/,/,/,/,/,/,0.0,0.0,0.0,0.0,0.0,0.0,0.0,0.0,0.0,0.0,0.0,0.0,0.0,,,
bodypose-estimation,body-pose-openpifpaf-shufflenet-sk30,160x120,160x120,jetson-xav-agx,onnxruntime,CPU,F32,/,/,14.5,45.2,180.9,6.2,2225.7,45.9,2277.8,0.4,4574.2,8.8,5.1,9.7,3.0,2.0,2.0,100.0,0.0,0.0,42.2,37.5,9.2,0.3,,,
bodypose-estimation,body-pose-openpifpaf-shufflenet-sk30,320x180,320x180,jetson-xav-agx,lne,CPU,F32,/,/,43.9,45.2,181.0,2.8,2542.6,55.9,2601.3,0.4,4005.3,7.0,2.6,7.0,2.2,2.2,3.0,70.1,0.0,0.0,48.0,46.9,8.8,1.0,,,
bodypose-estimation,body-pose-openpifpaf-shufflenet-sk30,320x180,320x180,jetson-xav-agx,onnxruntime,CPU,F32,/,/,43.9,45.2,181.0,2.9,3273.3,64.4,3340.6,0.3,3118.9,6.5,2.5,6.5,2.1,2.0,3.0,69.8,0.0,0.0,48.8,47.6,8.7,0.8,,,
bodypose-estimation,body-pose-openpifpaf-shufflenet-sk30,320x180,320x180,jetson-xav-agx,lne,GPU/CPU,F32,/,/,43.9,45.2,181.0,8.0,1235.9,156.8,1400.7,0.7,7438.5,13.3,6.6,9.7,3.0,2.0,2.0,100.0,0.0,0.0,39.2,37.5,9.2,1.7,,,
bodypose-estimation,body-pose-openpifpaf-shufflenet-sk30,320x180,320x180,jetson-xav-agx,tensorrt,NPU/GPU,S8,/,/,43.9,45.2,45.2,/,/,/,/,/,/,0.0,0.0,0.0,0.0,0.0,0.0,0.0,0.0,0.0,0.0,0.0,0.0,0.0,,,
bodypose-estimation,body-pose-openpifpaf-shufflenet-sk30,320x180,320x180,jetson-xav-agx,tensorrt,GPU,S8,/,/,43.9,45.2,45.2,6.3,35.8,144.0,186.1,5.4,55975.4,15.8,7.3,9.7,3.0,2.0,2.0,100.0,0.0,0.0,39.0,37.5,9.2,12.8,,,
bodypose-estimation,body-pose-openpifpaf-shufflenet-sk30,320x180,320x180,jetson-xav-agx,tensorrt,NPU/GPU,F16,/,/,43.9,45.2,90.5,/,/,/,/,/,/,0.0,0.0,0.0,0.0,0.0,0.0,0.0,0.0,0.0,0.0,0.0,0.0,0.0,,,
bodypose-estimation,body-pose-openpifpaf-shufflenet-sk30,320x180,320x180,jetson-xav-agx,tensorrt,GPU,F16,/,/,43.9,45.2,90.5,/,/,/,/,/,/,0.0,0.0,0.0,0.0,0.0,0.0,0.0,0.0,0.0,0.0,0.0,0.0,0.0,,,
bodypose-estimation,body-pose-openpifpaf-shufflenet-sk30,320x180,320x180,jetson-xav-agx,tensorrt,GPU,F32,/,/,43.9,45.2,181.0,6.3,99.7,130.9,236.8,4.2,43993.3,16.7,7.5,9.7,3.0,2.0,2.0,100.0,0.0,0.0,39.8,37.5,9.2,10.1,,,
bodypose-estimation,body-pose-openpifpaf-shufflenet-sk30,320x180,320x180,jetson-xav-agx,ncnn,GPU,F16,/,/,43.9,45.2,90.5,/,/,/,/,/,/,0.0,0.0,0.0,0.0,0.0,0.0,0.0,0.0,0.0,0.0,0.0,0.0,0.0,,,
bodypose-estimation,body-pose-openpifpaf-shufflenet-sk30,320x180,320x180,jetson-xav-agx,ncnn,GPU,F32,/,/,43.9,45.2,181.0,/,/,/,/,/,/,0.0,0.0,0.0,0.0,0.0,0.0,0.0,0.0,0.0,0.0,0.0,0.0,0.0,,,
bodypose-estimation,body-pose-openpifpaf-shufflenet-sk30,320x180,320x180,jetson-xav-agx,onnxruntime,CPU,F32,/,/,43.9,45.2,181.0,8.8,4979.7,124.4,5112.8,0.2,2037.8,9.0,5.2,9.7,3.0,2.0,2.0,100.0,0.0,0.0,39.5,37.5,9.2,0.5,,,
bodypose-estimation,body-pose-openpifpaf-shufflenet-sk30,320x240,320x240,jetson-xav-agx,lne,CPU,F32,/,/,56.6,45.2,181.0,9.2,6423.2,166.3,6598.8,0.2,1578.9,6.4,1.6,6.4,2.1,2.0,3.0,100.0,0.0,0.0,37.0,35.9,9.7,0.4,,,
bodypose-estimation,body-pose-openpifpaf-shufflenet-sk30,320x240,320x240,jetson-xav-agx,onnxruntime,CPU,F32,/,/,56.6,45.2,181.0,8.3,6138.4,143.3,6290.0,0.2,1656.4,6.0,1.5,6.0,2.0,2.1,3.0,100.0,0.0,0.0,37.3,36.1,9.7,0.5,,,
bodypose-estimation,body-pose-openpifpaf-shufflenet-sk30,320x240,320x240,jetson-xav-agx,lne,GPU/CPU,F32,/,/,56.6,45.2,181.0,9.0,1369.6,189.1,1567.6,0.6,6646.3,13.6,6.7,9.7,3.0,2.0,2.0,99.9,0.0,0.0,39.0,37.5,9.2,2.0,,,
bodypose-estimation,body-pose-openpifpaf-shufflenet-sk30,320x240,320x240,jetson-xav-agx,tensorrt,NPU/GPU,S8,/,/,56.6,45.2,45.2,/,/,/,/,/,/,0.0,0.0,0.0,0.0,0.0,0.0,0.0,0.0,0.0,0.0,0.0,0.0,0.0,,,
bodypose-estimation,body-pose-openpifpaf-shufflenet-sk30,320x240,320x240,jetson-xav-agx,tensorrt,GPU,S8,/,/,56.6,45.2,45.2,9.4,42.8,201.2,253.4,3.9,41119.3,16.0,7.3,9.7,3.0,2.0,2.0,100.0,0.0,0.0,38.5,37.5,9.2,12.2,,,
bodypose-estimation,body-pose-openpifpaf-shufflenet-sk30,320x240,320x240,jetson-xav-agx,tensorrt,NPU/GPU,F16,/,/,56.6,45.2,90.5,/,/,/,/,/,/,0.0,0.0,0.0,0.0,0.0,0.0,0.0,0.0,0.0,0.0,0.0,0.0,0.0,,,
bodypose-estimation,body-pose-openpifpaf-shufflenet-sk30,320x240,320x240,jetson-xav-agx,tensorrt,GPU,F16,/,/,56.6,45.2,90.5,/,/,/,/,/,/,0.0,0.0,0.0,0.0,0.0,0.0,0.0,0.0,0.0,0.0,0.0,0.0,0.0,,,
bodypose-estimation,body-pose-openpifpaf-shufflenet-sk30,320x240,320x240,jetson-xav-agx,tensorrt,GPU,F32,/,/,56.6,45.2,181.0,8.8,139.9,209.3,358.0,2.8,29104.7,16.6,7.5,9.7,3.0,2.0,2.0,100.0,0.0,0.0,38.8,37.5,9.2,8.6,,,
bodypose-estimation,body-pose-openpifpaf-shufflenet-sk30,320x240,320x240,jetson-xav-agx,ncnn,GPU,F16,/,/,56.6,45.2,90.5,/,/,/,/,/,/,0.0,0.0,0.0,0.0,0.0,0.0,0.0,0.0,0.0,0.0,0.0,0.0,0.0,,,
bodypose-estimation,body-pose-openpifpaf-shufflenet-sk30,320x240,320x240,jetson-xav-agx,ncnn,GPU,F32,/,/,56.6,45.2,181.0,/,/,/,/,/,/,0.0,0.0,0.0,0.0,0.0,0.0,0.0,0.0,0.0,0.0,0.0,0.0,0.0,,,
bodypose-estimation,body-pose-openpifpaf-shufflenet-sk30,320x240,320x240,jetson-xav-agx,onnxruntime,CPU,F32,/,/,56.6,45.2,181.0,9.3,6224.3,168.6,6402.2,0.2,1627.4,9.1,5.2,9.7,3.0,2.0,2.0,100.0,0.0,0.0,38.5,37.5,9.2,0.5,,,
bodypose-estimation,body-pose-openpifpaf-shufflenet-sk30,640x480,640x480,jetson-xav-agx,lne,CPU,F32,/,/,226.5,45.3,181.0,29.1,25676.4,435.6,26141.1,0.0,398.6,7.4,2.2,7.4,2.7,2.1,5.0,100.0,0.0,0.0,37.8,36.7,9.7,0.4,,,
bodypose-estimation,body-pose-openpifpaf-shufflenet-sk30,640x480,640x480,jetson-xav-agx,onnxruntime,CPU,F32,/,/,226.5,45.3,181.0,27.9,22541.6,449.2,23018.6,0.0,452.6,7.0,2.1,7.0,2.6,2.3,5.0,100.0,0.0,0.0,38.6,37.4,9.7,0.5,,,
bodypose-estimation,body-pose-openpifpaf-shufflenet-sk30,640x480,640x480,jetson-xav-agx,lne,GPU/CPU,F32,/,/,226.5,45.3,181.0,35.9,3226.8,613.7,3876.4,0.3,2687.8,14.4,6.9,9.7,3.0,2.0,2.0,100.0,0.0,0.0,38.5,37.5,9.2,3.2,,,
bodypose-estimation,body-pose-openpifpaf-shufflenet-sk30,640x480,640x480,jetson-xav-agx,tensorrt,NPU/GPU,S8,/,/,226.5,45.3,45.3,/,/,/,/,/,/,0.0,0.0,0.0,0.0,0.0,0.0,0.0,0.0,0.0,0.0,0.0,0.0,0.0,,,
bodypose-estimation,body-pose-openpifpaf-shufflenet-sk30,640x480,640x480,jetson-xav-agx,tensorrt,GPU,S8,/,/,226.5,45.3,45.3,/,/,/,/,/,/,0.0,0.0,0.0,0.0,0.0,0.0,0.0,0.0,0.0,0.0,0.0,0.0,0.0,,,
bodypose-estimation,body-pose-openpifpaf-shufflenet-sk30,640x480,640x480,jetson-xav-agx,tensorrt,NPU/GPU,F16,/,/,226.5,45.3,90.5,/,/,/,/,/,/,0.0,0.0,0.0,0.0,0.0,0.0,0.0,0.0,0.0,0.0,0.0,0.0,0.0,,,
bodypose-estimation,body-pose-openpifpaf-shufflenet-sk30,640x480,640x480,jetson-xav-agx,tensorrt,GPU,F16,/,/,226.5,45.3,90.5,/,/,/,/,/,/,0.0,0.0,0.0,0.0,0.0,0.0,0.0,0.0,0.0,0.0,0.0,0.0,0.0,,,
bodypose-estimation,body-pose-openpifpaf-shufflenet-sk30,640x480,640x480,jetson-xav-agx,tensorrt,GPU,F32,/,/,226.5,45.3,181.0,33.8,483.3,702.4,1219.5,0.8,8543.7,17.9,8.1,9.7,3.0,2.0,2.0,100.0,0.0,0.0,38.3,37.5,9.2,10.1,,,
bodypose-estimation,body-pose-openpifpaf-shufflenet-sk30,640x480,640x480,jetson-xav-agx,ncnn,GPU,F16,/,/,226.5,45.3,90.5,/,/,/,/,/,/,0.0,0.0,0.0,0.0,0.0,0.0,0.0,0.0,0.0,0.0,0.0,0.0,0.0,,,
bodypose-estimation,body-pose-openpifpaf-shufflenet-sk30,640x480,640x480,jetson-xav-agx,ncnn,GPU,F32,/,/,226.5,45.3,181.0,/,/,/,/,/,/,0.0,0.0,0.0,0.0,0.0,0.0,0.0,0.0,0.0,0.0,0.0,0.0,0.0,,,
bodypose-estimation,body-pose-openpifpaf-shufflenet-sk30,640x480,640x480,jetson-xav-agx,onnxruntime,CPU,F32,/,/,226.5,45.3,181.0,34.0,22469.9,534.7,23038.6,0.0,452.2,9.8,5.3,9.7,3.0,2.0,2.0,100.0,0.0,0.0,38.5,37.5,9.2,0.5,,,
bodypose-estimation,body-pose-openpifpaf-shufflenet-v2k16,240x180,240x180,jetson-xav-agx,lne,CPU,F32,/,/,11.8,20.5,82.1,2.1,623.8,38.2,664.1,1.5,15689.2,6.5,2.4,6.5,2.0,2.8,3.0,69.8,0.0,0.0,47.6,46.4,8.9,1.0,,,
bodypose-estimation,body-pose-openpifpaf-shufflenet-v2k16,240x180,240x180,jetson-xav-agx,onnxruntime,CPU,F32,/,/,11.8,20.5,82.1,2.2,1123.9,44.4,1170.5,0.9,8901.0,6.2,2.3,6.2,1.9,2.0,2.0,69.5,0.0,0.0,47.7,46.5,8.6,0.6,,,
bodypose-estimation,body-pose-openpifpaf-shufflenet-v2k16,240x180,240x180,jetson-xav-agx,lne,GPU/CPU,F32,/,/,11.8,20.5,82.1,5.5,517.2,121.6,644.3,1.6,16171.9,12.6,6.3,9.7,3.0,2.0,2.0,100.0,0.0,0.0,37.0,37.5,9.2,1.0,,,
bodypose-estimation,body-pose-openpifpaf-shufflenet-v2k16,240x180,240x180,jetson-xav-agx,tensorrt,NPU/GPU,S8,/,/,11.8,20.5,20.5,3.9,76.2,111.1,191.2,5.2,54489.4,15.8,7.1,9.7,3.0,2.0,2.0,100.0,0.0,2.0,37.2,37.5,9.2,3.4,,,
bodypose-estimation,body-pose-openpifpaf-shufflenet-v2k16,240x180,240x180,jetson-xav-agx,tensorrt,GPU,S8,/,/,11.8,20.5,20.5,4.2,18.6,105.4,128.2,7.8,81240.2,15.6,7.0,9.7,3.0,2.0,2.0,100.0,0.0,0.0,37.0,37.5,9.2,5.0,,,
bodypose-estimation,body-pose-openpifpaf-shufflenet-v2k16,240x180,240x180,jetson-xav-agx,tensorrt,NPU/GPU,F16,/,/,11.8,20.5,41.0,/,/,/,/,/,/,0.0,0.0,0.0,0.0,0.0,0.0,0.0,0.0,0.0,0.0,0.0,0.0,0.0,,,
bodypose-estimation,body-pose-openpifpaf-shufflenet-v2k16,240x180,240x180,jetson-xav-agx,tensorrt,GPU,F16,/,/,11.8,20.5,41.0,/,/,/,/,/,/,0.0,0.0,0.0,0.0,0.0,0.0,0.0,0.0,0.0,0.0,0.0,0.0,0.0,,,
bodypose-estimation,body-pose-openpifpaf-shufflenet-v2k16,240x180,240x180,jetson-xav-agx,tensorrt,GPU,F32,/,/,11.8,20.5,82.1,5.7,38.2,108.7,152.6,6.6,68271.2,16.0,7.2,9.7,3.0,2.0,2.0,100.0,0.0,0.0,37.3,37.5,9.2,4.2,,,
bodypose-estimation,body-pose-openpifpaf-shufflenet-v2k16,240x180,240x180,jetson-xav-agx,ncnn,GPU,F16,/,/,11.8,20.5,41.0,/,/,/,/,/,/,0.0,0.0,0.0,0.0,0.0,0.0,0.0,0.0,0.0,0.0,0.0,0.0,0.0,,,
bodypose-estimation,body-pose-openpifpaf-shufflenet-v2k16,240x180,240x180,jetson-xav-agx,ncnn,GPU,F32,/,/,11.8,20.5,82.1,/,/,/,/,/,/,0.0,0.0,0.0,0.0,0.0,0.0,0.0,0.0,0.0,0.0,0.0,0.0,0.0,,,
bodypose-estimation,body-pose-openpifpaf-shufflenet-v2k16,240x180,240x180,jetson-xav-agx,onnxruntime,CPU,F32,/,/,11.8,20.5,82.1,6.6,1793.5,88.8,1888.8,0.5,5516.1,9.4,5.1,9.7,3.0,2.0,2.0,100.0,0.0,0.0,37.0,37.5,9.2,0.3,,,
bodypose-estimation,body-pose-openpifpaf-shufflenet-v2k16,320x180,320x180,jetson-xav-agx,lne,CPU,F32,/,/,15.8,20.5,82.1,2.7,818.4,60.2,881.4,1.1,11821.6,6.4,2.4,6.4,2.1,3.0,3.0,70.1,0.0,0.0,47.5,46.5,8.9,1.0,,,
bodypose-estimation,body-pose-openpifpaf-shufflenet-v2k16,320x180,320x180,jetson-xav-agx,onnxruntime,CPU,F32,/,/,15.8,20.5,82.1,2.9,1423.3,54.3,1480.4,0.7,7037.8,6.4,2.3,6.4,2.0,2.0,3.0,69.6,0.0,0.0,47.7,46.7,8.6,0.6,,,
bodypose-estimation,body-pose-openpifpaf-shufflenet-v2k16,320x180,320x180,jetson-xav-agx,lne,GPU/CPU,F32,/,/,15.8,20.5,82.1,7.3,511.1,141.3,659.7,1.5,15794.0,13.2,6.4,9.7,3.0,2.0,2.0,100.0,0.0,0.0,36.5,37.5,9.2,1.3,,,
bodypose-estimation,body-pose-openpifpaf-shufflenet-v2k16,320x180,320x180,jetson-xav-agx,tensorrt,NPU/GPU,S8,/,/,15.8,20.5,20.5,7.5,89.6,126.3,223.4,4.5,46642.1,16.2,7.2,9.7,3.0,2.0,2.0,100.0,0.0,0.0,36.5,37.5,9.2,3.8,,,
bodypose-estimation,body-pose-openpifpaf-shufflenet-v2k16,320x180,320x180,jetson-xav-agx,tensorrt,GPU,S8,/,/,15.8,20.5,20.5,6.9,21.7,130.9,159.4,6.3,65358.4,15.8,7.1,9.7,3.0,2.0,2.0,100.0,0.0,0.0,36.5,37.5,9.2,5.4,,,
bodypose-estimation,body-pose-openpifpaf-shufflenet-v2k16,320x180,320x180,jetson-xav-agx,tensorrt,NPU/GPU,F16,/,/,15.8,20.5,41.0,/,/,/,/,/,/,0.0,0.0,0.0,0.0,0.0,0.0,0.0,0.0,0.0,0.0,0.0,0.0,0.0,,,
bodypose-estimation,body-pose-openpifpaf-shufflenet-v2k16,320x180,320x180,jetson-xav-agx,tensorrt,GPU,F16,/,/,15.8,20.5,41.0,/,/,/,/,/,/,0.0,0.0,0.0,0.0,0.0,0.0,0.0,0.0,0.0,0.0,0.0,0.0,0.0,,,
bodypose-estimation,body-pose-openpifpaf-shufflenet-v2k16,320x180,320x180,jetson-xav-agx,tensorrt,GPU,F32,/,/,15.8,20.5,82.1,7.6,43.5,128.2,179.3,5.6,58097.3,16.4,7.3,9.7,3.0,2.0,2.0,100.0,0.0,0.0,36.5,37.5,9.2,4.8,,,
bodypose-estimation,body-pose-openpifpaf-shufflenet-v2k16,320x180,320x180,jetson-xav-agx,ncnn,GPU,F16,/,/,15.8,20.5,41.0,/,/,/,/,/,/,0.0,0.0,0.0,0.0,0.0,0.0,0.0,0.0,0.0,0.0,0.0,0.0,0.0,,,
bodypose-estimation,body-pose-openpifpaf-shufflenet-v2k16,320x180,320x180,jetson-xav-agx,ncnn,GPU,F32,/,/,15.8,20.5,82.1,/,/,/,/,/,/,0.0,0.0,0.0,0.0,0.0,0.0,0.0,0.0,0.0,0.0,0.0,0.0,0.0,,,
bodypose-estimation,body-pose-openpifpaf-shufflenet-v2k16,320x180,320x180,jetson-xav-agx,onnxruntime,CPU,F32,/,/,15.8,20.5,82.1,6.8,2122.4,97.4,2226.6,0.4,4679.3,9.6,5.2,9.7,3.0,2.0,2.0,100.0,0.0,0.0,36.5,37.5,9.2,0.4,,,
bodypose-estimation,body-pose-openpifpaf-shufflenet-v2k16,320x240,320x240,jetson-xav-agx,lne,CPU,F32,/,/,20.2,20.5,82.1,3.3,1050.3,77.3,1130.9,0.9,9212.9,6.5,2.5,6.5,2.1,3.0,4.0,70.1,0.0,0.0,48.3,47.2,9.0,1.0,,,
bodypose-estimation,body-pose-openpifpaf-shufflenet-v2k16,320x240,320x240,jetson-xav-agx,onnxruntime,CPU,F32,/,/,20.2,20.5,82.1,3.5,1790.2,86.6,1880.3,0.5,5541.1,6.3,2.4,6.3,2.1,2.2,3.0,69.7,0.0,0.0,48.6,47.4,8.6,0.6,,,
bodypose-estimation,body-pose-openpifpaf-shufflenet-v2k16,320x240,320x240,jetson-xav-agx,lne,GPU/CPU,F32,/,/,20.2,20.5,82.1,10.0,706.5,173.0,889.6,1.1,11712.3,13.6,6.5,9.7,3.0,2.0,2.0,100.0,0.0,0.0,36.0,37.5,9.2,1.2,,,
bodypose-estimation,body-pose-openpifpaf-shufflenet-v2k16,320x240,320x240,jetson-xav-agx,tensorrt,NPU/GPU,S8,/,/,20.2,20.5,20.5,9.7,113.3,221.6,344.6,2.9,30233.6,16.2,7.1,9.7,3.0,2.0,2.0,99.8,0.0,1.0,36.0,37.5,9.2,3.2,,,
bodypose-estimation,body-pose-openpifpaf-shufflenet-v2k16,320x240,320x240,jetson-xav-agx,tensorrt,GPU,S8,/,/,20.2,20.5,20.5,9.3,22.6,216.6,248.5,4.0,41930.3,16.2,7.1,9.7,3.0,2.0,2.0,100.0,0.0,0.0,36.0,37.5,9.2,4.4,,,
bodypose-estimation,body-pose-openpifpaf-shufflenet-v2k16,320x240,320x240,jetson-xav-agx,tensorrt,NPU/GPU,F16,/,/,20.2,20.5,41.0,/,/,/,/,/,/,0.0,0.0,0.0,0.0,0.0,0.0,0.0,0.0,0.0,0.0,0.0,0.0,0.0,,,
bodypose-estimation,body-pose-openpifpaf-shufflenet-v2k16,320x240,320x240,jetson-xav-agx,tensorrt,GPU,F16,/,/,20.2,20.5,41.0,/,/,/,/,/,/,0.0,0.0,0.0,0.0,0.0,0.0,0.0,0.0,0.0,0.0,0.0,0.0,0.0,,,
bodypose-estimation,body-pose-openpifpaf-shufflenet-v2k16,320x240,320x240,jetson-xav-agx,tensorrt,GPU,F32,/,/,20.2,20.5,82.1,9.1,59.3,211.4,279.8,3.6,37243.4,16.4,7.2,9.7,3.0,2.0,2.0,100.0,0.0,0.0,36.0,37.5,9.2,3.9,,,
bodypose-estimation,body-pose-openpifpaf-shufflenet-v2k16,320x240,320x240,jetson-xav-agx,ncnn,GPU,F16,/,/,20.2,20.5,41.0,/,/,/,/,/,/,0.0,0.0,0.0,0.0,0.0,0.0,0.0,0.0,0.0,0.0,0.0,0.0,0.0,,,
bodypose-estimation,body-pose-openpifpaf-shufflenet-v2k16,320x240,320x240,jetson-xav-agx,ncnn,GPU,F32,/,/,20.2,20.5,82.1,/,/,/,/,/,/,0.0,0.0,0.0,0.0,0.0,0.0,0.0,0.0,0.0,0.0,0.0,0.0,0.0,,,
bodypose-estimation,body-pose-openpifpaf-shufflenet-v2k16,320x240,320x240,jetson-xav-agx,onnxruntime,CPU,F32,/,/,20.2,20.5,82.1,8.3,2707.1,167.3,2882.8,0.3,3614.2,9.5,5.1,9.7,3.0,2.0,2.0,100.0,0.0,0.0,36.0,37.5,9.2,0.4,,,
coco,incar-object-detection-nanodet,5x,320x320,jetson-xav-agx,lne,CPU,F32,/,/,1.8,2.5,9.8,7.2,138.2,0.0,145.4,6.9,71643.7,6.0,2.2,6.0,1.9,1.3,2.0,66.6,0.0,0.0,43.6,42.8,8.2,0.7,,,
coco,incar-object-detection-nanodet,5x,320x320,jetson-xav-agx,onnxruntime,CPU,F32,/,/,1.8,2.5,9.8,3.8,278.1,0.1,282.0,3.5,36944.8,6.0,2.2,6.0,1.9,1.0,2.0,68.7,0.0,0.0,43.5,42.6,8.3,0.4,,,
coco,incar-object-detection-nanodet,5x,320x320,jetson-xav-agx,lne,GPU/CPU,F32,/,/,1.8,2.5,9.8,9.8,283.7,0.1,293.6,3.4,35487.1,12.6,6.0,9.7,3.0,2.0,2.0,100.0,0.0,0.0,38.0,37.5,9.2,0.3,,,
coco,incar-object-detection-nanodet,5x,320x320,jetson-xav-agx,tensorrt,NPU/GPU,S8,/,/,1.8,2.5,2.5,8.1,78.4,0.8,87.3,11.5,119378.7,16.2,7.0,9.7,3.0,2.0,2.0,100.0,0.0,2.0,37.8,37.5,9.2,1.1,,,
coco,incar-object-detection-nanodet,5x,320x320,jetson-xav-agx,tensorrt,GPU,S8,/,/,1.8,2.5,2.5,/,/,/,/,/,/,0.0,0.0,0.0,0.0,0.0,0.0,0.0,0.0,0.0,0.0,0.0,0.0,0.0,,,
coco,incar-object-detection-nanodet,5x,320x320,jetson-xav-agx,tensorrt,NPU/GPU,F16,/,/,1.8,2.5,4.9,7.8,74.2,1.2,83.3,12.0,125134.8,16.1,7.0,9.7,3.0,2.0,2.0,100.0,0.0,1.0,38.0,37.5,9.2,1.2,,,
coco,incar-object-detection-nanodet,5x,320x320,jetson-xav-agx,tensorrt,GPU,F16,/,/,1.8,2.5,4.9,/,/,/,/,/,/,0.0,0.0,0.0,0.0,0.0,0.0,0.0,0.0,0.0,0.0,0.0,0.0,0.0,,,
coco,incar-object-detection-nanodet,5x,320x320,jetson-xav-agx,tensorrt,GPU,F32,/,/,1.8,2.5,9.8,7.4,18.3,0.6,26.3,38.0,396162.9,15.9,6.9,9.7,3.0,2.0,2.0,100.0,0.0,0.0,38.2,37.5,9.2,3.7,,,
coco,incar-object-detection-nanodet,5x,320x320,jetson-xav-agx,ncnn,GPU,F16,/,/,1.8,2.5,4.9,8.0,20.7,0.5,29.2,34.2,356728.0,10.4,5.2,9.7,3.0,2.0,2.0,100.0,0.0,0.0,38.2,37.5,9.2,3.3,,,
coco,incar-object-detection-nanodet,5x,320x320,jetson-xav-agx,ncnn,GPU,F32,/,/,1.8,2.5,9.8,9.9,21.7,0.9,32.5,30.8,320753.8,10.5,5.3,9.7,3.0,2.0,2.0,100.0,0.0,0.0,38.0,37.5,9.2,3.0,,,
coco,incar-object-detection-nanodet,5x,320x320,jetson-xav-agx,onnxruntime,CPU,F32,/,/,1.8,2.5,9.8,9.8,491.5,0.1,501.3,2.0,20781.9,9.7,5.0,9.7,3.0,2.0,2.0,100.0,0.0,0.0,38.2,37.5,9.2,0.2,,,
coco,incar-object-detection-nanodet,m,320x320,jetson-xav-agx,lne,CPU,F32,/,/,0.9,1.2,4.7,6.9,86.0,0.0,92.9,10.8,112167.5,5.9,2.2,5.9,1.9,1.1,2.0,65.6,0.0,0.0,42.0,41.2,8.1,0.6,,,
coco,incar-object-detection-nanodet,m,320x320,jetson-xav-agx,onnxruntime,CPU,F32,/,/,0.9,1.2,4.7,3.4,176.5,0.1,180.0,5.6,57889.9,6.0,2.2,6.0,1.9,1.0,1.0,68.3,0.0,0.0,41.9,41.2,8.2,0.3,,,
coco,incar-object-detection-nanodet,m,320x320,jetson-xav-agx,lne,GPU/CPU,F32,/,/,0.9,1.2,4.7,10.0,191.6,0.1,201.6,5.0,51673.3,12.8,6.0,9.7,3.0,2.0,2.0,99.9,0.0,0.0,36.8,37.5,9.2,0.2,,,
coco,incar-object-detection-nanodet,m,320x320,jetson-xav-agx,tensorrt,NPU/GPU,S8,/,/,0.9,1.2,1.2,8.6,75.3,0.7,84.6,11.8,123168.2,16.3,7.0,9.7,3.0,2.0,2.0,100.0,0.0,1.0,36.7,37.5,9.2,0.6,,,
coco,incar-object-detection-nanodet,m,320x320,jetson-xav-agx,tensorrt,GPU,S8,/,/,0.9,1.2,1.2,/,/,/,/,/,/,0.0,0.0,0.0,0.0,0.0,0.0,0.0,0.0,0.0,0.0,0.0,0.0,0.0,,,
coco,incar-object-detection-nanodet,m,320x320,jetson-xav-agx,tensorrt,NPU/GPU,F16,/,/,0.9,1.2,2.4,8.0,62.4,0.9,71.4,14.0,145989.3,16.2,7.0,9.7,3.0,2.0,2.0,100.0,0.0,1.0,37.0,37.5,9.2,0.7,,,
coco,incar-object-detection-nanodet,m,320x320,jetson-xav-agx,tensorrt,GPU,F16,/,/,0.9,1.2,2.4,/,/,/,/,/,/,0.0,0.0,0.0,0.0,0.0,0.0,0.0,0.0,0.0,0.0,0.0,0.0,0.0,,,
coco,incar-object-detection-nanodet,m,320x320,jetson-xav-agx,tensorrt,GPU,F32,/,/,0.9,1.2,4.7,9.6,20.3,1.3,31.2,32.1,334427.1,15.8,6.9,9.7,3.0,2.0,2.0,100.0,0.0,0.0,37.0,37.5,9.2,1.6,,,
coco,incar-object-detection-nanodet,m,320x320,jetson-xav-agx,ncnn,GPU,F16,/,/,0.9,1.2,2.4,8.4,19.8,0.5,28.6,34.9,363971.7,10.3,5.2,9.7,3.0,2.0,2.0,99.9,0.0,0.0,37.0,37.5,9.2,1.7,,,
coco,incar-object-detection-nanodet,m,320x320,jetson-xav-agx,ncnn,GPU,F32,/,/,0.9,1.2,4.7,8.8,18.7,0.7,28.2,35.4,369325.2,10.4,5.2,9.7,3.0,2.0,2.0,100.0,0.0,0.0,37.0,37.5,9.2,1.8,,,
coco,incar-object-detection-nanodet,m,320x320,jetson-xav-agx,onnxruntime,CPU,F32,/,/,0.9,1.2,4.7,7.8,312.1,0.2,320.1,3.1,32552.2,9.7,5.0,9.7,3.0,2.0,2.0,100.0,0.0,0.0,37.2,37.5,9.2,0.2,,,
face-landmarks-detection,face-landmarks-detection-retinaface,mobile0.25mod4lite-12-48,320x320,jetson-xav-agx,lne,CPU,F32,AP-medium,43.8,0.3,0.2,0.9,6.3,34.0,5.1,45.4,22.0,229482.5,3.7,2.1,3.7,1.2,2.0,2.0,64.1,0.0,0.0,40.8,40.0,7.9,0.4,,,
face-landmarks-detection,face-landmarks-detection-retinaface,mobile0.25mod4lite-12-48,320x320,jetson-xav-agx,onnxruntime,CPU,F32,AP-medium,43.8,0.3,0.2,0.9,6.5,68.3,10.6,85.4,11.7,122036.4,3.7,2.1,3.7,1.2,1.0,1.0,66.6,0.0,0.0,40.9,40.2,8.0,0.2,,,
face-landmarks-detection,face-landmarks-detection-retinaface,mobile0.25mod4lite-12-48,320x320,jetson-xav-agx,lne,GPU/CPU,F32,AP-medium,43.8,0.3,0.2,0.9,9.6,79.2,10.1,98.9,10.1,105295.6,12.9,6.1,9.7,3.0,2.0,2.0,100.0,0.0,0.0,37.2,37.5,9.2,0.2,,,
face-landmarks-detection,face-landmarks-detection-retinaface,mobile0.25mod4lite-12-48,320x320,jetson-xav-agx,tensorrt,NPU/GPU,S8,AP-medium,43.8,0.3,0.2,0.2,8.8,60.1,5.4,74.2,13.5,140339.2,15.8,6.8,9.7,3.0,2.0,2.0,100.0,0.0,3.0,37.5,37.5,9.2,0.2,,,
face-landmarks-detection,face-landmarks-detection-retinaface,mobile0.25mod4lite-12-48,320x320,jetson-xav-agx,tensorrt,GPU,S8,AP-medium,43.8,0.3,0.2,0.2,/,/,/,/,/,/,0.0,0.0,0.0,0.0,0.0,0.0,0.0,0.0,0.0,0.0,0.0,0.0,0.0,,,
face-landmarks-detection,face-landmarks-detection-retinaface,mobile0.25mod4lite-12-48,320x320,jetson-xav-agx,tensorrt,NPU/GPU,F16,AP-medium,43.8,0.3,0.2,0.5,6.9,34.5,6.8,48.2,20.8,216204.6,15.7,6.8,9.7,3.0,2.0,2.0,100.0,0.0,2.0,37.5,37.5,9.2,0.4,,,
face-landmarks-detection,face-landmarks-detection-retinaface,mobile0.25mod4lite-12-48,320x320,jetson-xav-agx,tensorrt,GPU,F16,AP-medium,43.8,0.3,0.2,0.5,/,/,/,/,/,/,0.0,0.0,0.0,0.0,0.0,0.0,0.0,0.0,0.0,0.0,0.0,0.0,0.0,,,
face-landmarks-detection,face-landmarks-detection-retinaface,mobile0.25mod4lite-12-48,320x320,jetson-xav-agx,tensorrt,GPU,F32,AP-medium,43.8,0.3,0.2,0.9,7.8,14.5,9.6,31.8,31.4,327303.3,15.7,6.8,9.7,3.0,2.0,2.0,100.0,0.0,0.0,37.5,37.5,9.2,0.5,,,
face-landmarks-detection,face-landmarks-detection-retinaface,mobile0.25mod4lite-12-48,320x320,jetson-xav-agx,ncnn,GPU,F16,AP-medium,43.8,0.3,0.2,0.5,8.0,22.6,7.8,38.4,26.0,271117.7,10.1,5.1,9.7,3.0,2.0,2.0,100.0,0.0,0.0,37.3,37.5,9.2,0.5,,,
face-landmarks-detection,face-landmarks-detection-retinaface,mobile0.25mod4lite-12-48,320x320,jetson-xav-agx,ncnn,GPU,F32,AP-medium,43.8,0.3,0.2,0.9,9.7,21.9,8.2,39.7,25.2,262389.7,10.1,5.1,9.7,3.0,2.0,2.0,100.0,0.0,0.0,37.5,37.5,9.2,0.4,,,
face-landmarks-detection,face-landmarks-detection-retinaface,mobile0.25mod4lite-12-48,320x320,jetson-xav-agx,onnxruntime,CPU,F32,AP-medium,43.8,0.3,0.2,0.9,17.0,123.6,20.4,160.9,6.2,64752.4,9.6,4.9,9.7,3.0,2.0,2.0,100.0,0.0,0.0,37.5,37.5,9.2,0.1,,,
face-landmarks-detection,face-landmarks-detection-retinaface,mobile0.25mod4lite-12-48,320x185,jetson-xav-agx,lne,CPU,F32,AP-medium,31.9,0.2,0.2,0.9,3.2,21.3,3.1,27.6,36.2,377449.4,3.7,2.1,3.7,1.2,1.4,2.0,62.5,0.0,0.0,41.1,40.5,7.8,0.4,,,
face-landmarks-detection,face-landmarks-detection-retinaface,mobile0.25mod4lite-12-48,320x185,jetson-xav-agx,onnxruntime,CPU,F32,AP-medium,31.9,0.2,0.2,0.9,2.2,44.8,4.6,51.5,19.4,202197.0,3.7,2.1,3.7,1.2,1.0,1.0,65.6,0.0,0.0,41.4,40.6,8.0,0.2,,,
face-landmarks-detection,face-landmarks-detection-retinaface,mobile0.25mod4lite-12-48,320x185,jetson-xav-agx,lne,GPU/CPU,F32,AP-medium,31.9,0.2,0.2,0.9,5.9,60.8,7.7,74.4,13.4,140017.4,13.0,6.1,9.7,3.0,2.0,2.0,100.0,0.0,0.0,37.0,37.5,9.2,0.1,,,
face-landmarks-detection,face-landmarks-detection-retinaface,mobile0.25mod4lite-12-48,320x185,jetson-xav-agx,tensorrt,NPU/GPU,S8,AP-medium,31.9,0.2,0.2,0.2,5.3,53.3,4.5,63.2,15.8,164973.8,15.9,6.8,9.7,3.0,2.0,2.0,100.0,0.0,0.0,37.0,37.5,9.2,0.2,,,
face-landmarks-detection,face-landmarks-detection-retinaface,mobile0.25mod4lite-12-48,320x185,jetson-xav-agx,tensorrt,GPU,S8,AP-medium,31.9,0.2,0.2,0.2,/,/,/,/,/,/,0.0,0.0,0.0,0.0,0.0,0.0,0.0,0.0,0.0,0.0,0.0,0.0,0.0,,,
face-landmarks-detection,face-landmarks-detection-retinaface,mobile0.25mod4lite-12-48,320x185,jetson-xav-agx,tensorrt,NPU/GPU,F16,AP-medium,31.9,0.2,0.2,0.5,4.7,30.7,5.1,40.5,24.7,257156.8,16.0,6.9,9.7,3.0,2.0,2.0,100.0,0.0,1.0,37.0,37.5,9.2,0.3,,,
face-landmarks-detection,face-landmarks-detection-retinaface,mobile0.25mod4lite-12-48,320x185,jetson-xav-agx,tensorrt,GPU,F16,AP-medium,31.9,0.2,0.2,0.5,/,/,/,/,/,/,0.0,0.0,0.0,0.0,0.0,0.0,0.0,0.0,0.0,0.0,0.0,0.0,0.0,,,
face-landmarks-detection,face-landmarks-detection-retinaface,mobile0.25mod4lite-12-48,320x185,jetson-xav-agx,tensorrt,GPU,F32,AP-medium,31.9,0.2,0.2,0.9,4.9,15.4,8.5,28.8,34.7,361868.1,15.8,6.8,9.7,3.0,2.0,2.0,100.0,0.0,0.0,37.0,37.5,9.2,0.4,,,
face-landmarks-detection,face-landmarks-detection-retinaface,mobile0.25mod4lite-12-48,320x185,jetson-xav-agx,ncnn,GPU,F16,AP-medium,31.9,0.2,0.2,0.5,5.7,21.3,6.5,33.4,29.9,311987.0,10.2,5.1,9.7,3.0,2.0,2.0,100.0,0.0,0.0,37.0,37.5,9.2,0.3,,,
face-landmarks-detection,face-landmarks-detection-retinaface,mobile0.25mod4lite-12-48,320x185,jetson-xav-agx,ncnn,GPU,F32,AP-medium,31.9,0.2,0.2,0.9,5.4,21.4,6.0,32.8,30.5,317642.8,10.2,5.1,9.7,3.0,2.0,2.0,100.0,0.0,0.0,37.0,37.5,9.2,0.3,,,
face-landmarks-detection,face-landmarks-detection-retinaface,mobile0.25mod4lite-12-48,320x185,jetson-xav-agx,onnxruntime,CPU,F32,AP-medium,31.9,0.2,0.2,0.9,4.6,81.9,7.9,94.5,10.6,110288.1,9.7,4.9,9.7,3.0,2.0,2.0,100.0,0.0,0.0,37.0,37.5,9.2,0.1,,,
face-landmarks-detection,face-landmarks-detection-retinaface,mobile0.25mod4lite-12-48,320x250,jetson-xav-agx,lne,CPU,F32,AP-medium,41.7,0.3,0.2,0.9,5.6,27.3,4.7,37.6,26.6,277270.0,3.8,2.1,3.8,1.2,1.7,2.0,63.2,0.0,0.0,41.7,41.1,7.8,0.4,,,
face-landmarks-detection,face-landmarks-detection-retinaface,mobile0.25mod4lite-12-48,320x250,jetson-xav-agx,onnxruntime,CPU,F32,AP-medium,41.7,0.3,0.2,0.9,5.4,54.1,8.6,68.1,14.7,153060.9,3.8,2.1,3.8,1.2,1.0,1.0,65.4,0.0,0.0,42.0,41.0,8.1,0.2,,,
face-landmarks-detection,face-landmarks-detection-retinaface,mobile0.25mod4lite-12-48,320x250,jetson-xav-agx,lne,GPU/CPU,F32,AP-medium,41.7,0.3,0.2,0.9,8.1,77.5,8.1,93.8,10.7,111121.1,13.2,6.2,9.7,3.0,2.0,2.0,100.0,0.0,0.0,36.5,37.5,9.2,0.1,,,
face-landmarks-detection,face-landmarks-detection-retinaface,mobile0.25mod4lite-12-48,320x250,jetson-xav-agx,tensorrt,NPU/GPU,S8,AP-medium,41.7,0.3,0.2,0.2,6.2,56.1,5.0,67.3,14.9,154822.4,15.6,6.8,9.7,3.0,2.0,2.0,100.0,0.0,1.0,37.0,37.5,9.2,0.2,,,
face-landmarks-detection,face-landmarks-detection-retinaface,mobile0.25mod4lite-12-48,320x250,jetson-xav-agx,tensorrt,GPU,S8,AP-medium,41.7,0.3,0.2,0.2,/,/,/,/,/,/,0.0,0.0,0.0,0.0,0.0,0.0,0.0,0.0,0.0,0.0,0.0,0.0,0.0,,,
face-landmarks-detection,face-landmarks-detection-retinaface,mobile0.25mod4lite-12-48,320x250,jetson-xav-agx,tensorrt,NPU/GPU,F16,AP-medium,41.7,0.3,0.2,0.5,6.1,32.3,4.7,43.1,23.2,241931.1,15.7,6.9,9.7,3.0,2.0,2.0,100.0,0.0,0.0,37.0,37.5,9.2,0.3,,,
face-landmarks-detection,face-landmarks-detection-retinaface,mobile0.25mod4lite-12-48,320x250,jetson-xav-agx,tensorrt,GPU,F16,AP-medium,41.7,0.3,0.2,0.5,/,/,/,/,/,/,0.0,0.0,0.0,0.0,0.0,0.0,0.0,0.0,0.0,0.0,0.0,0.0,0.0,,,
face-landmarks-detection,face-landmarks-detection-retinaface,mobile0.25mod4lite-12-48,320x250,jetson-xav-agx,tensorrt,GPU,F32,AP-medium,41.7,0.3,0.2,0.9,6.2,14.3,9.7,30.3,33.1,344422.7,15.6,6.9,9.7,3.0,2.0,2.0,100.0,0.0,0.0,37.0,37.5,9.2,0.5,,,
face-landmarks-detection,face-landmarks-detection-retinaface,mobile0.25mod4lite-12-48,320x250,jetson-xav-agx,ncnn,GPU,F16,AP-medium,41.7,0.3,0.2,0.5,8.2,21.7,7.0,36.9,27.1,282185.8,10.0,5.1,9.7,3.0,2.0,2.0,100.0,0.0,0.0,36.8,37.5,9.2,0.4,,,
face-landmarks-detection,face-landmarks-detection-retinaface,mobile0.25mod4lite-12-48,320x250,jetson-xav-agx,ncnn,GPU,F32,AP-medium,41.7,0.3,0.2,0.9,6.7,20.4,7.1,34.2,29.2,304257.4,10.0,5.1,9.7,3.0,2.0,2.0,99.9,0.0,0.0,36.7,37.5,9.2,0.4,,,
face-landmarks-detection,face-landmarks-detection-retinaface,mobile0.25mod4lite-12-48,320x250,jetson-xav-agx,onnxruntime,CPU,F32,AP-medium,41.7,0.3,0.2,0.9,12.9,104.9,17.5,135.3,7.4,77009.9,9.4,4.9,9.7,3.0,2.0,2.0,100.0,0.0,0.0,36.8,37.5,9.2,0.1,,,
face-landmarks-detection,face-landmarks-detection-retinaface,mobile0.25mod4lite-12-48,640x640,jetson-xav-agx,lne,CPU,F32,AP-medium,73.9,1.3,0.2,0.9,11.5,111.3,6.7,129.5,7.7,80477.0,4.1,2.2,4.1,1.3,3.6,4.0,67.6,0.0,0.0,42.7,41.8,8.5,0.6,,,
face-landmarks-detection,face-landmarks-detection-retinaface,mobile0.25mod4lite-12-48,640x640,jetson-xav-agx,onnxruntime,CPU,F32,AP-medium,73.9,1.3,0.2,0.9,23.6,236.8,24.7,285.0,3.5,36554.4,3.9,2.1,3.9,1.2,1.2,2.0,68.2,0.0,0.0,43.0,42.1,8.3,0.3,,,
face-landmarks-detection,face-landmarks-detection-retinaface,mobile0.25mod4lite-12-48,640x640,jetson-xav-agx,lne,GPU/CPU,F32,AP-medium,73.9,1.3,0.2,0.9,31.7,164.7,24.7,221.1,4.5,47117.7,12.8,6.0,9.7,3.0,2.0,2.0,100.0,0.0,0.0,36.8,37.5,9.2,0.3,,,
face-landmarks-detection,face-landmarks-detection-retinaface,mobile0.25mod4lite-12-48,640x640,jetson-xav-agx,tensorrt,NPU/GPU,S8,AP-medium,73.9,1.3,0.2,0.2,31.5,123.4,17.6,172.5,5.8,60406.8,15.8,6.9,9.7,3.0,2.0,2.0,100.0,0.0,3.0,36.5,37.5,9.2,0.4,,,
face-landmarks-detection,face-landmarks-detection-retinaface,mobile0.25mod4lite-12-48,640x640,jetson-xav-agx,tensorrt,GPU,S8,AP-medium,73.9,1.3,0.2,0.2,/,/,/,/,/,/,0.0,0.0,0.0,0.0,0.0,0.0,0.0,0.0,0.0,0.0,0.0,0.0,0.0,,,
face-landmarks-detection,face-landmarks-detection-retinaface,mobile0.25mod4lite-12-48,640x640,jetson-xav-agx,tensorrt,NPU/GPU,F16,AP-medium,73.9,1.3,0.2,0.5,28.0,76.6,17.3,121.9,8.2,85440.3,15.8,6.9,9.7,3.0,2.0,2.0,100.0,0.0,3.0,37.0,37.5,9.2,0.6,,,
face-landmarks-detection,face-landmarks-detection-retinaface,mobile0.25mod4lite-12-48,640x640,jetson-xav-agx,tensorrt,GPU,F16,AP-medium,73.9,1.3,0.2,0.5,/,/,/,/,/,/,0.0,0.0,0.0,0.0,0.0,0.0,0.0,0.0,0.0,0.0,0.0,0.0,0.0,,,
face-landmarks-detection,face-landmarks-detection-retinaface,mobile0.25mod4lite-12-48,640x640,jetson-xav-agx,tensorrt,GPU,F32,AP-medium,73.9,1.3,0.2,0.9,28.9,16.3,23.5,68.7,14.6,151625.9,15.9,6.9,9.7,3.0,2.0,2.0,100.0,0.0,0.0,37.0,37.5,9.2,1.0,,,
face-landmarks-detection,face-landmarks-detection-retinaface,mobile0.25mod4lite-12-48,640x640,jetson-xav-agx,ncnn,GPU,F16,AP-medium,73.9,1.3,0.2,0.5,37.0,31.8,36.8,105.5,9.5,98713.1,10.1,5.1,9.7,3.0,2.0,2.0,100.0,0.0,0.0,37.0,37.5,9.2,0.7,,,
face-landmarks-detection,face-landmarks-detection-retinaface,mobile0.25mod4lite-12-48,640x640,jetson-xav-agx,ncnn,GPU,F32,AP-medium,73.9,1.3,0.2,0.9,37.7,29.9,35.4,103.0,9.7,101140.2,10.2,5.2,9.7,3.0,2.0,2.0,100.0,0.0,0.0,36.8,37.5,9.2,0.7,,,
face-landmarks-detection,face-landmarks-detection-retinaface,mobile0.25mod4lite-12-48,640x640,jetson-xav-agx,onnxruntime,CPU,F32,AP-medium,73.9,1.3,0.2,0.9,56.5,400.0,51.9,508.4,2.0,20494.4,9.7,5.0,9.7,3.0,2.0,2.0,99.9,0.0,0.0,37.0,37.5,9.2,0.1,,,
face-landmarks-detection,face-landmarks-detection-retinaface,mobile0.25mod4lite-12-48,640x380,jetson-xav-agx,lne,CPU,F32,AP-medium,67.2,0.8,0.2,0.9,6.9,69.1,5.3,81.2,12.3,128234.4,4.0,2.1,4.0,1.2,2.9,3.0,65.4,0.0,0.0,43.0,42.0,8.1,0.6,,,
face-landmarks-detection,face-landmarks-detection-retinaface,mobile0.25mod4lite-12-48,640x380,jetson-xav-agx,onnxruntime,CPU,F32,AP-medium,67.2,0.8,0.2,0.9,14.0,152.3,17.7,184.0,5.4,56631.7,3.9,2.1,3.9,1.2,1.0,1.0,68.0,0.0,0.0,43.1,42.3,8.2,0.3,,,
face-landmarks-detection,face-landmarks-detection-retinaface,mobile0.25mod4lite-12-48,640x380,jetson-xav-agx,lne,GPU/CPU,F32,AP-medium,67.2,0.8,0.2,0.9,20.3,123.2,15.7,159.2,6.3,65453.7,13.2,6.2,9.7,3.0,2.0,2.0,100.0,0.0,0.0,36.5,37.5,9.2,0.3,,,
face-landmarks-detection,face-landmarks-detection-retinaface,mobile0.25mod4lite-12-48,640x380,jetson-xav-agx,tensorrt,NPU/GPU,S8,AP-medium,67.2,0.8,0.2,0.2,19.3,87.7,9.2,116.2,8.6,89637.0,15.9,6.9,9.7,3.0,2.0,2.0,100.0,0.0,0.0,36.5,37.5,9.2,0.4,,,
face-landmarks-detection,face-landmarks-detection-retinaface,mobile0.25mod4lite-12-48,640x380,jetson-xav-agx,tensorrt,GPU,S8,AP-medium,67.2,0.8,0.2,0.2,/,/,/,/,/,/,0.0,0.0,0.0,0.0,0.0,0.0,0.0,0.0,0.0,0.0,0.0,0.0,0.0,,,
face-landmarks-detection,face-landmarks-detection-retinaface,mobile0.25mod4lite-12-48,640x380,jetson-xav-agx,tensorrt,NPU/GPU,F16,AP-medium,67.2,0.8,0.2,0.5,19.6,51.8,9.3,80.6,12.4,129259.8,16.0,6.9,9.7,3.0,2.0,2.0,100.0,0.0,3.0,36.5,37.5,9.2,0.5,,,
face-landmarks-detection,face-landmarks-detection-retinaface,mobile0.25mod4lite-12-48,640x380,jetson-xav-agx,tensorrt,GPU,F16,AP-medium,67.2,0.8,0.2,0.5,/,/,/,/,/,/,0.0,0.0,0.0,0.0,0.0,0.0,0.0,0.0,0.0,0.0,0.0,0.0,0.0,,,
face-landmarks-detection,face-landmarks-detection-retinaface,mobile0.25mod4lite-12-48,640x380,jetson-xav-agx,tensorrt,GPU,F32,AP-medium,67.2,0.8,0.2,0.9,17.1,14.9,14.2,46.2,21.6,225487.3,15.8,6.9,9.7,3.0,2.0,2.0,100.0,0.0,0.0,36.8,37.5,9.2,0.9,,,
face-landmarks-detection,face-landmarks-detection-retinaface,mobile0.25mod4lite-12-48,640x380,jetson-xav-agx,ncnn,GPU,F16,AP-medium,67.2,0.8,0.2,0.5,24.7,25.6,22.4,72.7,13.8,143368.6,10.2,5.1,9.7,3.0,2.0,2.0,100.0,0.0,0.0,36.5,37.5,9.2,0.6,,,
face-landmarks-detection,face-landmarks-detection-retinaface,mobile0.25mod4lite-12-48,640x380,jetson-xav-agx,ncnn,GPU,F32,AP-medium,67.2,0.8,0.2,0.9,27.3,26.5,21.6,75.4,13.3,138256.9,10.2,5.1,9.7,3.0,2.0,2.0,100.0,0.0,0.0,36.5,37.5,9.2,0.6,,,
face-landmarks-detection,face-landmarks-detection-retinaface,mobile0.25mod4lite-12-48,640x380,jetson-xav-agx,onnxruntime,CPU,F32,AP-medium,67.2,0.8,0.2,0.9,33.2,238.5,29.2,300.9,3.3,34625.9,9.7,4.9,9.7,3.0,2.0,2.0,100.0,0.0,0.0,36.5,37.5,9.2,0.1,,,
face-landmarks-detection,face-landmarks-detection-retinaface,mobile0.25mod4lite-12-48,640x480,jetson-xav-agx,lne,CPU,F32,AP-medium,72.3,1.0,0.2,0.9,9.4,90.4,5.2,105.0,9.5,99207.1,4.1,2.1,4.1,1.3,2.9,3.0,67.2,0.0,0.0,43.5,42.4,8.3,0.5,,,
face-landmarks-detection,face-landmarks-detection-retinaface,mobile0.25mod4lite-12-48,640x480,jetson-xav-agx,onnxruntime,CPU,F32,AP-medium,72.3,1.0,0.2,0.9,17.5,187.2,20.2,224.9,4.4,46335.6,4.0,2.1,4.0,1.2,1.0,2.0,68.4,0.0,0.0,43.8,42.7,8.3,0.3,,,
face-landmarks-detection,face-landmarks-detection-retinaface,mobile0.25mod4lite-12-48,640x480,jetson-xav-agx,lne,GPU/CPU,F32,AP-medium,72.3,1.0,0.2,0.9,28.3,142.3,16.7,187.3,5.3,55640.3,13.4,6.3,9.7,3.0,2.0,2.0,100.0,0.0,0.0,36.0,37.5,9.2,0.3,,,
face-landmarks-detection,face-landmarks-detection-retinaface,mobile0.25mod4lite-12-48,640x480,jetson-xav-agx,tensorrt,NPU/GPU,S8,AP-medium,72.3,1.0,0.2,0.2,22.7,101.9,9.8,134.4,7.4,77496.0,15.6,6.9,9.7,3.0,2.0,2.0,100.0,0.0,0.0,36.3,37.5,9.2,0.4,,,
face-landmarks-detection,face-landmarks-detection-retinaface,mobile0.25mod4lite-12-48,640x480,jetson-xav-agx,tensorrt,GPU,S8,AP-medium,72.3,1.0,0.2,0.2,/,/,/,/,/,/,0.0,0.0,0.0,0.0,0.0,0.0,0.0,0.0,0.0,0.0,0.0,0.0,0.0,,,
face-landmarks-detection,face-landmarks-detection-retinaface,mobile0.25mod4lite-12-48,640x480,jetson-xav-agx,tensorrt,NPU/GPU,F16,AP-medium,72.3,1.0,0.2,0.5,23.0,64.5,10.2,97.8,10.2,106531.6,15.6,6.9,9.7,3.0,2.0,2.0,100.0,0.0,3.0,36.5,37.5,9.2,0.5,,,
face-landmarks-detection,face-landmarks-detection-retinaface,mobile0.25mod4lite-12-48,640x480,jetson-xav-agx,tensorrt,GPU,F16,AP-medium,72.3,1.0,0.2,0.5,/,/,/,/,/,/,0.0,0.0,0.0,0.0,0.0,0.0,0.0,0.0,0.0,0.0,0.0,0.0,0.0,,,
face-landmarks-detection,face-landmarks-detection-retinaface,mobile0.25mod4lite-12-48,640x480,jetson-xav-agx,tensorrt,GPU,F32,AP-medium,72.3,1.0,0.2,0.9,20.6,15.9,13.7,50.2,19.9,207625.9,15.6,6.9,9.7,3.0,2.0,2.0,100.0,0.0,0.0,36.5,37.5,9.2,1.0,,,
face-landmarks-detection,face-landmarks-detection-retinaface,mobile0.25mod4lite-12-48,640x480,jetson-xav-agx,ncnn,GPU,F16,AP-medium,72.3,1.0,0.2,0.5,29.9,25.8,26.4,82.1,12.2,126972.0,9.9,5.1,9.7,3.0,2.0,2.0,100.0,0.0,0.0,36.2,37.5,9.2,0.6,,,
face-landmarks-detection,face-landmarks-detection-retinaface,mobile0.25mod4lite-12-48,640x480,jetson-xav-agx,ncnn,GPU,F32,AP-medium,72.3,1.0,0.2,0.9,30.1,26.8,29.2,86.1,11.6,120963.1,10.0,5.1,9.7,3.0,2.0,2.0,100.0,0.0,0.0,36.0,37.5,9.2,0.6,,,
face-landmarks-detection,face-landmarks-detection-retinaface,mobile0.25mod4lite-12-48,640x480,jetson-xav-agx,onnxruntime,CPU,F32,AP-medium,72.3,1.0,0.2,0.9,48.6,320.0,38.2,406.8,2.5,25610.9,9.4,5.0,9.7,3.0,2.0,2.0,100.0,0.0,0.0,36.5,37.5,9.2,0.1,,,
face-landmarks-detection,face-landmarks-detection-retinaface,mobile0.25mod4lite-16-64,320x320,jetson-xav-agx,lne,CPU,F32,AP-medium,53.4,0.5,0.4,1.7,5.8,38.9,3.5,48.1,20.8,216446.6,4.1,2.1,4.0,1.3,2.0,2.0,64.0,0.0,0.0,43.1,42.3,8.0,0.7,,,
face-landmarks-detection,face-landmarks-detection-retinaface,mobile0.25mod4lite-16-64,320x320,jetson-xav-agx,onnxruntime,CPU,F32,AP-medium,53.4,0.5,0.4,1.7,3.6,96.9,5.5,105.9,9.4,98354.3,4.0,2.1,4.0,1.3,1.0,1.0,67.0,0.0,0.0,43.2,42.4,8.2,0.3,,,
face-landmarks-detection,face-landmarks-detection-retinaface,mobile0.25mod4lite-16-64,320x320,jetson-xav-agx,lne,GPU/CPU,F32,AP-medium,53.4,0.5,0.4,1.7,8.8,94.4,9.5,112.7,8.9,92440.0,13.2,6.3,9.7,3.0,2.0,2.0,100.0,0.0,0.0,36.0,37.5,9.2,0.3,,,
face-landmarks-detection,face-landmarks-detection-retinaface,mobile0.25mod4lite-16-64,320x320,jetson-xav-agx,tensorrt,NPU/GPU,S8,AP-medium,53.4,0.5,0.4,0.4,7.8,60.2,6.2,74.2,13.5,140332.0,15.8,6.9,9.7,3.0,2.0,2.0,100.0,0.0,2.0,36.2,37.5,9.2,0.4,,,
face-landmarks-detection,face-landmarks-detection-retinaface,mobile0.25mod4lite-16-64,320x320,jetson-xav-agx,tensorrt,GPU,S8,AP-medium,53.4,0.5,0.4,0.4,/,/,/,/,/,/,0.0,0.0,0.0,0.0,0.0,0.0,0.0,0.0,0.0,0.0,0.0,0.0,0.0,,,
face-landmarks-detection,face-landmarks-detection-retinaface,mobile0.25mod4lite-16-64,320x320,jetson-xav-agx,tensorrt,NPU/GPU,F16,AP-medium,53.4,0.5,0.4,0.8,8.9,34.2,6.2,49.3,20.3,211379.7,15.7,6.9,9.7,3.0,2.0,2.0,100.0,0.0,0.0,36.0,37.5,9.2,0.6,,,
face-landmarks-detection,face-landmarks-detection-retinaface,mobile0.25mod4lite-16-64,320x320,jetson-xav-agx,tensorrt,GPU,F16,AP-medium,53.4,0.5,0.4,0.8,/,/,/,/,/,/,0.0,0.0,0.0,0.0,0.0,0.0,0.0,0.0,0.0,0.0,0.0,0.0,0.0,,,
face-landmarks-detection,face-landmarks-detection-retinaface,mobile0.25mod4lite-16-64,320x320,jetson-xav-agx,tensorrt,GPU,F32,AP-medium,53.4,0.5,0.4,1.7,7.5,14.9,9.4,31.8,31.4,327455.0,15.7,6.9,9.7,3.0,2.0,2.0,100.0,0.0,0.0,36.0,37.5,9.2,0.9,,,
face-landmarks-detection,face-landmarks-detection-retinaface,mobile0.25mod4lite-16-64,320x320,jetson-xav-agx,ncnn,GPU,F16,AP-medium,53.4,0.5,0.4,0.8,7.6,23.0,8.2,38.8,25.8,268433.7,10.1,5.1,9.7,3.0,2.0,2.0,100.0,0.0,0.0,36.0,37.5,9.2,0.8,,,
face-landmarks-detection,face-landmarks-detection-retinaface,mobile0.25mod4lite-16-64,320x320,jetson-xav-agx,ncnn,GPU,F32,AP-medium,53.4,0.5,0.4,1.7,9.7,23.1,8.4,41.2,24.3,253003.9,10.2,5.1,9.7,3.0,2.0,2.0,100.0,0.0,0.0,36.0,37.5,9.2,0.7,,,
face-landmarks-detection,face-landmarks-detection-retinaface,mobile0.25mod4lite-16-64,320x320,jetson-xav-agx,onnxruntime,CPU,F32,AP-medium,53.4,0.5,0.4,1.7,7.8,162.9,10.7,181.4,5.5,57427.4,9.5,4.9,9.7,3.0,2.0,2.0,100.0,0.0,0.0,36.0,37.5,9.2,0.2,,,
face-landmarks-detection,face-landmarks-detection-retinaface,mobile0.25mod4lite-16-64,320x185,jetson-xav-agx,lne,CPU,F32,AP-medium,42.2,0.3,0.4,1.7,3.3,24.1,2.7,30.1,33.2,345585.3,4.1,2.1,4.1,1.3,1.4,2.0,62.3,0.0,0.0,43.6,42.6,7.8,0.7,,,
face-landmarks-detection,face-landmarks-detection-retinaface,mobile0.25mod4lite-16-64,320x185,jetson-xav-agx,onnxruntime,CPU,F32,AP-medium,42.2,0.3,0.4,1.7,2.3,61.9,4.6,68.7,14.5,151592.7,4.1,2.1,4.1,1.3,1.0,1.0,66.0,0.0,0.0,43.6,42.8,8.1,0.3,,,
face-landmarks-detection,face-landmarks-detection-retinaface,mobile0.25mod4lite-16-64,320x185,jetson-xav-agx,lne,GPU/CPU,F32,AP-medium,42.2,0.3,0.4,1.7,6.2,73.7,7.3,87.2,11.5,119450.7,13.2,6.1,9.7,3.0,2.0,2.0,100.0,0.0,0.0,35.5,37.5,9.2,0.2,,,
face-landmarks-detection,face-landmarks-detection-retinaface,mobile0.25mod4lite-16-64,320x185,jetson-xav-agx,tensorrt,NPU/GPU,S8,AP-medium,42.2,0.3,0.4,0.4,5.2,54.3,4.3,63.8,15.7,163323.0,15.6,6.9,9.7,3.0,2.0,2.0,100.0,0.0,1.0,36.5,37.5,9.2,0.3,,,
face-landmarks-detection,face-landmarks-detection-retinaface,mobile0.25mod4lite-16-64,320x185,jetson-xav-agx,tensorrt,GPU,S8,AP-medium,42.2,0.3,0.4,0.4,/,/,/,/,/,/,0.0,0.0,0.0,0.0,0.0,0.0,0.0,0.0,0.0,0.0,0.0,0.0,0.0,,,
face-landmarks-detection,face-landmarks-detection-retinaface,mobile0.25mod4lite-16-64,320x185,jetson-xav-agx,tensorrt,NPU/GPU,F16,AP-medium,42.2,0.3,0.4,0.8,5.9,31.6,5.9,43.4,23.1,240311.7,15.6,6.9,9.7,3.0,2.0,2.0,100.0,0.0,0.0,36.5,37.5,9.2,0.4,,,
face-landmarks-detection,face-landmarks-detection-retinaface,mobile0.25mod4lite-16-64,320x185,jetson-xav-agx,tensorrt,GPU,F16,AP-medium,42.2,0.3,0.4,0.8,/,/,/,/,/,/,0.0,0.0,0.0,0.0,0.0,0.0,0.0,0.0,0.0,0.0,0.0,0.0,0.0,,,
face-landmarks-detection,face-landmarks-detection-retinaface,mobile0.25mod4lite-16-64,320x185,jetson-xav-agx,tensorrt,GPU,F32,AP-medium,42.2,0.3,0.4,1.7,4.6,16.8,8.5,29.8,33.6,349697.8,15.5,6.9,9.7,3.0,2.0,2.0,100.0,0.0,0.0,36.0,37.5,9.2,0.6,,,
face-landmarks-detection,face-landmarks-detection-retinaface,mobile0.25mod4lite-16-64,320x185,jetson-xav-agx,ncnn,GPU,F16,AP-medium,42.2,0.3,0.4,0.8,5.2,20.9,6.7,32.8,30.5,317408.8,10.3,5.1,9.7,3.0,2.0,2.0,100.0,0.0,0.0,36.0,37.5,9.2,0.5,,,
face-landmarks-detection,face-landmarks-detection-retinaface,mobile0.25mod4lite-16-64,320x185,jetson-xav-agx,ncnn,GPU,F32,AP-medium,42.2,0.3,0.4,1.7,5.8,21.1,6.3,33.2,30.1,313993.6,10.3,5.1,9.7,3.0,2.0,2.0,99.9,0.0,0.0,36.0,37.5,9.2,0.5,,,
face-landmarks-detection,face-landmarks-detection-retinaface,mobile0.25mod4lite-16-64,320x185,jetson-xav-agx,onnxruntime,CPU,F32,AP-medium,42.2,0.3,0.4,1.7,5.4,109.4,8.1,122.8,8.1,84848.6,9.8,4.9,9.7,3.0,2.0,2.0,99.9,0.0,0.0,36.0,37.5,9.2,0.1,,,
face-landmarks-detection,face-landmarks-detection-retinaface,mobile0.25mod4lite-16-64,320x250,jetson-xav-agx,lne,CPU,F32,AP-medium,51.9,0.4,0.4,1.7,5.3,31.4,4.4,41.1,24.3,253473.6,4.2,2.1,4.2,1.3,1.8,2.0,63.4,0.0,0.0,43.4,42.5,7.9,0.7,,,
face-landmarks-detection,face-landmarks-detection-retinaface,mobile0.25mod4lite-16-64,320x250,jetson-xav-agx,onnxruntime,CPU,F32,AP-medium,51.9,0.4,0.4,1.7,3.0,78.5,5.0,86.5,11.6,120473.2,4.3,2.1,4.3,1.3,1.0,1.0,66.7,0.0,0.0,43.7,42.7,8.1,0.3,,,
face-landmarks-detection,face-landmarks-detection-retinaface,mobile0.25mod4lite-16-64,320x250,jetson-xav-agx,lne,GPU/CPU,F32,AP-medium,51.9,0.4,0.4,1.7,8.0,88.0,8.9,104.8,9.5,99400.0,13.2,6.2,9.7,3.0,2.0,2.0,100.0,0.0,0.0,35.8,37.5,9.2,0.2,,,
face-landmarks-detection,face-landmarks-detection-retinaface,mobile0.25mod4lite-16-64,320x250,jetson-xav-agx,tensorrt,NPU/GPU,S8,AP-medium,51.9,0.4,0.4,0.4,7.1,57.5,5.8,70.3,14.2,148144.7,15.7,6.9,9.7,3.0,2.0,2.0,100.0,0.0,0.0,36.5,37.5,9.2,0.3,,,
face-landmarks-detection,face-landmarks-detection-retinaface,mobile0.25mod4lite-16-64,320x250,jetson-xav-agx,tensorrt,GPU,S8,AP-medium,51.9,0.4,0.4,0.4,/,/,/,/,/,/,0.0,0.0,0.0,0.0,0.0,0.0,0.0,0.0,0.0,0.0,0.0,0.0,0.0,,,
face-landmarks-detection,face-landmarks-detection-retinaface,mobile0.25mod4lite-16-64,320x250,jetson-xav-agx,tensorrt,NPU/GPU,F16,AP-medium,51.9,0.4,0.4,0.8,5.7,34.2,6.7,46.7,21.4,223131.4,15.7,6.9,9.7,3.0,2.0,2.0,100.0,0.0,0.0,36.5,37.5,9.2,0.5,,,
face-landmarks-detection,face-landmarks-detection-retinaface,mobile0.25mod4lite-16-64,320x250,jetson-xav-agx,tensorrt,GPU,F16,AP-medium,51.9,0.4,0.4,0.8,/,/,/,/,/,/,0.0,0.0,0.0,0.0,0.0,0.0,0.0,0.0,0.0,0.0,0.0,0.0,0.0,,,
face-landmarks-detection,face-landmarks-detection-retinaface,mobile0.25mod4lite-16-64,320x250,jetson-xav-agx,tensorrt,GPU,F32,AP-medium,51.9,0.4,0.4,1.7,7.1,15.4,7.9,30.3,33.0,343920.7,15.7,6.9,9.7,3.0,2.0,2.0,100.0,0.0,0.0,36.5,37.5,9.2,0.8,,,
face-landmarks-detection,face-landmarks-detection-retinaface,mobile0.25mod4lite-16-64,320x250,jetson-xav-agx,ncnn,GPU,F16,AP-medium,51.9,0.4,0.4,0.8,6.1,20.4,7.1,33.6,29.8,310320.5,10.1,5.1,9.7,3.0,2.0,2.0,100.0,0.0,0.0,36.0,37.5,9.2,0.7,,,
face-landmarks-detection,face-landmarks-detection-retinaface,mobile0.25mod4lite-16-64,320x250,jetson-xav-agx,ncnn,GPU,F32,AP-medium,51.9,0.4,0.4,1.7,7.0,23.6,7.8,38.5,26.0,270706.9,10.1,5.1,9.7,3.0,2.0,2.0,100.0,0.0,0.0,36.0,37.5,9.2,0.6,,,
face-landmarks-detection,face-landmarks-detection-retinaface,mobile0.25mod4lite-16-64,320x250,jetson-xav-agx,onnxruntime,CPU,F32,AP-medium,51.9,0.4,0.4,1.7,6.5,143.7,9.1,159.3,6.3,65386.5,9.5,4.9,9.7,3.0,2.0,2.0,100.0,0.0,0.0,35.5,37.5,9.2,0.1,,,
face-landmarks-detection,face-landmarks-detection-retinaface,mobile0.25mod4lite-16-64,640x640,jetson-xav-agx,lne,CPU,F32,AP-medium,79.9,2.1,0.4,1.7,11.6,133.1,6.9,151.6,6.6,68715.6,4.3,2.2,4.3,1.3,3.8,4.0,68.4,0.0,0.0,43.8,43.0,8.6,0.8,,,
face-landmarks-detection,face-landmarks-detection-retinaface,mobile0.25mod4lite-16-64,640x640,jetson-xav-agx,onnxruntime,CPU,F32,AP-medium,79.9,2.1,0.4,1.7,22.8,335.5,23.0,381.3,2.6,27328.0,4.2,2.1,4.2,1.3,1.1,2.0,68.8,0.0,0.0,44.1,43.2,8.3,0.3,,,
face-landmarks-detection,face-landmarks-detection-retinaface,mobile0.25mod4lite-16-64,640x640,jetson-xav-agx,lne,GPU/CPU,F32,AP-medium,79.9,2.1,0.4,1.7,33.9,185.2,24.4,243.5,4.1,42784.5,13.3,6.2,9.7,3.0,2.0,2.0,100.0,0.0,0.0,36.0,37.5,9.2,0.5,,,
face-landmarks-detection,face-landmarks-detection-retinaface,mobile0.25mod4lite-16-64,640x640,jetson-xav-agx,tensorrt,NPU/GPU,S8,AP-medium,79.9,2.1,0.4,0.4,31.1,124.3,15.6,170.9,5.9,60958.4,15.9,6.9,9.7,3.0,2.0,2.0,100.0,0.0,3.0,36.2,37.5,9.2,0.7,,,
face-landmarks-detection,face-landmarks-detection-retinaface,mobile0.25mod4lite-16-64,640x640,jetson-xav-agx,tensorrt,GPU,S8,AP-medium,79.9,2.1,0.4,0.4,/,/,/,/,/,/,0.0,0.0,0.0,0.0,0.0,0.0,0.0,0.0,0.0,0.0,0.0,0.0,0.0,,,
face-landmarks-detection,face-landmarks-detection-retinaface,mobile0.25mod4lite-16-64,640x640,jetson-xav-agx,tensorrt,NPU/GPU,F16,AP-medium,79.9,2.1,0.4,0.8,28.9,76.9,14.3,120.1,8.3,86745.9,15.9,6.9,9.7,3.0,2.0,2.0,100.0,0.0,3.0,36.2,37.5,9.2,1.0,,,
face-landmarks-detection,face-landmarks-detection-retinaface,mobile0.25mod4lite-16-64,640x640,jetson-xav-agx,tensorrt,GPU,F16,AP-medium,79.9,2.1,0.4,0.8,/,/,/,/,/,/,0.0,0.0,0.0,0.0,0.0,0.0,0.0,0.0,0.0,0.0,0.0,0.0,0.0,,,
face-landmarks-detection,face-landmarks-detection-retinaface,mobile0.25mod4lite-16-64,640x640,jetson-xav-agx,tensorrt,GPU,F32,AP-medium,79.9,2.1,0.4,1.7,27.0,17.1,17.3,61.4,16.3,169820.2,15.9,6.9,9.7,3.0,2.0,2.0,100.0,0.0,0.0,36.0,37.5,9.2,1.9,,,
face-landmarks-detection,face-landmarks-detection-retinaface,mobile0.25mod4lite-16-64,640x640,jetson-xav-agx,ncnn,GPU,F16,AP-medium,79.9,2.1,0.4,0.8,27.2,32.5,13.2,73.0,13.7,142813.5,10.5,5.2,9.7,3.0,2.0,2.0,100.0,0.0,0.0,36.0,37.5,9.2,1.6,,,
face-landmarks-detection,face-landmarks-detection-retinaface,mobile0.25mod4lite-16-64,640x640,jetson-xav-agx,ncnn,GPU,F32,AP-medium,79.9,2.1,0.4,1.7,26.3,32.0,14.6,72.9,13.7,142878.1,10.4,5.2,9.7,3.0,2.0,2.0,100.0,0.0,0.0,36.0,37.5,9.2,1.6,,,
face-landmarks-detection,face-landmarks-detection-retinaface,mobile0.25mod4lite-16-64,640x640,jetson-xav-agx,onnxruntime,CPU,F32,AP-medium,79.9,2.1,0.4,1.7,61.5,590.2,47.2,699.0,1.4,14906.3,9.7,5.0,9.7,3.0,2.0,2.0,100.0,0.0,0.0,36.0,37.5,9.2,0.2,,,
face-landmarks-detection,face-landmarks-detection-retinaface,mobile0.25mod4lite-16-64,640x380,jetson-xav-agx,lne,CPU,F32,AP-medium,75.0,1.3,0.4,1.7,7.0,84.8,5.2,97.1,10.3,107341.9,4.4,2.2,4.4,1.4,2.8,3.0,65.7,0.0,0.0,44.3,43.2,8.3,0.8,,,
face-landmarks-detection,face-landmarks-detection-retinaface,mobile0.25mod4lite-16-64,640x380,jetson-xav-agx,onnxruntime,CPU,F32,AP-medium,75.0,1.3,0.4,1.7,14.1,207.7,18.8,240.6,4.2,43303.7,4.3,2.1,4.3,1.3,1.0,1.0,68.4,0.0,0.0,44.6,43.6,8.2,0.3,,,
face-landmarks-detection,face-landmarks-detection-retinaface,mobile0.25mod4lite-16-64,640x380,jetson-xav-agx,lne,GPU/CPU,F32,AP-medium,75.0,1.3,0.4,1.7,21.9,150.8,13.9,186.6,5.4,55837.3,13.8,6.3,9.7,3.0,2.0,2.0,100.0,0.0,0.0,36.5,37.5,9.2,0.4,,,
face-landmarks-detection,face-landmarks-detection-retinaface,mobile0.25mod4lite-16-64,640x380,jetson-xav-agx,tensorrt,NPU/GPU,S8,AP-medium,75.0,1.3,0.4,0.4,18.3,89.4,11.2,118.8,8.4,87674.3,15.9,6.9,9.7,3.0,2.0,2.0,100.0,0.0,0.0,36.5,37.5,9.2,0.6,,,
face-landmarks-detection,face-landmarks-detection-retinaface,mobile0.25mod4lite-16-64,640x380,jetson-xav-agx,tensorrt,GPU,S8,AP-medium,75.0,1.3,0.4,0.4,/,/,/,/,/,/,0.0,0.0,0.0,0.0,0.0,0.0,0.0,0.0,0.0,0.0,0.0,0.0,0.0,,,
face-landmarks-detection,face-landmarks-detection-retinaface,mobile0.25mod4lite-16-64,640x380,jetson-xav-agx,tensorrt,NPU/GPU,F16,AP-medium,75.0,1.3,0.4,0.8,17.8,53.6,12.4,83.8,11.9,124357.3,15.8,6.9,9.7,3.0,2.0,2.0,100.0,0.0,3.0,36.5,37.5,9.2,0.8,,,
face-landmarks-detection,face-landmarks-detection-retinaface,mobile0.25mod4lite-16-64,640x380,jetson-xav-agx,tensorrt,GPU,F16,AP-medium,75.0,1.3,0.4,0.8,/,/,/,/,/,/,0.0,0.0,0.0,0.0,0.0,0.0,0.0,0.0,0.0,0.0,0.0,0.0,0.0,,,
face-landmarks-detection,face-landmarks-detection-retinaface,mobile0.25mod4lite-16-64,640x380,jetson-xav-agx,tensorrt,GPU,F32,AP-medium,75.0,1.3,0.4,1.7,17.4,17.5,17.4,52.3,19.1,199318.1,15.9,6.9,9.7,3.0,2.0,2.0,100.0,0.0,0.0,36.5,37.5,9.2,1.3,,,
face-landmarks-detection,face-landmarks-detection-retinaface,mobile0.25mod4lite-16-64,640x380,jetson-xav-agx,ncnn,GPU,F16,AP-medium,75.0,1.3,0.4,0.8,16.4,26.1,11.7,54.1,18.5,192502.6,10.4,5.2,9.7,3.0,2.0,2.0,100.0,0.0,0.0,36.5,37.5,9.2,1.3,,,
face-landmarks-detection,face-landmarks-detection-retinaface,mobile0.25mod4lite-16-64,640x380,jetson-xav-agx,ncnn,GPU,F32,AP-medium,75.0,1.3,0.4,1.7,19.5,26.3,13.0,58.8,17.0,177330.1,10.3,5.2,9.7,3.0,2.0,2.0,100.0,0.0,0.0,36.2,37.5,9.2,1.2,,,
face-landmarks-detection,face-landmarks-detection-retinaface,mobile0.25mod4lite-16-64,640x380,jetson-xav-agx,onnxruntime,CPU,F32,AP-medium,75.0,1.3,0.4,1.7,37.0,357.2,37.0,431.2,2.3,24164.6,9.6,5.0,9.7,3.0,2.0,2.0,100.0,0.0,0.0,36.5,37.5,9.2,0.2,,,
face-landmarks-detection,face-landmarks-detection-retinaface,mobile0.25mod4lite-16-64,640x480,jetson-xav-agx,lne,CPU,F32,AP-medium,78.7,1.6,0.4,1.7,8.6,102.3,5.4,116.3,8.6,89597.1,4.6,2.2,4.5,1.4,2.9,3.0,66.9,0.0,0.0,44.4,43.5,8.4,0.8,,,
face-landmarks-detection,face-landmarks-detection-retinaface,mobile0.25mod4lite-16-64,640x480,jetson-xav-agx,onnxruntime,CPU,F32,AP-medium,78.7,1.6,0.4,1.7,17.5,257.4,20.4,295.4,3.4,35271.1,4.3,2.1,4.3,1.4,1.0,2.0,68.5,0.0,0.0,44.8,43.8,8.3,0.3,,,
face-landmarks-detection,face-landmarks-detection-retinaface,mobile0.25mod4lite-16-64,640x480,jetson-xav-agx,lne,GPU/CPU,F32,AP-medium,78.7,1.6,0.4,1.7,24.0,149.6,17.9,191.5,5.2,54395.3,13.6,6.3,9.7,3.0,2.0,2.0,100.0,0.0,0.0,36.5,37.5,9.2,0.5,,,
face-landmarks-detection,face-landmarks-detection-retinaface,mobile0.25mod4lite-16-64,640x480,jetson-xav-agx,tensorrt,NPU/GPU,S8,AP-medium,78.7,1.6,0.4,0.4,23.4,101.5,10.9,135.8,7.4,76724.4,16.0,6.9,9.7,3.0,2.0,2.0,100.0,0.0,1.0,37.2,37.5,9.2,0.6,,,
face-landmarks-detection,face-landmarks-detection-retinaface,mobile0.25mod4lite-16-64,640x480,jetson-xav-agx,tensorrt,GPU,S8,AP-medium,78.7,1.6,0.4,0.4,/,/,/,/,/,/,0.0,0.0,0.0,0.0,0.0,0.0,0.0,0.0,0.0,0.0,0.0,0.0,0.0,,,
face-landmarks-detection,face-landmarks-detection-retinaface,mobile0.25mod4lite-16-64,640x480,jetson-xav-agx,tensorrt,NPU/GPU,F16,AP-medium,78.7,1.6,0.4,0.8,21.2,64.1,10.9,96.3,10.4,108228.0,16.0,6.9,9.7,3.0,2.0,2.0,100.0,0.0,3.0,37.0,37.5,9.2,0.9,,,
face-landmarks-detection,face-landmarks-detection-retinaface,mobile0.25mod4lite-16-64,640x480,jetson-xav-agx,tensorrt,GPU,F16,AP-medium,78.7,1.6,0.4,0.8,/,/,/,/,/,/,0.0,0.0,0.0,0.0,0.0,0.0,0.0,0.0,0.0,0.0,0.0,0.0,0.0,,,
face-landmarks-detection,face-landmarks-detection-retinaface,mobile0.25mod4lite-16-64,640x480,jetson-xav-agx,tensorrt,GPU,F32,AP-medium,78.7,1.6,0.4,1.7,21.9,16.3,17.8,56.1,17.8,185759.0,16.0,6.9,9.7,3.0,2.0,2.0,100.0,0.0,0.0,37.0,37.5,9.2,1.6,,,
face-landmarks-detection,face-landmarks-detection-retinaface,mobile0.25mod4lite-16-64,640x480,jetson-xav-agx,ncnn,GPU,F16,AP-medium,78.7,1.6,0.4,0.8,20.2,30.2,14.3,64.6,15.5,161178.7,10.4,5.2,9.7,3.0,2.0,2.0,99.4,0.0,0.0,37.0,37.5,9.2,1.3,,,
face-landmarks-detection,face-landmarks-detection-retinaface,mobile0.25mod4lite-16-64,640x480,jetson-xav-agx,ncnn,GPU,F32,AP-medium,78.7,1.6,0.4,1.7,21.7,29.4,14.2,65.3,15.3,159618.0,10.5,5.2,9.7,3.0,2.0,2.0,100.0,0.0,0.0,37.0,37.5,9.2,1.3,,,
face-landmarks-detection,face-landmarks-detection-retinaface,mobile0.25mod4lite-16-64,640x480,jetson-xav-agx,onnxruntime,CPU,F32,AP-medium,78.7,1.6,0.4,1.7,46.3,425.6,41.0,512.9,1.9,20313.8,9.8,5.0,9.7,3.0,2.0,2.0,100.0,0.0,0.0,36.8,37.5,9.2,0.2,,,
face-landmarks-detection,face-landmarks-detection-retinaface,mobile0.25mod4lite-32-72,320x320,jetson-xav-agx,lne,CPU,F32,AP-medium,61.9,0.9,0.7,2.9,6.1,64.3,3.7,74.2,13.5,140493.0,4.4,2.1,4.4,1.4,1.9,2.0,65.0,0.0,0.0,43.8,43.0,8.0,0.8,,,
face-landmarks-detection,face-landmarks-detection-retinaface,mobile0.25mod4lite-32-72,320x320,jetson-xav-agx,onnxruntime,CPU,F32,AP-medium,61.9,0.9,0.7,2.9,3.4,156.5,5.4,165.3,6.0,63012.7,4.3,2.1,4.3,1.4,1.0,1.0,68.1,0.0,0.0,44.2,43.1,8.2,0.3,,,
face-landmarks-detection,face-landmarks-detection-retinaface,mobile0.25mod4lite-32-72,320x320,jetson-xav-agx,lne,GPU/CPU,F32,AP-medium,61.9,0.9,0.7,2.9,9.0,122.3,10.3,141.6,7.1,73567.3,13.4,6.3,9.7,3.0,2.0,2.0,99.9,0.0,0.0,37.0,37.5,9.2,0.4,,,
face-landmarks-detection,face-landmarks-detection-retinaface,mobile0.25mod4lite-32-72,320x320,jetson-xav-agx,tensorrt,NPU/GPU,S8,AP-medium,61.9,0.9,0.7,0.7,7.7,64.9,6.3,78.9,12.7,132020.3,15.8,6.9,9.7,3.0,2.0,2.0,100.0,0.0,2.0,37.5,37.5,9.2,0.6,,,
face-landmarks-detection,face-landmarks-detection-retinaface,mobile0.25mod4lite-32-72,320x320,jetson-xav-agx,tensorrt,GPU,S8,AP-medium,61.9,0.9,0.7,0.7,/,/,/,/,/,/,0.0,0.0,0.0,0.0,0.0,0.0,0.0,0.0,0.0,0.0,0.0,0.0,0.0,,,
face-landmarks-detection,face-landmarks-detection-retinaface,mobile0.25mod4lite-32-72,320x320,jetson-xav-agx,tensorrt,NPU/GPU,F16,AP-medium,61.9,0.9,0.7,1.5,6.8,42.6,6.6,56.0,17.9,186212.0,15.7,6.9,9.7,3.0,2.0,2.0,100.0,0.0,0.0,37.5,37.5,9.2,0.9,,,
face-landmarks-detection,face-landmarks-detection-retinaface,mobile0.25mod4lite-32-72,320x320,jetson-xav-agx,tensorrt,GPU,F16,AP-medium,61.9,0.9,0.7,1.5,/,/,/,/,/,/,0.0,0.0,0.0,0.0,0.0,0.0,0.0,0.0,0.0,0.0,0.0,0.0,0.0,,,
face-landmarks-detection,face-landmarks-detection-retinaface,mobile0.25mod4lite-32-72,320x320,jetson-xav-agx,tensorrt,GPU,F32,AP-medium,61.9,0.9,0.7,2.9,8.1,13.6,9.1,30.8,32.4,338010.5,15.7,6.9,9.7,3.0,2.0,2.0,100.0,0.0,0.0,37.2,37.5,9.2,1.6,,,
face-landmarks-detection,face-landmarks-detection-retinaface,mobile0.25mod4lite-32-72,320x320,jetson-xav-agx,ncnn,GPU,F16,AP-medium,61.9,0.9,0.7,1.5,7.6,21.6,8.3,37.5,26.6,277607.5,10.1,5.1,9.7,3.0,2.0,2.0,100.0,0.0,0.0,37.0,37.5,9.2,1.3,,,
face-landmarks-detection,face-landmarks-detection-retinaface,mobile0.25mod4lite-32-72,320x320,jetson-xav-agx,ncnn,GPU,F32,AP-medium,61.9,0.9,0.7,2.9,9.0,24.1,9.2,42.3,23.7,246425.4,10.1,5.1,9.7,3.0,2.0,2.0,99.8,0.0,0.0,37.0,37.5,9.2,1.2,,,
face-landmarks-detection,face-landmarks-detection-retinaface,mobile0.25mod4lite-32-72,320x320,jetson-xav-agx,onnxruntime,CPU,F32,AP-medium,61.9,0.9,0.7,2.9,7.9,248.5,11.3,267.6,3.7,38928.0,9.5,4.9,9.7,3.0,2.0,2.0,100.0,0.0,0.0,37.0,37.5,9.2,0.2,,,
face-landmarks-detection,face-landmarks-detection-retinaface,mobile0.25mod4lite-32-72,320x185,jetson-xav-agx,lne,CPU,F32,AP-medium,50.5,0.6,0.7,2.9,2.8,39.8,2.8,45.5,22.0,229188.3,4.5,2.1,4.5,1.4,1.4,2.0,64.6,0.0,0.0,43.9,43.0,8.0,0.8,,,
face-landmarks-detection,face-landmarks-detection-retinaface,mobile0.25mod4lite-32-72,320x185,jetson-xav-agx,onnxruntime,CPU,F32,AP-medium,50.5,0.6,0.7,2.9,2.2,89.4,4.6,96.2,10.4,108254.3,4.6,2.1,4.5,1.4,1.0,1.0,66.9,0.0,0.0,44.2,43.2,8.1,0.4,,,
face-landmarks-detection,face-landmarks-detection-retinaface,mobile0.25mod4lite-32-72,320x185,jetson-xav-agx,lne,GPU/CPU,F32,AP-medium,50.5,0.6,0.7,2.9,6.4,101.7,6.8,114.9,8.7,90674.6,13.0,6.1,9.7,3.0,2.0,2.0,100.0,0.0,0.0,37.5,37.5,9.2,0.3,,,
face-landmarks-detection,face-landmarks-detection-retinaface,mobile0.25mod4lite-32-72,320x185,jetson-xav-agx,tensorrt,NPU/GPU,S8,AP-medium,50.5,0.6,0.7,0.7,5.2,55.9,4.7,65.8,15.2,158409.0,16.0,6.9,9.7,3.0,2.0,2.0,100.0,0.0,1.0,37.8,37.5,9.2,0.5,,,
face-landmarks-detection,face-landmarks-detection-retinaface,mobile0.25mod4lite-32-72,320x185,jetson-xav-agx,tensorrt,GPU,S8,AP-medium,50.5,0.6,0.7,0.7,/,/,/,/,/,/,0.0,0.0,0.0,0.0,0.0,0.0,0.0,0.0,0.0,0.0,0.0,0.0,0.0,,,
face-landmarks-detection,face-landmarks-detection-retinaface,mobile0.25mod4lite-32-72,320x185,jetson-xav-agx,tensorrt,NPU/GPU,F16,AP-medium,50.5,0.6,0.7,1.5,4.2,35.5,4.5,44.2,22.6,235929.3,16.0,6.9,9.7,3.0,2.0,2.0,100.0,0.0,0.0,38.0,37.5,9.2,0.7,,,
face-landmarks-detection,face-landmarks-detection-retinaface,mobile0.25mod4lite-32-72,320x185,jetson-xav-agx,tensorrt,GPU,F16,AP-medium,50.5,0.6,0.7,1.5,/,/,/,/,/,/,0.0,0.0,0.0,0.0,0.0,0.0,0.0,0.0,0.0,0.0,0.0,0.0,0.0,,,
face-landmarks-detection,face-landmarks-detection-retinaface,mobile0.25mod4lite-32-72,320x185,jetson-xav-agx,tensorrt,GPU,F32,AP-medium,50.5,0.6,0.7,2.9,4.5,16.1,7.8,28.4,35.2,366515.4,16.0,6.9,9.7,3.0,2.0,2.0,100.0,0.0,0.0,37.5,37.5,9.2,1.1,,,
face-landmarks-detection,face-landmarks-detection-retinaface,mobile0.25mod4lite-32-72,320x185,jetson-xav-agx,ncnn,GPU,F16,AP-medium,50.5,0.6,0.7,1.5,4.2,22.2,8.0,34.4,29.1,303010.7,10.3,5.1,9.7,3.0,2.0,2.0,100.0,0.0,0.0,37.5,37.5,9.2,0.9,,,
face-landmarks-detection,face-landmarks-detection-retinaface,mobile0.25mod4lite-32-72,320x185,jetson-xav-agx,ncnn,GPU,F32,AP-medium,50.5,0.6,0.7,2.9,4.5,23.7,6.9,35.1,28.5,296533.6,10.3,5.1,9.7,3.0,2.0,2.0,100.0,0.0,0.0,37.7,37.5,9.2,0.9,,,
face-landmarks-detection,face-landmarks-detection-retinaface,mobile0.25mod4lite-32-72,320x185,jetson-xav-agx,onnxruntime,CPU,F32,AP-medium,50.5,0.6,0.7,2.9,5.6,154.6,6.2,166.4,6.0,62626.5,9.8,5.0,9.7,3.0,2.0,2.0,100.0,0.0,0.0,37.5,37.5,9.2,0.2,,,
face-landmarks-detection,face-landmarks-detection-retinaface,mobile0.25mod4lite-32-72,320x250,jetson-xav-agx,lne,CPU,F32,AP-medium,60.3,0.7,0.7,2.9,4.9,50.5,3.2,58.6,17.1,177949.6,4.6,2.1,4.6,1.5,1.7,2.0,64.5,0.0,0.0,43.6,42.6,7.9,0.8,,,
face-landmarks-detection,face-landmarks-detection-retinaface,mobile0.25mod4lite-32-72,320x250,jetson-xav-agx,onnxruntime,CPU,F32,AP-medium,60.3,0.7,0.7,2.9,2.9,119.5,4.4,126.8,7.9,82163.7,4.5,2.1,4.5,1.4,1.0,1.0,67.6,0.0,0.0,43.8,42.8,8.2,0.4,,,
face-landmarks-detection,face-landmarks-detection-retinaface,mobile0.25mod4lite-32-72,320x250,jetson-xav-agx,lne,GPU/CPU,F32,AP-medium,60.3,0.7,0.7,2.9,9.2,117.1,9.8,136.1,7.3,76558.2,13.0,6.2,9.7,3.0,2.0,2.0,100.0,0.0,0.0,38.0,37.5,9.2,0.3,,,
face-landmarks-detection,face-landmarks-detection-retinaface,mobile0.25mod4lite-32-72,320x250,jetson-xav-agx,tensorrt,NPU/GPU,S8,AP-medium,60.3,0.7,0.7,0.7,6.5,58.5,5.6,70.6,14.2,147508.5,15.7,6.9,9.7,3.0,2.0,2.0,100.0,0.0,3.0,39.0,37.5,9.2,0.6,,,
face-landmarks-detection,face-landmarks-detection-retinaface,mobile0.25mod4lite-32-72,320x250,jetson-xav-agx,tensorrt,GPU,S8,AP-medium,60.3,0.7,0.7,0.7,/,/,/,/,/,/,0.0,0.0,0.0,0.0,0.0,0.0,0.0,0.0,0.0,0.0,0.0,0.0,0.0,,,
face-landmarks-detection,face-landmarks-detection-retinaface,mobile0.25mod4lite-32-72,320x250,jetson-xav-agx,tensorrt,NPU/GPU,F16,AP-medium,60.3,0.7,0.7,1.5,6.6,38.7,4.8,50.1,20.0,208094.5,15.7,6.9,9.7,3.0,2.0,2.0,100.0,0.0,2.0,38.7,37.5,9.2,0.8,,,
face-landmarks-detection,face-landmarks-detection-retinaface,mobile0.25mod4lite-32-72,320x250,jetson-xav-agx,tensorrt,GPU,F16,AP-medium,60.3,0.7,0.7,1.5,/,/,/,/,/,/,0.0,0.0,0.0,0.0,0.0,0.0,0.0,0.0,0.0,0.0,0.0,0.0,0.0,,,
face-landmarks-detection,face-landmarks-detection-retinaface,mobile0.25mod4lite-32-72,320x250,jetson-xav-agx,tensorrt,GPU,F32,AP-medium,60.3,0.7,0.7,2.9,5.7,15.6,8.2,29.5,33.9,352714.6,15.7,6.9,9.7,3.0,2.0,2.0,100.0,0.0,0.0,38.2,37.5,9.2,1.4,,,
face-landmarks-detection,face-landmarks-detection-retinaface,mobile0.25mod4lite-32-72,320x250,jetson-xav-agx,ncnn,GPU,F16,AP-medium,60.3,0.7,0.7,1.5,5.9,21.5,7.7,35.1,28.5,297131.9,10.1,5.1,9.7,3.0,2.0,2.0,100.0,0.0,0.0,38.0,37.5,9.2,1.1,,,
face-landmarks-detection,face-landmarks-detection-retinaface,mobile0.25mod4lite-32-72,320x250,jetson-xav-agx,ncnn,GPU,F32,AP-medium,60.3,0.7,0.7,2.9,7.5,23.7,7.9,39.1,25.6,266276.9,10.1,5.1,9.7,3.0,2.0,2.0,100.0,0.0,0.0,38.3,37.5,9.2,1.0,,,
face-landmarks-detection,face-landmarks-detection-retinaface,mobile0.25mod4lite-32-72,320x250,jetson-xav-agx,onnxruntime,CPU,F32,AP-medium,60.3,0.7,0.7,2.9,7.5,218.5,11.4,237.3,4.2,43900.9,9.5,5.0,9.7,3.0,2.0,2.0,100.0,0.0,0.0,38.0,37.5,9.2,0.2,,,
face-landmarks-detection,face-landmarks-detection-retinaface,mobile0.25mod4lite-32-72,640x640,jetson-xav-agx,lne,CPU,F32,AP-medium,84.0,3.7,0.7,2.9,12.0,241.8,7.5,261.2,3.8,39889.7,4.7,2.2,4.7,1.5,3.0,4.0,69.3,0.0,0.0,44.9,43.9,8.7,0.8,,,
face-landmarks-detection,face-landmarks-detection-retinaface,mobile0.25mod4lite-32-72,640x640,jetson-xav-agx,onnxruntime,CPU,F32,AP-medium,84.0,3.7,0.7,2.9,24.3,531.8,26.4,582.5,1.7,17887.9,4.5,2.1,4.5,1.4,1.5,2.0,69.6,0.0,0.0,45.2,44.2,8.3,0.4,,,
face-landmarks-detection,face-landmarks-detection-retinaface,mobile0.25mod4lite-32-72,640x640,jetson-xav-agx,lne,GPU/CPU,F32,AP-medium,84.0,3.7,0.7,2.9,34.6,232.2,24.0,290.8,3.4,35828.3,12.9,6.0,9.7,3.0,2.0,2.0,100.0,0.0,0.0,37.5,37.5,9.2,0.7,,,
face-landmarks-detection,face-landmarks-detection-retinaface,mobile0.25mod4lite-32-72,640x640,jetson-xav-agx,tensorrt,NPU/GPU,S8,AP-medium,84.0,3.7,0.7,0.7,31.0,144.2,14.8,190.1,5.3,54810.8,15.9,6.9,9.7,3.0,2.0,2.0,100.0,0.0,1.0,37.8,37.5,9.2,1.1,,,
face-landmarks-detection,face-landmarks-detection-retinaface,mobile0.25mod4lite-32-72,640x640,jetson-xav-agx,tensorrt,GPU,S8,AP-medium,84.0,3.7,0.7,0.7,/,/,/,/,/,/,0.0,0.0,0.0,0.0,0.0,0.0,0.0,0.0,0.0,0.0,0.0,0.0,0.0,,,
face-landmarks-detection,face-landmarks-detection-retinaface,mobile0.25mod4lite-32-72,640x640,jetson-xav-agx,tensorrt,NPU/GPU,F16,AP-medium,84.0,3.7,0.7,1.5,28.3,107.5,13.7,149.5,6.7,69705.7,16.0,6.9,9.7,3.0,2.0,2.0,100.0,0.0,3.0,37.8,37.5,9.2,1.3,,,
face-landmarks-detection,face-landmarks-detection-retinaface,mobile0.25mod4lite-32-72,640x640,jetson-xav-agx,tensorrt,GPU,F16,AP-medium,84.0,3.7,0.7,1.5,/,/,/,/,/,/,0.0,0.0,0.0,0.0,0.0,0.0,0.0,0.0,0.0,0.0,0.0,0.0,0.0,,,
face-landmarks-detection,face-landmarks-detection-retinaface,mobile0.25mod4lite-32-72,640x640,jetson-xav-agx,tensorrt,GPU,F32,AP-medium,84.0,3.7,0.7,2.9,28.7,19.2,16.5,64.4,15.5,161809.1,15.9,6.9,9.7,3.0,2.0,2.0,100.0,0.0,0.0,37.8,37.5,9.2,3.1,,,
face-landmarks-detection,face-landmarks-detection-retinaface,mobile0.25mod4lite-32-72,640x640,jetson-xav-agx,ncnn,GPU,F16,AP-medium,84.0,3.7,0.7,1.5,28.6,40.2,12.9,81.7,12.2,127471.4,10.6,5.3,9.7,3.0,2.0,2.0,100.0,0.0,0.0,37.2,37.5,9.2,2.4,,,
face-landmarks-detection,face-landmarks-detection-retinaface,mobile0.25mod4lite-32-72,640x640,jetson-xav-agx,ncnn,GPU,F32,AP-medium,84.0,3.7,0.7,2.9,27.9,40.1,13.6,81.6,12.3,127681.6,10.7,5.3,9.7,3.0,2.0,2.0,100.0,0.0,0.0,37.5,37.5,9.2,2.5,,,
face-landmarks-detection,face-landmarks-detection-retinaface,mobile0.25mod4lite-32-72,640x640,jetson-xav-agx,onnxruntime,CPU,F32,AP-medium,84.0,3.7,0.7,2.9,64.8,839.7,48.1,952.5,1.0,10938.1,9.7,5.0,9.7,3.0,2.0,2.0,100.0,0.0,0.0,37.3,37.5,9.2,0.2,,,
face-landmarks-detection,face-landmarks-detection-retinaface,mobile0.25mod4lite-32-72,640x380,jetson-xav-agx,lne,CPU,F32,AP-medium,79.7,2.2,0.7,2.9,7.8,146.4,5.9,160.0,6.2,65112.3,4.8,2.2,4.7,1.5,2.5,3.0,67.8,0.0,0.0,44.1,43.2,8.5,0.8,,,
face-landmarks-detection,face-landmarks-detection-retinaface,mobile0.25mod4lite-32-72,640x380,jetson-xav-agx,onnxruntime,CPU,F32,AP-medium,79.7,2.2,0.7,2.9,10.5,306.4,17.4,334.4,3.0,31161.4,4.7,2.2,4.7,1.5,1.1,2.0,69.4,0.0,0.0,44.5,43.5,8.4,0.4,,,
face-landmarks-detection,face-landmarks-detection-retinaface,mobile0.25mod4lite-32-72,640x380,jetson-xav-agx,lne,GPU/CPU,F32,AP-medium,79.7,2.2,0.7,2.9,19.8,163.9,13.3,197.0,5.1,52892.8,12.3,5.9,9.7,3.0,2.0,2.0,100.0,0.0,0.0,39.2,37.5,9.2,0.6,,,
face-landmarks-detection,face-landmarks-detection-retinaface,mobile0.25mod4lite-32-72,640x380,jetson-xav-agx,tensorrt,NPU/GPU,S8,AP-medium,79.7,2.2,0.7,0.7,16.5,99.2,9.1,124.7,8.0,83529.9,15.9,6.9,9.7,3.0,2.0,2.0,100.0,0.0,3.0,39.5,37.5,9.2,1.0,,,
face-landmarks-detection,face-landmarks-detection-retinaface,mobile0.25mod4lite-32-72,640x380,jetson-xav-agx,tensorrt,GPU,S8,AP-medium,79.7,2.2,0.7,0.7,/,/,/,/,/,/,0.0,0.0,0.0,0.0,0.0,0.0,0.0,0.0,0.0,0.0,0.0,0.0,0.0,,,
face-landmarks-detection,face-landmarks-detection-retinaface,mobile0.25mod4lite-32-72,640x380,jetson-xav-agx,tensorrt,NPU/GPU,F16,AP-medium,79.7,2.2,0.7,1.5,17.5,70.8,9.3,97.6,10.2,106756.7,15.9,6.9,9.7,3.0,2.0,2.0,100.0,0.0,3.0,39.2,37.5,9.2,1.2,,,
face-landmarks-detection,face-landmarks-detection-retinaface,mobile0.25mod4lite-32-72,640x380,jetson-xav-agx,tensorrt,GPU,F16,AP-medium,79.7,2.2,0.7,1.5,/,/,/,/,/,/,0.0,0.0,0.0,0.0,0.0,0.0,0.0,0.0,0.0,0.0,0.0,0.0,0.0,,,
face-landmarks-detection,face-landmarks-detection-retinaface,mobile0.25mod4lite-32-72,640x380,jetson-xav-agx,tensorrt,GPU,F32,AP-medium,79.7,2.2,0.7,2.9,16.6,15.8,11.8,44.2,22.6,235597.6,15.8,6.9,9.7,3.0,2.0,2.0,100.0,0.0,0.0,39.5,37.5,9.2,2.7,,,
face-landmarks-detection,face-landmarks-detection-retinaface,mobile0.25mod4lite-32-72,640x380,jetson-xav-agx,ncnn,GPU,F16,AP-medium,79.7,2.2,0.7,1.5,15.7,29.0,10.0,54.7,18.3,190407.8,10.3,5.2,9.7,3.0,2.0,2.0,99.9,0.0,0.0,39.2,37.5,9.2,2.2,,,
face-landmarks-detection,face-landmarks-detection-retinaface,mobile0.25mod4lite-32-72,640x380,jetson-xav-agx,ncnn,GPU,F32,AP-medium,79.7,2.2,0.7,2.9,17.0,28.4,12.4,57.8,17.3,180321.9,10.4,5.2,9.7,3.0,2.0,2.0,100.0,0.0,0.0,39.2,37.5,9.2,2.1,,,
face-landmarks-detection,face-landmarks-detection-retinaface,mobile0.25mod4lite-32-72,640x380,jetson-xav-agx,onnxruntime,CPU,F32,AP-medium,79.7,2.2,0.7,2.9,26.3,540.7,30.8,597.8,1.7,17428.7,9.7,5.0,9.7,3.0,2.0,2.0,100.0,0.0,0.0,39.0,37.5,9.2,0.2,,,
face-landmarks-detection,face-landmarks-detection-retinaface,mobile0.25mod4lite-32-72,640x480,jetson-xav-agx,lne,CPU,F32,AP-medium,82.9,2.8,0.7,2.9,10.0,179.6,5.9,195.4,5.1,53318.5,4.8,2.2,4.8,1.5,3.0,3.0,68.1,0.0,0.0,44.6,43.6,8.6,0.8,,,
face-landmarks-detection,face-landmarks-detection-retinaface,mobile0.25mod4lite-32-72,640x480,jetson-xav-agx,onnxruntime,CPU,F32,AP-medium,82.9,2.8,0.7,2.9,18.6,397.2,18.3,434.0,2.3,24006.5,4.8,2.2,4.8,1.5,1.1,2.0,68.6,0.0,0.0,45.1,43.9,8.3,0.4,,,
face-landmarks-detection,face-landmarks-detection-retinaface,mobile0.25mod4lite-32-72,640x480,jetson-xav-agx,lne,GPU/CPU,F32,AP-medium,82.9,2.8,0.7,2.9,29.1,200.0,18.5,247.5,4.0,42094.6,13.0,6.1,9.7,3.0,2.0,2.0,100.0,0.0,0.0,39.0,37.5,9.2,0.6,,,
face-landmarks-detection,face-landmarks-detection-retinaface,mobile0.25mod4lite-32-72,640x480,jetson-xav-agx,tensorrt,NPU/GPU,S8,AP-medium,82.9,2.8,0.7,0.7,24.3,118.1,15.8,158.2,6.3,65872.5,16.1,6.9,9.7,3.0,2.0,2.0,100.0,0.0,3.0,39.0,37.5,9.2,0.9,,,
face-landmarks-detection,face-landmarks-detection-retinaface,mobile0.25mod4lite-32-72,640x480,jetson-xav-agx,tensorrt,GPU,S8,AP-medium,82.9,2.8,0.7,0.7,/,/,/,/,/,/,0.0,0.0,0.0,0.0,0.0,0.0,0.0,0.0,0.0,0.0,0.0,0.0,0.0,,,
face-landmarks-detection,face-landmarks-detection-retinaface,mobile0.25mod4lite-32-72,640x480,jetson-xav-agx,tensorrt,NPU/GPU,F16,AP-medium,82.9,2.8,0.7,1.5,21.5,87.1,12.2,120.8,8.3,86227.4,16.0,6.9,9.7,3.0,2.0,2.0,100.0,0.0,3.0,39.3,37.5,9.2,1.2,,,
face-landmarks-detection,face-landmarks-detection-retinaface,mobile0.25mod4lite-32-72,640x480,jetson-xav-agx,tensorrt,GPU,F16,AP-medium,82.9,2.8,0.7,1.5,/,/,/,/,/,/,0.0,0.0,0.0,0.0,0.0,0.0,0.0,0.0,0.0,0.0,0.0,0.0,0.0,,,
face-landmarks-detection,face-landmarks-detection-retinaface,mobile0.25mod4lite-32-72,640x480,jetson-xav-agx,tensorrt,GPU,F32,AP-medium,82.9,2.8,0.7,2.9,23.5,17.5,15.5,56.4,17.7,184716.7,16.0,6.9,9.7,3.0,2.0,2.0,99.9,0.0,0.0,39.5,37.5,9.2,2.7,,,
face-landmarks-detection,face-landmarks-detection-retinaface,mobile0.25mod4lite-32-72,640x480,jetson-xav-agx,ncnn,GPU,F16,AP-medium,82.9,2.8,0.7,1.5,20.1,34.2,12.2,66.5,15.0,156764.7,10.7,5.3,9.7,3.0,2.0,2.0,100.0,0.0,0.0,39.0,37.5,9.2,2.3,,,
face-landmarks-detection,face-landmarks-detection-retinaface,mobile0.25mod4lite-32-72,640x480,jetson-xav-agx,ncnn,GPU,F32,AP-medium,82.9,2.8,0.7,2.9,21.7,35.5,14.2,71.5,14.0,145785.6,10.6,5.2,9.7,3.0,2.0,2.0,100.0,0.0,0.0,39.0,37.5,9.2,2.1,,,
face-landmarks-detection,face-landmarks-detection-retinaface,mobile0.25mod4lite-32-72,640x480,jetson-xav-agx,onnxruntime,CPU,F32,AP-medium,82.9,2.8,0.7,2.9,42.4,614.9,38.0,695.2,1.4,14986.1,9.8,5.0,9.7,3.0,2.0,2.0,100.0,0.0,0.0,39.0,37.5,9.2,0.2,,,
face-landmarks-detection,face-landmarks-detection-retinaface,mobile0.25mod4lite-48-96,320x320,jetson-xav-agx,lne,CPU,F32,AP-medium,64.0,1.7,1.4,5.7,4.0,97.4,3.6,105.1,9.5,99170.9,4.8,2.1,4.8,1.5,1.9,2.0,66.1,0.0,0.0,44.2,43.3,8.2,1.0,,,
face-landmarks-detection,face-landmarks-detection-retinaface,mobile0.25mod4lite-48-96,320x320,jetson-xav-agx,onnxruntime,CPU,F32,AP-medium,64.0,1.7,1.4,5.7,3.9,241.6,4.2,249.7,4.0,41726.0,4.9,2.2,4.9,1.5,1.0,1.0,68.3,0.0,0.0,44.5,43.6,8.3,0.4,,,
face-landmarks-detection,face-landmarks-detection-retinaface,mobile0.25mod4lite-48-96,320x320,jetson-xav-agx,lne,GPU/CPU,F32,AP-medium,64.0,1.7,1.4,5.7,9.6,153.8,8.6,172.0,5.8,60565.6,9.7,2.7,9.7,3.1,2.9,3.0,100.0,4.2,0.0,39.6,38.3,9.6,0.5,,,
face-landmarks-detection,face-landmarks-detection-retinaface,mobile0.25mod4lite-48-96,320x320,jetson-xav-agx,tensorrt,NPU/GPU,S8,AP-medium,64.0,1.7,1.4,1.4,7.9,73.7,6.6,88.2,11.3,118091.7,11.7,6.8,9.7,3.0,2.0,2.0,100.0,0.0,3.0,39.0,37.5,9.2,1.0,,,
face-landmarks-detection,face-landmarks-detection-retinaface,mobile0.25mod4lite-48-96,320x320,jetson-xav-agx,tensorrt,GPU,S8,AP-medium,64.0,1.7,1.4,1.4,/,/,/,/,/,/,0.0,0.0,0.0,0.0,0.0,0.0,0.0,0.0,0.0,0.0,0.0,0.0,0.0,,,
face-landmarks-detection,face-landmarks-detection-retinaface,mobile0.25mod4lite-48-96,320x320,jetson-xav-agx,tensorrt,NPU/GPU,F16,AP-medium,64.0,1.7,1.4,2.8,9.5,52.8,7.1,69.4,14.4,150139.8,11.7,6.6,9.7,3.0,2.0,2.0,100.0,0.0,3.0,39.0,37.5,9.2,1.3,,,
face-landmarks-detection,face-landmarks-detection-retinaface,mobile0.25mod4lite-48-96,320x320,jetson-xav-agx,tensorrt,GPU,F16,AP-medium,64.0,1.7,1.4,2.8,/,/,/,/,/,/,0.0,0.0,0.0,0.0,0.0,0.0,0.0,0.0,0.0,0.0,0.0,0.0,0.0,,,
face-landmarks-detection,face-landmarks-detection-retinaface,mobile0.25mod4lite-48-96,320x320,jetson-xav-agx,tensorrt,GPU,F32,AP-medium,64.0,1.7,1.4,5.7,9.1,16.0,10.1,35.3,28.4,295425.4,11.8,6.8,11.8,3.7,4.0,5.0,100.0,0.1,0.0,39.4,38.0,9.7,2.4,,,
face-landmarks-detection,face-landmarks-detection-retinaface,mobile0.25mod4lite-48-96,320x320,jetson-xav-agx,ncnn,GPU,F16,AP-medium,64.0,1.7,1.4,2.8,10.0,28.3,9.1,47.5,21.1,219513.0,6.2,2.1,6.2,1.9,2.9,3.0,100.0,6.2,0.0,39.3,38.0,9.6,1.8,,,
face-landmarks-detection,face-landmarks-detection-retinaface,mobile0.25mod4lite-48-96,320x320,jetson-xav-agx,ncnn,GPU,F32,AP-medium,64.0,1.7,1.4,5.7,9.0,26.9,8.5,44.3,22.6,235000.3,6.2,2.1,6.2,1.9,3.4,4.0,100.0,11.1,0.0,39.4,38.1,9.6,1.9,,,
face-landmarks-detection,face-landmarks-detection-retinaface,mobile0.25mod4lite-48-96,320x320,jetson-xav-agx,onnxruntime,CPU,F32,AP-medium,64.0,1.7,1.4,5.7,8.3,375.0,10.3,393.5,2.5,26477.0,5.4,2.0,5.4,1.7,1.0,1.0,100.0,0.0,0.0,39.5,38.0,9.5,0.2,,,
face-landmarks-detection,face-landmarks-detection-retinaface,mobile0.25mod4lite-48-96,320x185,jetson-xav-agx,lne,CPU,F32,AP-medium,52.2,1.0,1.4,5.7,2.3,61.5,2.6,66.4,15.1,156913.0,4.8,2.1,4.8,1.5,1.2,2.0,64.2,0.0,0.0,43.8,42.9,8.0,0.9,,,
face-landmarks-detection,face-landmarks-detection-retinaface,mobile0.25mod4lite-48-96,320x185,jetson-xav-agx,onnxruntime,CPU,F32,AP-medium,52.2,1.0,1.4,5.7,2.3,144.6,3.8,150.6,6.6,69171.7,4.8,2.2,4.8,1.5,1.0,1.0,67.0,0.0,0.0,44.2,43.0,8.2,0.4,,,
face-landmarks-detection,face-landmarks-detection-retinaface,mobile0.25mod4lite-48-96,320x185,jetson-xav-agx,lne,GPU/CPU,F32,AP-medium,52.2,1.0,1.4,5.7,5.7,137.2,4.9,147.7,6.8,70529.1,9.4,6.2,9.7,3.0,2.0,2.0,100.0,0.0,0.0,37.0,37.5,9.2,0.4,,,
face-landmarks-detection,face-landmarks-detection-retinaface,mobile0.25mod4lite-48-96,320x185,jetson-xav-agx,tensorrt,NPU/GPU,S8,AP-medium,52.2,1.0,1.4,1.4,5.1,61.2,6.0,72.3,13.8,144136.3,11.9,6.8,9.7,3.0,2.0,2.0,100.0,0.0,2.0,37.0,37.5,9.2,0.7,,,
face-landmarks-detection,face-landmarks-detection-retinaface,mobile0.25mod4lite-48-96,320x185,jetson-xav-agx,tensorrt,GPU,S8,AP-medium,52.2,1.0,1.4,1.4,/,/,/,/,/,/,0.0,0.0,0.0,0.0,0.0,0.0,0.0,0.0,0.0,0.0,0.0,0.0,0.0,,,
face-landmarks-detection,face-landmarks-detection-retinaface,mobile0.25mod4lite-48-96,320x185,jetson-xav-agx,tensorrt,NPU/GPU,F16,AP-medium,52.2,1.0,1.4,2.8,4.7,40.2,4.6,49.5,20.2,210576.4,11.9,6.8,9.7,3.0,2.0,2.0,100.0,0.0,0.0,37.0,37.5,9.2,1.1,,,
face-landmarks-detection,face-landmarks-detection-retinaface,mobile0.25mod4lite-48-96,320x185,jetson-xav-agx,tensorrt,GPU,F16,AP-medium,52.2,1.0,1.4,2.8,/,/,/,/,/,/,0.0,0.0,0.0,0.0,0.0,0.0,0.0,0.0,0.0,0.0,0.0,0.0,0.0,,,
face-landmarks-detection,face-landmarks-detection-retinaface,mobile0.25mod4lite-48-96,320x185,jetson-xav-agx,tensorrt,GPU,F32,AP-medium,52.2,1.0,1.4,5.7,5.0,14.0,7.6,26.7,37.5,390785.1,11.8,6.8,9.7,3.0,2.0,2.0,100.0,0.0,0.0,37.0,37.5,9.2,2.0,,,
face-landmarks-detection,face-landmarks-detection-retinaface,mobile0.25mod4lite-48-96,320x185,jetson-xav-agx,ncnn,GPU,F16,AP-medium,52.2,1.0,1.4,2.8,5.3,23.4,6.4,35.1,28.5,296591.3,6.3,5.1,9.7,3.0,2.0,2.0,100.0,0.0,0.0,37.0,37.5,9.2,1.5,,,
face-landmarks-detection,face-landmarks-detection-retinaface,mobile0.25mod4lite-48-96,320x185,jetson-xav-agx,ncnn,GPU,F32,AP-medium,52.2,1.0,1.4,5.7,5.3,22.8,6.6,34.7,28.8,300429.5,6.3,5.1,9.7,3.0,2.0,2.0,99.9,0.0,0.0,37.0,37.5,9.2,1.6,,,
face-landmarks-detection,face-landmarks-detection-retinaface,mobile0.25mod4lite-48-96,320x185,jetson-xav-agx,onnxruntime,CPU,F32,AP-medium,52.2,1.0,1.4,5.7,5.0,239.0,7.2,251.3,4.0,41463.2,5.6,4.9,9.7,3.0,2.0,2.0,100.0,0.0,0.0,37.0,37.5,9.2,0.2,,,
face-landmarks-detection,face-landmarks-detection-retinaface,mobile0.25mod4lite-48-96,320x250,jetson-xav-agx,lne,CPU,F32,AP-medium,62.5,1.3,1.4,5.7,3.3,80.9,3.3,87.4,11.4,119156.9,4.9,2.1,4.9,1.5,1.5,2.0,65.0,0.0,0.0,43.7,42.7,8.1,0.9,,,
face-landmarks-detection,face-landmarks-detection-retinaface,mobile0.25mod4lite-48-96,320x250,jetson-xav-agx,onnxruntime,CPU,F32,AP-medium,62.5,1.3,1.4,5.7,3.0,182.5,4.8,190.3,5.3,54744.3,4.9,2.2,4.9,1.5,1.0,1.0,67.1,0.0,0.0,44.1,43.0,8.2,0.4,,,
face-landmarks-detection,face-landmarks-detection-retinaface,mobile0.25mod4lite-48-96,320x250,jetson-xav-agx,lne,GPU/CPU,F32,AP-medium,62.5,1.3,1.4,5.7,9.0,143.5,6.4,158.9,6.3,65555.5,8.8,6.0,9.7,3.0,2.0,2.0,100.0,0.0,0.0,36.5,37.5,9.2,0.5,,,
face-landmarks-detection,face-landmarks-detection-retinaface,mobile0.25mod4lite-48-96,320x250,jetson-xav-agx,tensorrt,NPU/GPU,S8,AP-medium,62.5,1.3,1.4,1.4,6.8,66.7,5.3,78.8,12.7,132276.8,12.0,6.8,9.7,3.0,2.0,2.0,100.0,0.0,0.0,36.5,37.5,9.2,0.9,,,
face-landmarks-detection,face-landmarks-detection-retinaface,mobile0.25mod4lite-48-96,320x250,jetson-xav-agx,tensorrt,GPU,S8,AP-medium,62.5,1.3,1.4,1.4,/,/,/,/,/,/,0.0,0.0,0.0,0.0,0.0,0.0,0.0,0.0,0.0,0.0,0.0,0.0,0.0,,,
face-landmarks-detection,face-landmarks-detection-retinaface,mobile0.25mod4lite-48-96,320x250,jetson-xav-agx,tensorrt,NPU/GPU,F16,AP-medium,62.5,1.3,1.4,2.8,5.7,46.8,5.7,58.1,17.2,179271.4,12.1,6.9,9.7,3.0,2.0,2.0,100.0,0.0,0.0,36.5,37.5,9.2,1.2,,,
face-landmarks-detection,face-landmarks-detection-retinaface,mobile0.25mod4lite-48-96,320x250,jetson-xav-agx,tensorrt,GPU,F16,AP-medium,62.5,1.3,1.4,2.8,/,/,/,/,/,/,0.0,0.0,0.0,0.0,0.0,0.0,0.0,0.0,0.0,0.0,0.0,0.0,0.0,,,
face-landmarks-detection,face-landmarks-detection-retinaface,mobile0.25mod4lite-48-96,320x250,jetson-xav-agx,tensorrt,GPU,F32,AP-medium,62.5,1.3,1.4,5.7,7.7,14.7,10.0,32.3,30.9,322096.3,11.9,6.8,9.7,3.0,2.0,2.0,100.0,0.0,0.0,36.5,37.5,9.2,2.2,,,
face-landmarks-detection,face-landmarks-detection-retinaface,mobile0.25mod4lite-48-96,320x250,jetson-xav-agx,ncnn,GPU,F16,AP-medium,62.5,1.3,1.4,2.8,6.2,24.4,7.5,38.1,26.2,273140.0,6.5,5.1,9.7,3.0,2.0,2.0,100.0,0.0,0.0,36.5,37.5,9.2,1.9,,,
face-landmarks-detection,face-landmarks-detection-retinaface,mobile0.25mod4lite-48-96,320x250,jetson-xav-agx,ncnn,GPU,F32,AP-medium,62.5,1.3,1.4,5.7,7.6,23.2,7.9,38.7,25.8,269180.2,6.4,5.1,9.7,3.0,2.0,2.0,100.0,0.0,0.0,36.8,37.5,9.2,1.9,,,
face-landmarks-detection,face-landmarks-detection-retinaface,mobile0.25mod4lite-48-96,320x250,jetson-xav-agx,onnxruntime,CPU,F32,AP-medium,62.5,1.3,1.4,5.7,7.0,316.3,10.7,333.9,3.0,31201.7,5.9,4.9,9.7,3.0,2.0,2.0,100.0,0.0,0.0,36.7,37.5,9.2,0.2,,,
face-landmarks-detection,face-landmarks-detection-retinaface,mobile0.25mod4lite-48-96,640x640,jetson-xav-agx,lne,CPU,F32,AP-medium,86.0,6.6,1.4,5.7,35.3,836.2,26.0,897.5,1.1,11608.6,4.8,1.2,4.8,1.5,2.5,3.0,100.0,0.0,0.0,34.6,33.5,9.6,0.4,,,
face-landmarks-detection,face-landmarks-detection-retinaface,mobile0.25mod4lite-48-96,640x640,jetson-xav-agx,onnxruntime,CPU,F32,AP-medium,86.0,6.6,1.4,5.7,52.6,1232.7,42.1,1327.4,0.8,7849.4,4.6,1.2,4.6,1.5,2.0,2.0,100.0,0.0,0.0,34.8,33.5,9.6,0.3,,,
face-landmarks-detection,face-landmarks-detection-retinaface,mobile0.25mod4lite-48-96,640x640,jetson-xav-agx,lne,GPU/CPU,F32,AP-medium,86.0,6.6,1.4,5.7,41.9,364.4,21.9,428.2,2.3,24330.6,9.6,6.3,9.7,3.0,2.0,2.0,100.0,0.0,0.0,38.5,37.5,9.2,0.8,,,
face-landmarks-detection,face-landmarks-detection-retinaface,mobile0.25mod4lite-48-96,640x640,jetson-xav-agx,tensorrt,NPU/GPU,S8,AP-medium,86.0,6.6,1.4,1.4,29.0,193.6,14.5,237.1,4.2,43940.3,12.0,6.9,9.7,3.0,2.0,2.0,100.0,0.0,3.0,37.8,37.5,9.2,1.5,,,
face-landmarks-detection,face-landmarks-detection-retinaface,mobile0.25mod4lite-48-96,640x640,jetson-xav-agx,tensorrt,GPU,S8,AP-medium,86.0,6.6,1.4,1.4,/,/,/,/,/,/,0.0,0.0,0.0,0.0,0.0,0.0,0.0,0.0,0.0,0.0,0.0,0.0,0.0,,,
face-landmarks-detection,face-landmarks-detection-retinaface,mobile0.25mod4lite-48-96,640x640,jetson-xav-agx,tensorrt,NPU/GPU,F16,AP-medium,86.0,6.6,1.4,2.8,28.2,156.6,13.0,197.8,5.1,52686.9,11.9,6.9,9.7,3.0,2.0,2.0,100.0,0.0,3.0,38.0,37.5,9.2,1.8,,,
face-landmarks-detection,face-landmarks-detection-retinaface,mobile0.25mod4lite-48-96,640x640,jetson-xav-agx,tensorrt,GPU,F16,AP-medium,86.0,6.6,1.4,2.8,/,/,/,/,/,/,0.0,0.0,0.0,0.0,0.0,0.0,0.0,0.0,0.0,0.0,0.0,0.0,0.0,,,
face-landmarks-detection,face-landmarks-detection-retinaface,mobile0.25mod4lite-48-96,640x640,jetson-xav-agx,tensorrt,GPU,F32,AP-medium,86.0,6.6,1.4,5.7,28.1,25.5,13.9,67.6,14.8,154128.4,11.9,6.9,9.7,3.0,2.0,2.0,99.8,0.0,0.0,38.5,37.5,9.2,5.3,,,
face-landmarks-detection,face-landmarks-detection-retinaface,mobile0.25mod4lite-48-96,640x640,jetson-xav-agx,ncnn,GPU,F16,AP-medium,86.0,6.6,1.4,2.8,27.0,49.5,14.0,90.6,11.0,114993.8,6.9,5.3,9.7,3.0,2.0,2.0,100.0,0.0,0.0,38.5,37.5,9.2,3.9,,,
face-landmarks-detection,face-landmarks-detection-retinaface,mobile0.25mod4lite-48-96,640x640,jetson-xav-agx,ncnn,GPU,F32,AP-medium,86.0,6.6,1.4,5.7,28.8,48.8,14.9,92.5,10.8,112593.9,6.9,5.3,9.7,3.0,2.0,2.0,100.0,0.0,0.0,38.5,37.5,9.2,3.9,,,
face-landmarks-detection,face-landmarks-detection-retinaface,mobile0.25mod4lite-48-96,640x640,jetson-xav-agx,onnxruntime,CPU,F32,AP-medium,86.0,6.6,1.4,5.7,60.3,1309.5,41.5,1411.4,0.7,7382.1,5.6,4.9,9.7,3.0,2.0,2.0,100.0,0.0,0.0,38.0,37.5,9.2,0.3,,,
face-landmarks-detection,face-landmarks-detection-retinaface,mobile0.25mod4lite-48-96,640x380,jetson-xav-agx,lne,CPU,F32,AP-medium,81.6,3.9,1.4,5.7,7.4,225.8,5.7,238.9,4.2,43616.2,5.2,2.2,5.1,1.6,2.6,3.0,68.0,0.0,0.0,44.9,43.9,8.6,1.0,,,
face-landmarks-detection,face-landmarks-detection-retinaface,mobile0.25mod4lite-48-96,640x380,jetson-xav-agx,onnxruntime,CPU,F32,AP-medium,81.6,3.9,1.4,5.7,7.1,497.4,9.1,513.6,1.9,20287.8,5.0,2.1,4.9,1.5,1.0,2.0,68.5,0.0,0.0,45.2,44.1,8.3,0.5,,,
face-landmarks-detection,face-landmarks-detection-retinaface,mobile0.25mod4lite-48-96,640x380,jetson-xav-agx,lne,GPU/CPU,F32,AP-medium,81.6,3.9,1.4,5.7,23.0,251.4,20.3,294.8,3.4,35344.0,9.4,6.1,9.7,3.0,2.0,2.0,100.0,0.0,0.0,36.0,37.5,9.2,0.7,,,
face-landmarks-detection,face-landmarks-detection-retinaface,mobile0.25mod4lite-48-96,640x380,jetson-xav-agx,tensorrt,NPU/GPU,S8,AP-medium,81.6,3.9,1.4,1.4,18.0,127.5,13.1,158.6,6.3,65694.3,12.3,6.8,9.7,3.0,2.0,2.0,100.0,0.0,0.0,36.2,37.5,9.2,1.4,,,
face-landmarks-detection,face-landmarks-detection-retinaface,mobile0.25mod4lite-48-96,640x380,jetson-xav-agx,tensorrt,GPU,S8,AP-medium,81.6,3.9,1.4,1.4,/,/,/,/,/,/,0.0,0.0,0.0,0.0,0.0,0.0,0.0,0.0,0.0,0.0,0.0,0.0,0.0,,,
face-landmarks-detection,face-landmarks-detection-retinaface,mobile0.25mod4lite-48-96,640x380,jetson-xav-agx,tensorrt,NPU/GPU,F16,AP-medium,81.6,3.9,1.4,2.8,20.1,99.7,11.7,131.5,7.6,79259.9,12.2,6.8,9.7,3.0,2.0,2.0,100.0,0.0,0.0,36.2,37.5,9.2,1.6,,,
face-landmarks-detection,face-landmarks-detection-retinaface,mobile0.25mod4lite-48-96,640x380,jetson-xav-agx,tensorrt,GPU,F16,AP-medium,81.6,3.9,1.4,2.8,/,/,/,/,/,/,0.0,0.0,0.0,0.0,0.0,0.0,0.0,0.0,0.0,0.0,0.0,0.0,0.0,,,
face-landmarks-detection,face-landmarks-detection-retinaface,mobile0.25mod4lite-48-96,640x380,jetson-xav-agx,tensorrt,GPU,F32,AP-medium,81.6,3.9,1.4,5.7,18.4,19.3,13.7,51.4,19.5,202869.9,12.2,6.9,9.7,3.0,2.0,2.0,100.0,0.0,0.0,36.5,37.5,9.2,4.2,,,
face-landmarks-detection,face-landmarks-detection-retinaface,mobile0.25mod4lite-48-96,640x380,jetson-xav-agx,ncnn,GPU,F16,AP-medium,81.6,3.9,1.4,2.8,16.8,37.8,12.2,66.9,15.0,155797.7,7.0,5.2,9.7,3.0,2.0,2.0,99.9,0.0,0.0,36.5,37.5,9.2,3.2,,,
face-landmarks-detection,face-landmarks-detection-retinaface,mobile0.25mod4lite-48-96,640x380,jetson-xav-agx,ncnn,GPU,F32,AP-medium,81.6,3.9,1.4,5.7,18.9,36.4,11.5,66.8,15.0,155871.4,6.9,5.2,9.7,3.0,2.0,2.0,100.0,0.0,0.0,36.5,37.5,9.2,3.2,,,
face-landmarks-detection,face-landmarks-detection-retinaface,mobile0.25mod4lite-48-96,640x380,jetson-xav-agx,onnxruntime,CPU,F32,AP-medium,81.6,3.9,1.4,5.7,19.9,804.5,18.9,843.3,1.2,12354.8,6.0,4.9,9.7,3.0,2.0,2.0,100.0,0.0,0.0,36.2,37.5,9.2,0.3,,,
face-landmarks-detection,face-landmarks-detection-retinaface,mobile0.25mod4lite-48-96,640x480,jetson-xav-agx,lne,CPU,F32,AP-medium,84.9,4.9,1.4,5.7,23.9,588.3,19.3,631.6,1.6,16497.0,4.8,1.2,4.8,1.5,2.3,3.0,100.0,0.0,0.0,35.0,33.5,9.7,0.4,,,
face-landmarks-detection,face-landmarks-detection-retinaface,mobile0.25mod4lite-48-96,640x480,jetson-xav-agx,onnxruntime,CPU,F32,AP-medium,84.9,4.9,1.4,5.7,21.6,898.3,20.1,940.0,1.1,11084.4,4.7,1.1,4.7,1.5,2.0,2.0,100.0,0.0,0.0,35.0,33.6,9.6,0.3,,,
face-landmarks-detection,face-landmarks-detection-retinaface,mobile0.25mod4lite-48-96,640x480,jetson-xav-agx,lne,GPU/CPU,F32,AP-medium,84.9,4.9,1.4,5.7,28.9,251.2,20.1,300.2,3.3,34712.4,9.4,6.1,9.7,3.0,2.0,2.0,100.0,0.0,0.0,35.5,37.5,9.2,0.9,,,
face-landmarks-detection,face-landmarks-detection-retinaface,mobile0.25mod4lite-48-96,640x480,jetson-xav-agx,tensorrt,NPU/GPU,S8,AP-medium,84.9,4.9,1.4,1.4,23.6,153.4,10.6,187.5,5.3,55564.7,12.4,6.9,9.7,3.0,2.0,2.0,100.0,0.0,3.0,36.0,37.5,9.2,1.4,,,
face-landmarks-detection,face-landmarks-detection-retinaface,mobile0.25mod4lite-48-96,640x480,jetson-xav-agx,tensorrt,GPU,S8,AP-medium,84.9,4.9,1.4,1.4,/,/,/,/,/,/,0.0,0.0,0.0,0.0,0.0,0.0,0.0,0.0,0.0,0.0,0.0,0.0,0.0,,,
face-landmarks-detection,face-landmarks-detection-retinaface,mobile0.25mod4lite-48-96,640x480,jetson-xav-agx,tensorrt,NPU/GPU,F16,AP-medium,84.9,4.9,1.4,2.8,23.2,122.3,10.3,155.8,6.4,66852.8,12.4,6.9,9.7,3.0,2.0,2.0,100.0,0.0,3.0,36.2,37.5,9.2,1.7,,,
face-landmarks-detection,face-landmarks-detection-retinaface,mobile0.25mod4lite-48-96,640x480,jetson-xav-agx,tensorrt,GPU,F16,AP-medium,84.9,4.9,1.4,2.8,/,/,/,/,/,/,0.0,0.0,0.0,0.0,0.0,0.0,0.0,0.0,0.0,0.0,0.0,0.0,0.0,,,
face-landmarks-detection,face-landmarks-detection-retinaface,mobile0.25mod4lite-48-96,640x480,jetson-xav-agx,tensorrt,GPU,F32,AP-medium,84.9,4.9,1.4,5.7,21.1,21.4,11.9,54.4,18.4,191618.8,12.4,6.9,9.7,3.0,2.0,2.0,100.0,0.0,0.0,36.0,37.5,9.2,4.9,,,
face-landmarks-detection,face-landmarks-detection-retinaface,mobile0.25mod4lite-48-96,640x480,jetson-xav-agx,ncnn,GPU,F16,AP-medium,84.9,4.9,1.4,2.8,21.3,41.9,11.3,74.5,13.4,139788.9,7.3,5.3,9.7,3.0,2.0,2.0,100.0,0.0,0.0,35.8,37.5,9.2,3.6,,,
face-landmarks-detection,face-landmarks-detection-retinaface,mobile0.25mod4lite-48-96,640x480,jetson-xav-agx,ncnn,GPU,F32,AP-medium,84.9,4.9,1.4,5.7,22.9,42.2,12.0,77.0,13.0,135232.8,7.0,5.2,9.7,3.0,2.0,2.0,100.0,0.0,0.0,35.8,37.5,9.2,3.5,,,
face-landmarks-detection,face-landmarks-detection-retinaface,mobile0.25mod4lite-48-96,640x480,jetson-xav-agx,onnxruntime,CPU,F32,AP-medium,84.9,4.9,1.4,5.7,22.0,995.9,18.0,1035.9,1.0,10057.9,6.2,5.0,9.7,3.0,2.0,2.0,100.0,0.0,0.0,35.5,37.5,9.2,0.3,,,
face-landmarks-detection,face-landmarks-detection-retinaface,mobile0.25mod4lite-64-128,320x320,jetson-xav-agx,lne,CPU,F32,AP-medium,68.4,2.9,2.5,10.0,9.4,330.5,8.1,347.9,2.9,29946.1,4.9,1.2,4.9,1.5,1.9,2.0,100.0,0.0,0.0,35.0,33.6,9.6,0.4,,,
face-landmarks-detection,face-landmarks-detection-retinaface,mobile0.25mod4lite-64-128,320x320,jetson-xav-agx,onnxruntime,CPU,F32,AP-medium,68.4,2.9,2.5,10.0,9.4,516.5,10.3,536.2,1.9,19430.0,4.7,1.1,4.7,1.5,1.0,2.0,100.0,0.0,0.0,35.0,33.6,9.6,0.3,,,
face-landmarks-detection,face-landmarks-detection-retinaface,mobile0.25mod4lite-64-128,320x320,jetson-xav-agx,lne,GPU/CPU,F32,AP-medium,68.4,2.9,2.5,10.0,9.7,174.3,7.5,191.5,5.2,54408.4,9.8,6.2,9.7,3.0,2.0,2.0,100.0,0.0,0.0,35.5,37.5,9.2,0.8,,,
face-landmarks-detection,face-landmarks-detection-retinaface,mobile0.25mod4lite-64-128,320x320,jetson-xav-agx,tensorrt,NPU/GPU,S8,AP-medium,68.4,2.9,2.5,2.5,7.6,75.3,6.3,89.2,11.2,116851.3,12.6,6.9,9.7,3.0,2.0,2.0,100.0,0.0,2.0,35.8,37.5,9.2,1.8,,,
face-landmarks-detection,face-landmarks-detection-retinaface,mobile0.25mod4lite-64-128,320x320,jetson-xav-agx,tensorrt,GPU,S8,AP-medium,68.4,2.9,2.5,2.5,/,/,/,/,/,/,0.0,0.0,0.0,0.0,0.0,0.0,0.0,0.0,0.0,0.0,0.0,0.0,0.0,,,
face-landmarks-detection,face-landmarks-detection-retinaface,mobile0.25mod4lite-64-128,320x320,jetson-xav-agx,tensorrt,NPU/GPU,F16,AP-medium,68.4,2.9,2.5,5.0,7.6,61.2,6.8,75.6,13.2,137835.2,12.5,6.9,9.7,3.0,2.0,2.0,99.9,0.0,0.0,35.8,37.5,9.2,2.1,,,
face-landmarks-detection,face-landmarks-detection-retinaface,mobile0.25mod4lite-64-128,320x320,jetson-xav-agx,tensorrt,GPU,F16,AP-medium,68.4,2.9,2.5,5.0,/,/,/,/,/,/,0.0,0.0,0.0,0.0,0.0,0.0,0.0,0.0,0.0,0.0,0.0,0.0,0.0,,,
face-landmarks-detection,face-landmarks-detection-retinaface,mobile0.25mod4lite-64-128,320x320,jetson-xav-agx,tensorrt,GPU,F32,AP-medium,68.4,2.9,2.5,10.0,6.8,16.1,8.0,30.9,32.3,336938.5,12.5,6.9,9.7,3.0,2.0,2.0,100.0,0.0,0.0,35.8,37.5,9.2,5.1,,,
face-landmarks-detection,face-landmarks-detection-retinaface,mobile0.25mod4lite-64-128,320x320,jetson-xav-agx,ncnn,GPU,F16,AP-medium,68.4,2.9,2.5,5.0,7.8,32.0,7.8,47.7,21.0,218480.1,7.0,5.2,9.7,3.0,2.0,2.0,99.9,0.0,0.0,36.0,37.5,9.2,3.3,,,
face-landmarks-detection,face-landmarks-detection-retinaface,mobile0.25mod4lite-64-128,320x320,jetson-xav-agx,ncnn,GPU,F32,AP-medium,68.4,2.9,2.5,10.0,8.6,31.9,8.4,48.8,20.5,213331.0,7.0,5.2,9.7,3.0,2.0,2.0,100.0,0.0,0.0,35.5,37.5,9.2,3.2,,,
face-landmarks-detection,face-landmarks-detection-retinaface,mobile0.25mod4lite-64-128,320x320,jetson-xav-agx,onnxruntime,CPU,F32,AP-medium,68.4,2.9,2.5,10.0,8.5,583.0,12.9,604.4,1.7,17239.2,6.2,4.9,9.7,3.0,2.0,2.0,100.0,0.0,0.0,35.5,37.5,9.2,0.3,,,
face-landmarks-detection,face-landmarks-detection-retinaface,mobile0.25mod4lite-64-128,320x185,jetson-xav-agx,lne,CPU,F32,AP-medium,56.9,1.7,2.5,10.0,2.6,93.3,2.9,98.8,10.1,105440.7,5.1,2.2,5.1,1.6,1.4,2.0,65.2,0.0,0.0,44.5,43.6,8.2,1.1,,,
face-landmarks-detection,face-landmarks-detection-retinaface,mobile0.25mod4lite-64-128,320x185,jetson-xav-agx,onnxruntime,CPU,F32,AP-medium,56.9,1.7,2.5,10.0,2.5,211.4,4.1,218.0,4.6,47785.9,5.0,2.1,5.0,1.6,1.0,1.0,67.5,0.0,0.0,44.7,43.8,8.2,0.5,,,
face-landmarks-detection,face-landmarks-detection-retinaface,mobile0.25mod4lite-64-128,320x185,jetson-xav-agx,lne,GPU/CPU,F32,AP-medium,56.9,1.7,2.5,10.0,7.8,162.4,7.3,177.5,5.6,58696.4,10.4,6.2,9.7,3.0,2.0,2.0,100.0,0.0,0.0,34.8,37.5,9.2,0.5,,,
face-landmarks-detection,face-landmarks-detection-retinaface,mobile0.25mod4lite-64-128,320x185,jetson-xav-agx,tensorrt,NPU/GPU,S8,AP-medium,56.9,1.7,2.5,2.5,4.5,61.3,4.6,70.4,14.2,148056.3,12.8,6.9,9.7,3.0,2.0,2.0,100.0,0.0,0.0,34.5,37.5,9.2,1.3,,,
face-landmarks-detection,face-landmarks-detection-retinaface,mobile0.25mod4lite-64-128,320x185,jetson-xav-agx,tensorrt,GPU,S8,AP-medium,56.9,1.7,2.5,2.5,/,/,/,/,/,/,0.0,0.0,0.0,0.0,0.0,0.0,0.0,0.0,0.0,0.0,0.0,0.0,0.0,,,
face-landmarks-detection,face-landmarks-detection-retinaface,mobile0.25mod4lite-64-128,320x185,jetson-xav-agx,tensorrt,NPU/GPU,F16,AP-medium,56.9,1.7,2.5,5.0,5.6,46.1,6.2,57.8,17.3,180234.7,12.7,6.9,9.7,3.0,2.0,2.0,100.0,0.0,1.0,34.8,37.5,9.2,1.6,,,
face-landmarks-detection,face-landmarks-detection-retinaface,mobile0.25mod4lite-64-128,320x185,jetson-xav-agx,tensorrt,GPU,F16,AP-medium,56.9,1.7,2.5,5.0,/,/,/,/,/,/,0.0,0.0,0.0,0.0,0.0,0.0,0.0,0.0,0.0,0.0,0.0,0.0,0.0,,,
face-landmarks-detection,face-landmarks-detection-retinaface,mobile0.25mod4lite-64-128,320x185,jetson-xav-agx,tensorrt,GPU,F32,AP-medium,56.9,1.7,2.5,10.0,5.1,15.6,6.6,27.3,36.7,382117.4,12.7,6.9,9.7,3.0,2.0,2.0,100.0,0.0,0.0,34.8,37.5,9.2,3.4,,,
face-landmarks-detection,face-landmarks-detection-retinaface,mobile0.25mod4lite-64-128,320x185,jetson-xav-agx,ncnn,GPU,F16,AP-medium,56.9,1.7,2.5,5.0,4.5,25.6,6.9,37.0,27.0,281224.4,7.2,5.1,9.7,3.0,2.0,2.0,100.0,0.0,0.0,35.0,37.5,9.2,2.5,,,
face-landmarks-detection,face-landmarks-detection-retinaface,mobile0.25mod4lite-64-128,320x185,jetson-xav-agx,ncnn,GPU,F32,AP-medium,56.9,1.7,2.5,10.0,5.5,25.3,6.6,37.4,26.7,278242.2,7.2,5.1,9.7,3.0,2.0,2.0,100.0,0.0,0.0,34.8,37.5,9.2,2.5,,,
face-landmarks-detection,face-landmarks-detection-retinaface,mobile0.25mod4lite-64-128,320x185,jetson-xav-agx,onnxruntime,CPU,F32,AP-medium,56.9,1.7,2.5,10.0,5.1,349.6,7.2,362.0,2.8,28780.9,6.4,4.9,9.7,3.0,2.0,2.0,100.0,0.0,0.0,35.0,37.5,9.2,0.3,,,
face-landmarks-detection,face-landmarks-detection-retinaface,mobile0.25mod4lite-64-128,320x250,jetson-xav-agx,lne,CPU,F32,AP-medium,66.5,2.3,2.5,10.0,3.4,121.6,3.5,128.5,7.8,81085.1,5.2,2.2,5.2,1.6,1.8,2.0,65.8,0.0,0.0,44.4,43.3,8.2,1.1,,,
face-landmarks-detection,face-landmarks-detection-retinaface,mobile0.25mod4lite-64-128,320x250,jetson-xav-agx,onnxruntime,CPU,F32,AP-medium,66.5,2.3,2.5,10.0,3.4,285.1,4.8,293.3,3.4,35517.8,5.1,2.1,5.1,1.6,1.0,1.0,68.1,0.0,0.0,44.6,43.6,8.3,0.5,,,
face-landmarks-detection,face-landmarks-detection-retinaface,mobile0.25mod4lite-64-128,320x250,jetson-xav-agx,lne,GPU/CPU,F32,AP-medium,66.5,2.3,2.5,10.0,8.2,181.3,5.7,195.2,5.1,53386.4,10.4,6.2,9.7,3.0,2.0,2.0,99.9,0.0,0.0,34.0,37.5,9.2,0.6,,,
face-landmarks-detection,face-landmarks-detection-retinaface,mobile0.25mod4lite-64-128,320x250,jetson-xav-agx,tensorrt,NPU/GPU,S8,AP-medium,66.5,2.3,2.5,2.5,6.5,68.4,5.4,80.3,12.5,129790.8,12.9,6.9,9.7,3.0,2.0,2.0,100.0,0.0,3.0,34.0,37.5,9.2,1.6,,,
face-landmarks-detection,face-landmarks-detection-retinaface,mobile0.25mod4lite-64-128,320x250,jetson-xav-agx,tensorrt,GPU,S8,AP-medium,66.5,2.3,2.5,2.5,/,/,/,/,/,/,0.0,0.0,0.0,0.0,0.0,0.0,0.0,0.0,0.0,0.0,0.0,0.0,0.0,,,
face-landmarks-detection,face-landmarks-detection-retinaface,mobile0.25mod4lite-64-128,320x250,jetson-xav-agx,tensorrt,NPU/GPU,F16,AP-medium,66.5,2.3,2.5,5.0,6.4,53.7,5.2,65.3,15.3,159570.5,12.9,6.9,9.7,3.0,2.0,2.0,100.0,0.0,3.0,34.0,37.5,9.2,1.9,,,
face-landmarks-detection,face-landmarks-detection-retinaface,mobile0.25mod4lite-64-128,320x250,jetson-xav-agx,tensorrt,GPU,F16,AP-medium,66.5,2.3,2.5,5.0,/,/,/,/,/,/,0.0,0.0,0.0,0.0,0.0,0.0,0.0,0.0,0.0,0.0,0.0,0.0,0.0,,,
face-landmarks-detection,face-landmarks-detection-retinaface,mobile0.25mod4lite-64-128,320x250,jetson-xav-agx,tensorrt,GPU,F32,AP-medium,66.5,2.3,2.5,10.0,6.4,16.2,7.9,30.5,32.8,341621.8,12.8,6.8,9.7,3.0,2.0,2.0,100.0,0.0,0.0,34.5,37.5,9.2,4.1,,,
face-landmarks-detection,face-landmarks-detection-retinaface,mobile0.25mod4lite-64-128,320x250,jetson-xav-agx,ncnn,GPU,F16,AP-medium,66.5,2.3,2.5,5.0,6.2,27.8,8.2,42.2,23.7,246772.6,7.4,5.1,9.7,3.0,2.0,2.0,100.0,0.0,0.0,34.0,37.5,9.2,3.0,,,
face-landmarks-detection,face-landmarks-detection-retinaface,mobile0.25mod4lite-64-128,320x250,jetson-xav-agx,ncnn,GPU,F32,AP-medium,66.5,2.3,2.5,10.0,7.0,27.6,7.5,42.1,23.8,247677.4,7.4,5.2,9.7,3.0,2.0,2.0,100.0,0.0,0.0,34.0,37.5,9.2,3.0,,,
face-landmarks-detection,face-landmarks-detection-retinaface,mobile0.25mod4lite-64-128,320x250,jetson-xav-agx,onnxruntime,CPU,F32,AP-medium,66.5,2.3,2.5,10.0,7.1,457.6,9.9,474.6,2.1,21953.3,6.6,4.9,9.7,3.0,2.0,2.0,100.0,0.0,0.0,34.0,37.5,9.2,0.3,,,
face-landmarks-detection,face-landmarks-detection-retinaface,mobile0.25mod4lite-64-128,640x640,jetson-xav-agx,lne,CPU,F32,AP-medium,87.3,11.4,2.5,10.0,36.1,1177.0,24.2,1237.3,0.8,8420.8,5.1,1.2,5.1,1.6,2.6,3.0,100.0,0.0,0.0,35.1,33.7,9.7,0.5,,,
face-landmarks-detection,face-landmarks-detection-retinaface,mobile0.25mod4lite-64-128,640x640,jetson-xav-agx,onnxruntime,CPU,F32,AP-medium,87.3,11.4,2.5,10.0,55.3,1749.6,44.4,1849.3,0.5,5634.0,4.8,1.2,4.8,1.5,2.0,2.0,100.0,0.0,0.0,35.1,33.8,9.6,0.3,,,
face-landmarks-detection,face-landmarks-detection-retinaface,mobile0.25mod4lite-64-128,640x640,jetson-xav-agx,lne,GPU/CPU,F32,AP-medium,87.3,11.4,2.5,10.0,29.8,461.3,21.8,512.9,1.9,20315.4,9.9,6.2,9.7,3.0,2.0,2.0,100.0,0.0,0.0,35.5,37.5,9.2,1.2,,,
face-landmarks-detection,face-landmarks-detection-retinaface,mobile0.25mod4lite-64-128,640x640,jetson-xav-agx,tensorrt,NPU/GPU,S8,AP-medium,87.3,11.4,2.5,2.5,30.6,209.3,15.4,255.4,3.9,40796.1,12.8,6.9,9.7,3.0,2.0,2.0,100.0,0.0,0.0,35.5,37.5,9.2,2.4,,,
face-landmarks-detection,face-landmarks-detection-retinaface,mobile0.25mod4lite-64-128,640x640,jetson-xav-agx,tensorrt,GPU,S8,AP-medium,87.3,11.4,2.5,2.5,/,/,/,/,/,/,0.0,0.0,0.0,0.0,0.0,0.0,0.0,0.0,0.0,0.0,0.0,0.0,0.0,,,
face-landmarks-detection,face-landmarks-detection-retinaface,mobile0.25mod4lite-64-128,640x640,jetson-xav-agx,tensorrt,NPU/GPU,F16,AP-medium,87.3,11.4,2.5,5.0,30.3,192.1,13.4,235.9,4.2,44175.9,12.9,6.9,9.7,3.0,2.0,2.0,99.9,0.0,1.0,35.5,37.5,9.2,2.6,,,
face-landmarks-detection,face-landmarks-detection-retinaface,mobile0.25mod4lite-64-128,640x640,jetson-xav-agx,tensorrt,GPU,F16,AP-medium,87.3,11.4,2.5,5.0,/,/,/,/,/,/,0.0,0.0,0.0,0.0,0.0,0.0,0.0,0.0,0.0,0.0,0.0,0.0,0.0,,,
face-landmarks-detection,face-landmarks-detection-retinaface,mobile0.25mod4lite-64-128,640x640,jetson-xav-agx,tensorrt,GPU,F32,AP-medium,87.3,11.4,2.5,10.0,27.6,31.6,11.3,70.5,14.2,147832.9,12.8,6.9,9.7,3.0,2.0,2.0,100.0,0.0,0.0,35.8,37.5,9.2,8.8,,,
face-landmarks-detection,face-landmarks-detection-retinaface,mobile0.25mod4lite-64-128,640x640,jetson-xav-agx,ncnn,GPU,F16,AP-medium,87.3,11.4,2.5,5.0,25.1,65.4,12.9,103.5,9.7,100675.1,8.1,5.5,9.7,3.0,2.0,2.0,100.0,0.0,0.0,35.5,37.5,9.2,6.0,,,
face-landmarks-detection,face-landmarks-detection-retinaface,mobile0.25mod4lite-64-128,640x640,jetson-xav-agx,ncnn,GPU,F32,AP-medium,87.3,11.4,2.5,10.0,28.3,64.5,15.2,108.0,9.3,96449.6,8.1,5.5,9.7,3.0,2.0,2.0,100.0,0.0,0.0,35.5,37.5,9.2,5.8,,,
face-landmarks-detection,face-landmarks-detection-retinaface,mobile0.25mod4lite-64-128,640x640,jetson-xav-agx,onnxruntime,CPU,F32,AP-medium,87.3,11.4,2.5,10.0,61.3,1935.1,49.2,2045.6,0.5,5093.4,6.3,4.9,9.7,3.0,2.0,2.0,100.0,0.0,0.0,35.5,37.5,9.2,0.3,,,
face-landmarks-detection,face-landmarks-detection-retinaface,mobile0.25mod4lite-64-128,640x380,jetson-xav-agx,lne,CPU,F32,AP-medium,83.3,6.8,2.5,10.0,8.5,340.5,7.0,356.0,2.8,29265.5,5.4,2.2,5.4,1.7,3.0,3.0,69.1,0.0,0.0,45.4,44.2,8.8,1.1,,,
face-landmarks-detection,face-landmarks-detection-retinaface,mobile0.25mod4lite-64-128,640x380,jetson-xav-agx,onnxruntime,CPU,F32,AP-medium,83.3,6.8,2.5,10.0,7.9,738.7,9.7,756.2,1.3,13777.4,5.3,2.2,5.3,1.7,1.1,2.0,69.1,0.0,0.0,45.9,44.8,8.4,0.5,,,
face-landmarks-detection,face-landmarks-detection-retinaface,mobile0.25mod4lite-64-128,640x380,jetson-xav-agx,lne,GPU/CPU,F32,AP-medium,83.3,6.8,2.5,10.0,22.5,266.1,13.2,301.8,3.3,34518.0,10.6,6.3,9.7,3.0,2.0,2.0,100.0,0.0,0.0,33.8,37.5,9.2,1.2,,,
face-landmarks-detection,face-landmarks-detection-retinaface,mobile0.25mod4lite-64-128,640x380,jetson-xav-agx,tensorrt,NPU/GPU,S8,AP-medium,83.3,6.8,2.5,2.5,18.2,136.9,11.9,167.0,6.0,62388.2,13.3,6.9,9.7,3.0,2.0,2.0,100.0,0.0,0.0,34.2,37.5,9.2,2.2,,,
face-landmarks-detection,face-landmarks-detection-retinaface,mobile0.25mod4lite-64-128,640x380,jetson-xav-agx,tensorrt,GPU,S8,AP-medium,83.3,6.8,2.5,2.5,/,/,/,/,/,/,0.0,0.0,0.0,0.0,0.0,0.0,0.0,0.0,0.0,0.0,0.0,0.0,0.0,,,
face-landmarks-detection,face-landmarks-detection-retinaface,mobile0.25mod4lite-64-128,640x380,jetson-xav-agx,tensorrt,NPU/GPU,F16,AP-medium,83.3,6.8,2.5,5.0,18.0,120.2,9.7,147.9,6.8,70426.0,13.2,6.9,9.7,3.0,2.0,2.0,100.0,0.0,1.0,34.0,37.5,9.2,2.5,,,
face-landmarks-detection,face-landmarks-detection-retinaface,mobile0.25mod4lite-64-128,640x380,jetson-xav-agx,tensorrt,GPU,F16,AP-medium,83.3,6.8,2.5,5.0,/,/,/,/,/,/,0.0,0.0,0.0,0.0,0.0,0.0,0.0,0.0,0.0,0.0,0.0,0.0,0.0,,,
face-landmarks-detection,face-landmarks-detection-retinaface,mobile0.25mod4lite-64-128,640x380,jetson-xav-agx,tensorrt,GPU,F32,AP-medium,83.3,6.8,2.5,10.0,16.9,21.3,9.6,47.8,20.9,218158.4,13.1,6.9,9.7,3.0,2.0,2.0,100.0,0.0,0.0,34.0,37.5,9.2,7.8,,,
face-landmarks-detection,face-landmarks-detection-retinaface,mobile0.25mod4lite-64-128,640x380,jetson-xav-agx,ncnn,GPU,F16,AP-medium,83.3,6.8,2.5,5.0,18.9,46.6,10.9,76.4,13.1,136413.5,7.9,5.3,9.7,3.0,2.0,2.0,100.0,0.0,0.0,34.0,37.5,9.2,4.9,,,
face-landmarks-detection,face-landmarks-detection-retinaface,mobile0.25mod4lite-64-128,640x380,jetson-xav-agx,ncnn,GPU,F32,AP-medium,83.3,6.8,2.5,10.0,17.9,47.6,12.4,78.0,12.8,133656.7,8.0,5.3,9.7,3.0,2.0,2.0,99.8,0.0,0.0,34.0,37.5,9.2,4.8,,,
face-landmarks-detection,face-landmarks-detection-retinaface,mobile0.25mod4lite-64-128,640x380,jetson-xav-agx,onnxruntime,CPU,F32,AP-medium,83.3,6.8,2.5,10.0,16.0,1157.5,18.2,1191.7,0.8,8742.9,6.8,4.9,9.7,3.0,2.0,2.0,100.0,0.0,0.0,34.0,37.5,9.2,0.3,,,
face-landmarks-detection,face-landmarks-detection-retinaface,mobile0.25mod4lite-64-128,640x480,jetson-xav-agx,lne,CPU,F32,AP-medium,86.2,8.6,2.5,10.0,/,/,/,/,/,/,0.0,0.0,0.0,0.0,0.0,0.0,0.0,0.0,0.0,0.0,0.0,0.0,0.0,,,
face-landmarks-detection,face-landmarks-detection-retinaface,mobile0.25mod4lite-64-128,640x480,jetson-xav-agx,onnxruntime,CPU,F32,AP-medium,86.2,8.6,2.5,10.0,/,/,/,/,/,/,0.0,0.0,0.0,0.0,0.0,0.0,0.0,0.0,0.0,0.0,0.0,0.0,0.0,,,
face-landmarks-detection,face-landmarks-detection-retinaface,mobile0.25mod4lite-64-128,640x480,jetson-xav-agx,lne,GPU/CPU,F32,AP-medium,86.2,8.6,2.5,10.0,23.3,329.3,8.1,360.7,2.8,28882.4,11.0,6.3,9.7,3.0,2.0,2.0,100.0,0.0,0.0,34.0,37.5,9.2,1.3,,,
face-landmarks-detection,face-landmarks-detection-retinaface,mobile0.25mod4lite-64-128,640x480,jetson-xav-agx,tensorrt,NPU/GPU,S8,AP-medium,86.2,8.6,2.5,2.5,23.4,164.2,11.6,199.2,5.0,52296.6,13.3,6.9,9.7,3.0,2.0,2.0,100.0,0.0,0.0,34.5,37.5,9.2,2.3,,,
face-landmarks-detection,face-landmarks-detection-retinaface,mobile0.25mod4lite-64-128,640x480,jetson-xav-agx,tensorrt,GPU,S8,AP-medium,86.2,8.6,2.5,2.5,/,/,/,/,/,/,0.0,0.0,0.0,0.0,0.0,0.0,0.0,0.0,0.0,0.0,0.0,0.0,0.0,,,
face-landmarks-detection,face-landmarks-detection-retinaface,mobile0.25mod4lite-64-128,640x480,jetson-xav-agx,tensorrt,NPU/GPU,F16,AP-medium,86.2,8.6,2.5,5.0,23.0,148.7,9.3,181.1,5.5,57544.2,13.3,6.9,9.7,3.0,2.0,2.0,100.0,0.0,3.0,34.2,37.5,9.2,2.6,,,
face-landmarks-detection,face-landmarks-detection-retinaface,mobile0.25mod4lite-64-128,640x480,jetson-xav-agx,tensorrt,GPU,F16,AP-medium,86.2,8.6,2.5,5.0,/,/,/,/,/,/,0.0,0.0,0.0,0.0,0.0,0.0,0.0,0.0,0.0,0.0,0.0,0.0,0.0,,,
face-landmarks-detection,face-landmarks-detection-retinaface,mobile0.25mod4lite-64-128,640x480,jetson-xav-agx,tensorrt,GPU,F32,AP-medium,86.2,8.6,2.5,10.0,20.8,25.3,13.0,59.2,16.9,176134.7,13.2,6.9,9.7,3.0,2.0,2.0,99.9,0.0,0.0,34.0,37.5,9.2,7.9,,,
face-landmarks-detection,face-landmarks-detection-retinaface,mobile0.25mod4lite-64-128,640x480,jetson-xav-agx,ncnn,GPU,F16,AP-medium,86.2,8.6,2.5,5.0,23.5,52.6,11.3,87.4,11.4,119219.8,8.3,5.4,9.7,3.0,2.0,2.0,100.0,0.0,0.0,33.8,37.5,9.2,5.3,,,
face-landmarks-detection,face-landmarks-detection-retinaface,mobile0.25mod4lite-64-128,640x480,jetson-xav-agx,ncnn,GPU,F32,AP-medium,86.2,8.6,2.5,10.0,23.5,53.0,11.3,87.8,11.4,118715.9,8.0,5.3,9.7,3.0,2.0,2.0,100.0,0.0,0.0,34.0,37.5,9.2,5.3,,,
face-landmarks-detection,face-landmarks-detection-retinaface,mobile0.25mod4lite-64-128,640x480,jetson-xav-agx,onnxruntime,CPU,F32,AP-medium,86.2,8.6,2.5,10.0,22.1,1440.0,15.4,1477.5,0.7,7052.0,7.0,5.0,9.7,3.0,2.0,2.0,100.0,0.0,0.0,34.0,37.5,9.2,0.3,,,
incar-object-detection,incar-object-detection-nanodet,resnet50,320x320,jetson-xav-agx,lne,CPU,F32,/,/,17.4,24.4,97.4,4.3,614.4,0.8,619.5,1.6,16818.5,6.8,2.5,6.8,2.1,3.0,3.0,69.9,0.0,0.0,46.4,45.2,9.0,1.6,,,
incar-object-detection,incar-object-detection-nanodet,resnet50,320x320,jetson-xav-agx,onnxruntime,CPU,F32,/,/,17.4,24.4,97.4,4.4,1370.1,1.5,1376.0,0.7,7572.1,6.2,2.3,6.2,1.9,1.1,2.0,69.6,0.0,0.0,46.7,45.5,8.5,0.7,,,
incar-object-detection,incar-object-detection-nanodet,resnet50,320x320,jetson-xav-agx,lne,GPU/CPU,F32,/,/,17.4,24.4,97.4,12.0,501.2,2.5,515.6,1.9,20206.2,12.9,6.2,9.7,3.0,2.0,2.0,100.0,0.0,0.0,35.2,37.5,9.2,1.8,,,
incar-object-detection,incar-object-detection-nanodet,resnet50,320x320,jetson-xav-agx,tensorrt,NPU/GPU,S8,/,/,17.4,24.4,24.4,7.9,79.2,4.3,91.4,10.9,113946.4,16.3,7.1,9.7,3.0,2.0,2.0,99.9,0.0,0.0,35.5,37.5,9.2,10.3,,,
incar-object-detection,incar-object-detection-nanodet,resnet50,320x320,jetson-xav-agx,tensorrt,GPU,S8,/,/,17.4,24.4,24.4,7.9,12.7,5.5,26.2,38.2,398347.1,15.9,7.0,9.7,3.0,2.0,2.0,99.9,0.0,0.0,35.2,37.5,9.2,36.1,,,
incar-object-detection,incar-object-detection-nanodet,resnet50,320x320,jetson-xav-agx,tensorrt,NPU/GPU,F16,/,/,17.4,24.4,48.7,7.7,103.5,3.6,114.8,8.7,90768.2,16.6,7.2,9.7,3.0,2.0,2.0,100.0,0.0,4.0,35.3,37.5,9.2,8.2,,,
incar-object-detection,incar-object-detection-nanodet,resnet50,320x320,jetson-xav-agx,tensorrt,GPU,F16,/,/,17.4,24.4,48.7,8.4,13.3,5.0,26.7,37.5,390748.6,16.2,7.1,9.7,3.0,2.0,2.0,100.0,0.0,0.0,35.0,37.5,9.2,35.4,,,
incar-object-detection,incar-object-detection-nanodet,resnet50,320x320,jetson-xav-agx,tensorrt,GPU,F32,/,/,17.4,24.4,97.4,7.4,33.8,2.6,43.8,22.8,237773.5,16.5,7.2,9.7,3.0,2.0,2.0,100.0,0.0,0.0,35.5,37.5,9.2,21.6,,,
incar-object-detection,incar-object-detection-nanodet,resnet50,320x320,jetson-xav-agx,ncnn,GPU,F16,/,/,17.4,24.4,48.7,8.4,63.2,10.7,82.3,12.2,126595.0,11.8,5.7,9.7,3.0,2.0,2.0,100.0,0.0,0.0,35.5,37.5,9.2,11.5,,,
incar-object-detection,incar-object-detection-nanodet,resnet50,320x320,jetson-xav-agx,ncnn,GPU,F32,/,/,17.4,24.4,97.4,8.4,64.7,7.4,80.5,12.4,129356.4,11.9,5.7,9.7,3.0,2.0,2.0,100.0,0.0,0.0,35.2,37.5,9.2,11.7,,,
incar-object-detection,incar-object-detection-nanodet,resnet50,320x320,jetson-xav-agx,onnxruntime,CPU,F32,/,/,17.4,24.4,97.4,9.8,2080.6,4.5,2094.8,0.5,4973.6,9.6,5.0,9.7,3.0,2.0,2.0,100.0,0.0,0.0,35.0,37.5,9.2,0.5,,,
incar-object-detection,incar-object-detection-nanodet,resnet50,640x640,jetson-xav-agx,lne,CPU,F32,/,/,81.4,28.5,114.1,40.3,5862.6,8.2,5911.1,0.2,1762.6,7.0,1.6,7.0,2.2,2.3,3.0,100.0,0.0,0.0,39.6,38.3,9.8,0.7,,,
incar-object-detection,incar-object-detection-nanodet,resnet50,640x640,jetson-xav-agx,onnxruntime,CPU,F32,/,/,81.4,28.5,114.1,33.8,7216.0,8.1,7257.9,0.1,1435.5,6.1,1.4,6.1,1.9,2.0,2.0,100.0,0.0,0.0,41.1,39.7,9.7,0.6,,,
incar-object-detection,incar-object-detection-nanodet,resnet50,640x640,jetson-xav-agx,lne,GPU/CPU,F32,/,/,81.4,28.5,114.1,50.5,1364.8,4.4,1419.7,0.7,7338.7,14.0,6.5,9.7,3.0,2.0,2.0,99.8,0.0,0.0,35.0,37.5,9.2,3.1,,,
incar-object-detection,incar-object-detection-nanodet,resnet50,640x640,jetson-xav-agx,tensorrt,NPU/GPU,S8,/,/,81.4,28.5,28.5,31.7,356.6,10.6,398.9,2.5,26122.3,16.7,7.2,9.7,3.0,2.0,2.0,100.0,0.0,0.0,36.0,37.5,9.2,11.1,,,
incar-object-detection,incar-object-detection-nanodet,resnet50,640x640,jetson-xav-agx,tensorrt,GPU,S8,/,/,81.4,28.5,28.5,27.8,22.6,9.0,59.4,16.8,175467.5,16.2,7.0,9.7,3.0,2.0,2.0,100.0,0.0,0.0,36.0,37.5,9.2,74.7,,,
incar-object-detection,incar-object-detection-nanodet,resnet50,640x640,jetson-xav-agx,tensorrt,NPU/GPU,F16,/,/,81.4,28.5,57.1,33.5,458.1,10.2,501.7,2.0,20766.5,17.1,7.3,9.7,3.0,2.0,2.0,100.0,0.0,2.0,36.0,37.5,9.2,8.8,,,
incar-object-detection,incar-object-detection-nanodet,resnet50,640x640,jetson-xav-agx,tensorrt,GPU,F16,/,/,81.4,28.5,57.1,/,/,/,/,/,/,0.0,0.0,0.0,0.0,0.0,0.0,0.0,0.0,0.0,0.0,0.0,0.0,0.0,,,
incar-object-detection,incar-object-detection-nanodet,resnet50,640x640,jetson-xav-agx,tensorrt,GPU,F32,/,/,81.4,28.5,114.1,31.8,128.8,8.1,168.7,5.9,61754.9,17.4,7.4,9.7,3.0,2.0,2.0,100.0,0.0,0.0,36.5,37.5,9.2,26.3,,,
incar-object-detection,incar-object-detection-nanodet,resnet50,640x640,jetson-xav-agx,ncnn,GPU,F16,/,/,81.4,28.5,57.1,30.3,249.4,24.7,304.4,3.3,34227.3,14.5,6.5,9.7,3.0,2.0,2.0,100.0,0.0,0.0,36.2,37.5,9.2,14.6,,,
incar-object-detection,incar-object-detection-nanodet,resnet50,640x640,jetson-xav-agx,ncnn,GPU,F32,/,/,81.4,28.5,114.1,32.2,248.4,25.1,305.7,3.3,34081.4,14.7,6.6,9.7,3.0,2.0,2.0,100.0,0.0,0.0,36.2,37.5,9.2,14.5,,,
incar-object-detection,incar-object-detection-nanodet,resnet50,640x640,jetson-xav-agx,onnxruntime,CPU,F32,/,/,81.4,28.5,114.1,31.8,7824.8,8.6,7865.2,0.1,1324.7,10.0,5.1,9.7,3.0,2.0,2.0,100.0,0.0,0.0,35.5,37.5,9.2,0.6,,,
incar-object-detection,incar-object-detection-nanodet,resnet50,640x480,jetson-xav-agx,lne,CPU,F32,/,/,52.0,24.4,97.4,29.2,3459.2,5.1,3493.6,0.3,2982.3,7.0,1.6,7.0,2.2,2.4,3.0,100.0,0.0,0.0,41.5,40.1,9.8,0.8,,,
incar-object-detection,incar-object-detection-nanodet,resnet50,640x480,jetson-xav-agx,onnxruntime,CPU,F32,/,/,52.0,24.4,97.4,25.5,4690.5,6.0,4722.0,0.2,2206.5,5.9,1.3,5.9,1.9,2.0,2.0,100.0,0.0,0.0,41.5,40.2,9.7,0.6,,,
incar-object-detection,incar-object-detection-nanodet,resnet50,640x480,jetson-xav-agx,lne,GPU/CPU,F32,/,/,52.0,24.4,97.4,23.5,691.8,3.6,718.8,1.4,14494.1,14.6,6.7,9.7,3.0,2.0,2.0,100.0,0.0,0.0,36.0,37.5,9.2,3.9,,,
incar-object-detection,incar-object-detection-nanodet,resnet50,640x480,jetson-xav-agx,tensorrt,NPU/GPU,S8,/,/,52.0,24.4,24.4,23.3,207.4,7.2,237.8,4.2,43814.0,16.7,7.2,9.7,3.0,2.0,2.0,100.0,0.0,4.0,36.5,37.5,9.2,11.9,,,
incar-object-detection,incar-object-detection-nanodet,resnet50,640x480,jetson-xav-agx,tensorrt,GPU,S8,/,/,52.0,24.4,24.4,22.3,16.5,8.2,47.0,21.3,221615.0,16.2,7.0,9.7,3.0,2.0,2.0,100.0,0.0,0.0,36.5,37.5,9.2,60.3,,,
incar-object-detection,incar-object-detection-nanodet,resnet50,640x480,jetson-xav-agx,tensorrt,NPU/GPU,F16,/,/,52.0,24.4,48.7,24.2,279.8,5.8,309.7,3.2,33637.7,17.0,7.3,9.7,3.0,2.0,2.0,100.0,0.0,4.0,36.5,37.5,9.2,9.1,,,
incar-object-detection,incar-object-detection-nanodet,resnet50,640x480,jetson-xav-agx,tensorrt,GPU,F16,/,/,52.0,24.4,48.7,21.1,24.7,7.0,52.9,18.9,197114.0,16.5,7.1,9.7,3.0,2.0,2.0,100.0,0.0,0.0,36.5,37.5,9.2,53.6,,,
incar-object-detection,incar-object-detection-nanodet,resnet50,640x480,jetson-xav-agx,tensorrt,GPU,F32,/,/,52.0,24.4,97.4,22.9,80.9,6.9,110.6,9.0,94183.4,17.3,7.4,9.7,3.0,2.0,2.0,100.0,0.0,0.0,36.5,37.5,9.2,25.6,,,
incar-object-detection,incar-object-detection-nanodet,resnet50,640x480,jetson-xav-agx,ncnn,GPU,F16,/,/,52.0,24.4,48.7,20.9,145.4,11.3,177.6,5.6,58670.4,13.5,6.2,9.7,3.0,2.0,2.0,100.0,0.0,0.0,36.5,37.5,9.2,16.0,,,
incar-object-detection,incar-object-detection-nanodet,resnet50,640x480,jetson-xav-agx,ncnn,GPU,F32,/,/,52.0,24.4,97.4,23.1,143.7,10.7,177.5,5.6,58697.5,13.5,6.2,9.7,3.0,2.0,2.0,100.0,0.0,0.0,36.0,37.5,9.2,16.0,,,
incar-object-detection,incar-object-detection-nanodet,resnet50,640x480,jetson-xav-agx,onnxruntime,CPU,F32,/,/,52.0,24.4,97.4,24.8,5057.4,5.6,5087.8,0.2,2047.9,10.0,5.1,9.7,3.0,2.0,2.0,100.0,0.0,0.0,36.2,37.5,9.2,0.6,,,
face-recognition,face-recognition-insightsface-mobilefacenet,mxnet,112x112,jetson-xav-agx,lne,CPU,F32,/,/,0.4,1.0,4.0,1.5,42.8,0.0,44.3,22.6,235036.7,6.7,2.2,6.7,2.1,1.0,1.0,66.2,0.0,0.0,39.9,39.0,8.0,0.6,,,
face-recognition,face-recognition-insightsface-mobilefacenet,mxnet,112x112,jetson-xav-agx,onnxruntime,CPU,F32,/,/,0.4,1.0,4.0,/,/,/,/,/,/,0.0,0.0,0.0,0.0,0.0,0.0,0.0,0.0,0.0,0.0,0.0,0.0,0.0,,,
age-gender-estimation,age-gender-insightface,mobilenet_0_25x,112x112,jetson-xav-agx,lne,CPU,F32,/,/,0.1,0.3,1.1,1.4,5.8,0.0,7.3,136.8,1424853.6,6.6,2.2,6.6,2.1,1.0,1.0,62.5,0.0,0.0,40.0,39.0,7.6,0.7,,,
age-gender-estimation,age-gender-insightface,mobilenet_0_25x,112x112,jetson-xav-agx,onnxruntime,CPU,F32,/,/,0.1,0.3,1.1,/,/,/,/,/,/,0.0,0.0,0.0,0.0,0.0,0.0,0.0,0.0,0.0,0.0,0.0,0.0,0.0,,,
emotion-classification,emotion-classic-light-112x96,default_onnx,96x112,jetson-xav-agx,lne,CPU,F32,/,/,0.4,2.7,10.8,1.8,9.0,0.0,10.8,92.3,961655.6,7.8,2.2,7.7,2.4,1.9,2.0,64.7,0.0,0.0,39.7,39.0,7.6,2.2,,,
emotion-classification,emotion-classic-light-112x96,default_onnx,96x112,jetson-xav-agx,onnxruntime,CPU,F32,/,/,0.4,2.7,10.8,/,/,/,/,/,/,0.0,0.0,0.0,0.0,0.0,0.0,0.0,0.0,0.0,0.0,0.0,0.0,0.0,,,
emotion-classification,emotion-classic-light-112x96,moonshine_onnx,96x112,jetson-xav-agx,lne,CPU,F32,/,/,0.2,0.1,0.6,2.2,11.1,0.0,13.3,75.1,782411.0,7.7,2.2,7.7,2.4,1.9,2.0,67.2,0.0,0.0,39.8,39.0,7.7,1.1,,,
emotion-classification,emotion-classic-light-112x96,moonshine_onnx,96x112,jetson-xav-agx,onnxruntime,CPU,F32,/,/,0.2,0.1,0.6,2.2,39.0,0.1,41.3,24.2,252300.0,7.7,2.2,7.7,2.4,1.0,1.0,69.8,0.0,0.0,40.0,39.0,8.0,0.3,,,
emotion-classification,emotion-classic-light-112x96,moonshine_onnx,96x112,jetson-xav-agx,lne,GPU/CPU,F32,/,/,0.2,0.1,0.6,3.8,19.1,0.0,22.9,43.7,455047.1,13.5,6.3,9.7,3.0,2.0,2.0,100.0,0.0,0.0,37.2,37.5,9.2,0.5,,,
emotion-classification,emotion-classic-light-112x96,moonshine_onnx,96x112,jetson-xav-agx,tensorrt,NPU/GPU,S8,/,/,0.2,0.1,0.1,3.8,13.1,1.0,18.0,55.7,580239.4,15.8,6.9,9.7,3.0,2.0,2.0,100.0,0.0,0.0,37.2,37.5,9.2,0.7,,,
emotion-classification,emotion-classic-light-112x96,moonshine_onnx,96x112,jetson-xav-agx,tensorrt,GPU,S8,/,/,0.2,0.1,0.1,3.6,6.6,0.8,11.0,90.9,947331.7,15.9,6.9,9.7,3.0,2.0,2.0,100.0,0.0,0.0,37.0,37.5,9.2,1.1,,,
emotion-classification,emotion-classic-light-112x96,moonshine_onnx,96x112,jetson-xav-agx,tensorrt,NPU/GPU,F16,/,/,0.2,0.1,0.3,4.0,15.6,0.5,20.1,49.7,517999.2,14.0,6.4,9.7,3.0,2.0,2.0,100.0,0.0,2.0,37.5,37.5,9.2,0.6,,,
emotion-classification,emotion-classic-light-112x96,moonshine_onnx,96x112,jetson-xav-agx,tensorrt,GPU,F16,/,/,0.2,0.1,0.3,3.7,6.1,0.6,10.4,96.0,1000192.0,15.8,6.9,9.7,3.0,2.0,2.0,100.0,0.0,0.0,37.5,37.5,9.2,1.2,,,
emotion-classification,emotion-classic-light-112x96,moonshine_onnx,96x112,jetson-xav-agx,tensorrt,GPU,F32,/,/,0.2,0.1,0.6,4.0,7.1,0.7,11.8,84.6,881010.0,15.8,6.9,9.7,3.0,2.0,2.0,100.0,0.0,0.0,37.0,37.5,9.2,1.0,,,
emotion-classification,emotion-classic-light-112x96,moonshine_onnx,96x112,jetson-xav-agx,ncnn,GPU,F16,/,/,0.2,0.1,0.3,3.6,7.2,0.5,11.3,88.4,921381.5,10.1,5.1,9.7,3.0,2.0,2.0,99.9,0.0,0.0,37.0,37.5,9.2,1.1,,,
emotion-classification,emotion-classic-light-112x96,moonshine_onnx,96x112,jetson-xav-agx,ncnn,GPU,F32,/,/,0.2,0.1,0.6,3.3,7.9,0.8,12.0,83.4,869182.2,10.2,5.2,9.7,3.0,2.0,2.0,100.0,0.0,0.0,37.2,37.5,9.2,1.0,,,
emotion-classification,emotion-classic-light-112x96,moonshine_onnx,96x112,jetson-xav-agx,onnxruntime,CPU,F32,/,/,0.2,0.1,0.6,4.5,66.2,0.4,71.1,14.1,146438.4,9.7,5.0,9.7,3.0,2.0,2.0,100.0,0.0,0.0,37.2,37.5,9.2,0.2,,,
emotion-classification,emotion-classic-light-112x96,student_g1,96x112,jetson-xav-agx,lne,CPU,F32,/,/,0.6,0.4,1.6,1.8,13.6,0.0,15.5,64.7,674289.1,7.4,2.2,7.4,2.3,1.9,2.0,66.3,0.0,0.0,39.8,39.0,7.7,2.6,,,
emotion-classification,emotion-classic-light-112x96,student_g1,96x112,jetson-xav-agx,onnxruntime,CPU,F32,/,/,0.6,0.4,1.6,1.8,69.5,0.1,71.4,14.0,146015.7,7.4,2.2,7.4,2.3,1.0,1.0,68.6,0.0,0.0,40.0,39.0,8.1,0.5,,,
emotion-classification,emotion-classic-light-112x96,student_g1,96x112,jetson-xav-agx,lne,GPU/CPU,F32,/,/,0.6,0.4,1.6,3.0,34.3,0.3,37.6,26.6,277216.8,13.0,6.1,9.7,3.0,2.0,2.0,100.0,0.0,0.0,40.5,37.5,9.2,0.9,,,
emotion-classification,emotion-classic-light-112x96,student_g1,96x112,jetson-xav-agx,tensorrt,NPU/GPU,S8,/,/,0.6,0.4,0.4,4.3,13.8,1.1,19.3,51.9,540602.5,15.8,6.9,9.7,3.0,2.0,2.0,100.0,0.0,0.0,40.5,37.5,9.2,1.7,,,
emotion-classification,emotion-classic-light-112x96,student_g1,96x112,jetson-xav-agx,tensorrt,GPU,S8,/,/,0.6,0.4,0.4,4.1,11.1,2.1,17.3,57.8,602497.8,15.8,6.9,9.7,3.0,2.0,2.0,100.0,0.0,0.0,40.5,37.5,9.2,1.9,,,
emotion-classification,emotion-classic-light-112x96,student_g1,96x112,jetson-xav-agx,tensorrt,NPU/GPU,F16,/,/,0.6,0.4,0.8,3.4,15.0,0.8,19.1,52.4,545555.1,14.0,6.4,9.7,3.0,2.0,2.0,100.0,0.0,1.0,40.5,37.5,9.2,1.7,,,
emotion-classification,emotion-classic-light-112x96,student_g1,96x112,jetson-xav-agx,tensorrt,GPU,F16,/,/,0.6,0.4,0.8,3.7,13.3,0.8,17.8,56.1,584495.1,15.8,6.9,9.7,3.0,2.0,2.0,100.0,0.0,0.0,40.5,37.5,9.2,1.9,,,
emotion-classification,emotion-classic-light-112x96,student_g1,96x112,jetson-xav-agx,tensorrt,GPU,F32,/,/,0.6,0.4,1.6,3.3,11.9,0.8,16.0,62.5,650690.9,15.9,6.9,9.7,3.0,2.0,2.0,100.0,0.0,0.0,40.5,37.5,9.2,2.1,,,
emotion-classification,emotion-classic-light-112x96,student_g1,96x112,jetson-xav-agx,ncnn,GPU,F16,/,/,0.6,0.4,0.8,3.9,7.9,0.5,12.4,80.9,842725.3,10.1,5.1,9.7,3.0,2.0,2.0,100.0,0.0,0.0,40.5,37.5,9.2,2.7,,,
emotion-classification,emotion-classic-light-112x96,student_g1,96x112,jetson-xav-agx,ncnn,GPU,F32,/,/,0.6,0.4,1.6,3.5,7.7,0.6,11.8,84.6,881252.9,10.2,5.2,9.7,3.0,2.0,2.0,99.8,0.0,0.0,40.2,37.5,9.2,2.8,,,
emotion-classification,emotion-classic-light-112x96,student_g1,96x112,jetson-xav-agx,onnxruntime,CPU,F32,/,/,0.6,0.4,1.6,3.5,110.0,0.2,113.7,8.8,91605.7,9.8,5.0,9.7,3.0,2.0,2.0,100.0,0.0,0.0,40.5,37.5,9.2,0.3,,,
emotion-classification,emotion-classic-light-112x96,student_g16,96x112,jetson-xav-agx,lne,CPU,F32,/,/,0.1,0.1,0.3,2.6,13.7,0.0,16.3,61.3,639191.1,7.6,2.2,7.6,2.4,1.9,2.0,66.0,0.0,0.0,39.5,38.8,7.7,0.5,,,
emotion-classification,emotion-classic-light-112x96,student_g16,96x112,jetson-xav-agx,onnxruntime,CPU,F32,/,/,0.1,0.1,0.3,2.3,30.4,0.1,32.7,30.6,318793.8,7.7,2.2,7.6,2.4,1.0,1.0,68.8,0.0,0.0,39.6,38.8,8.0,0.2,,,
emotion-classification,emotion-classic-light-112x96,student_g16,96x112,jetson-xav-agx,lne,GPU/CPU,F32,/,/,0.1,0.1,0.3,3.6,19.4,0.1,23.1,43.4,451700.5,13.3,6.3,9.7,3.0,2.0,2.0,100.0,0.0,0.0,38.5,37.5,9.2,0.3,,,
emotion-classification,emotion-classic-light-112x96,student_g16,96x112,jetson-xav-agx,tensorrt,NPU/GPU,S8,/,/,0.1,0.1,0.1,4.6,11.9,0.5,17.0,58.7,611420.0,15.6,6.9,9.7,3.0,2.0,2.0,100.0,0.0,0.0,38.2,37.5,9.2,0.4,,,
emotion-classification,emotion-classic-light-112x96,student_g16,96x112,jetson-xav-agx,tensorrt,GPU,S8,/,/,0.1,0.1,0.1,2.9,8.5,0.6,11.9,83.8,873308.6,15.6,6.9,9.7,3.0,2.0,2.0,100.0,0.0,0.0,38.0,37.5,9.2,0.6,,,
emotion-classification,emotion-classic-light-112x96,student_g16,96x112,jetson-xav-agx,tensorrt,NPU/GPU,F16,/,/,0.1,0.1,0.2,4.1,13.6,0.6,18.3,54.6,568843.8,13.8,6.3,9.7,3.0,2.0,2.0,100.0,0.0,0.0,38.2,37.5,9.2,0.4,,,
emotion-classification,emotion-classic-light-112x96,student_g16,96x112,jetson-xav-agx,tensorrt,GPU,F16,/,/,0.1,0.1,0.2,3.2,5.8,0.5,9.5,105.7,1101671.2,15.6,6.9,9.7,3.0,2.0,2.0,100.0,0.0,0.0,38.5,37.5,9.2,0.7,,,
emotion-classification,emotion-classic-light-112x96,student_g16,96x112,jetson-xav-agx,tensorrt,GPU,F32,/,/,0.1,0.1,0.3,4.7,9.0,0.8,14.5,68.7,716286.8,15.6,6.9,9.7,3.0,2.0,2.0,100.0,0.0,0.0,38.2,37.5,9.2,0.5,,,
emotion-classification,emotion-classic-light-112x96,student_g16,96x112,jetson-xav-agx,ncnn,GPU,F16,/,/,0.1,0.1,0.2,3.2,8.3,0.6,12.1,82.7,861879.3,10.0,5.1,9.7,3.0,2.0,2.0,100.0,0.0,0.0,38.2,37.5,9.2,0.6,,,
emotion-classification,emotion-classic-light-112x96,student_g16,96x112,jetson-xav-agx,ncnn,GPU,F32,/,/,0.1,0.1,0.3,3.1,5.7,0.5,9.3,107.2,1116716.7,9.9,5.1,9.7,3.0,2.0,2.0,99.9,0.0,0.0,38.5,37.5,9.2,0.7,,,
emotion-classification,emotion-classic-light-112x96,student_g16,96x112,jetson-xav-agx,onnxruntime,CPU,F32,/,/,0.1,0.1,0.3,3.9,52.8,0.2,56.9,17.6,183247.9,9.6,5.0,9.7,3.0,2.0,2.0,100.0,0.0,0.0,38.2,37.5,9.2,0.1,,,
emotion-classification,emotion-classic-light-112x96,student_g2,96x112,jetson-xav-agx,lne,CPU,F32,/,/,0.4,0.2,0.9,2.1,11.3,0.0,13.4,74.5,776605.4,7.6,2.2,7.5,2.4,1.9,2.0,65.9,0.0,0.0,39.5,38.7,7.6,1.7,,,
emotion-classification,emotion-classic-light-112x96,student_g2,96x112,jetson-xav-agx,onnxruntime,CPU,F32,/,/,0.4,0.2,0.9,1.6,48.1,0.1,49.8,20.1,209138.2,7.5,2.2,7.5,2.3,1.0,1.0,68.3,0.0,0.0,39.9,38.9,8.0,0.4,,,
emotion-classification,emotion-classic-light-112x96,student_g2,96x112,jetson-xav-agx,lne,GPU/CPU,F32,/,/,0.4,0.2,0.9,3.3,29.4,0.1,32.8,30.5,317429.0,12.8,6.0,9.7,3.0,2.0,2.0,100.0,0.0,0.0,40.5,37.5,9.2,0.6,,,
emotion-classification,emotion-classic-light-112x96,student_g2,96x112,jetson-xav-agx,tensorrt,NPU/GPU,S8,/,/,0.4,0.2,0.2,3.6,11.2,0.9,15.6,64.0,666866.8,15.8,6.9,9.7,3.0,2.0,2.0,100.0,0.0,0.0,39.5,37.5,9.2,1.2,,,
emotion-classification,emotion-classic-light-112x96,student_g2,96x112,jetson-xav-agx,tensorrt,GPU,S8,/,/,0.4,0.2,0.2,4.1,8.7,1.1,13.9,71.8,747668.0,15.8,6.9,9.7,3.0,2.0,2.0,99.9,0.0,0.0,40.0,37.5,9.2,1.4,,,
emotion-classification,emotion-classic-light-112x96,student_g2,96x112,jetson-xav-agx,tensorrt,NPU/GPU,F16,/,/,0.4,0.2,0.5,4.0,14.7,0.6,19.4,51.5,536688.9,14.0,6.3,9.7,3.0,2.0,2.0,100.0,0.0,1.0,40.0,37.5,9.2,1.0,,,
emotion-classification,emotion-classic-light-112x96,student_g2,96x112,jetson-xav-agx,tensorrt,GPU,F16,/,/,0.4,0.2,0.5,4.4,8.3,0.7,13.4,74.6,777184.7,15.8,6.9,9.7,3.0,2.0,2.0,99.8,0.0,0.0,40.0,37.5,9.2,1.4,,,
emotion-classification,emotion-classic-light-112x96,student_g2,96x112,jetson-xav-agx,tensorrt,GPU,F32,/,/,0.4,0.2,0.9,4.5,9.6,0.5,14.6,68.5,713556.8,15.8,6.9,9.7,3.0,2.0,2.0,100.0,0.0,0.0,40.0,37.5,9.2,1.3,,,
emotion-classification,emotion-classic-light-112x96,student_g2,96x112,jetson-xav-agx,ncnn,GPU,F16,/,/,0.4,0.2,0.5,3.6,8.6,0.6,12.9,77.7,809205.0,10.2,5.1,9.7,3.0,2.0,2.0,100.0,0.0,0.0,40.0,37.5,9.2,1.5,,,
emotion-classification,emotion-classic-light-112x96,student_g2,96x112,jetson-xav-agx,ncnn,GPU,F32,/,/,0.4,0.2,0.9,4.6,6.5,0.4,11.5,86.8,904095.9,10.2,5.1,9.7,3.0,2.0,2.0,100.0,0.0,0.0,40.0,37.5,9.2,1.7,,,
emotion-classification,emotion-classic-light-112x96,student_g2,96x112,jetson-xav-agx,onnxruntime,CPU,F32,/,/,0.4,0.2,0.9,3.3,82.7,0.1,86.2,11.6,120862.1,9.7,5.0,9.7,3.0,2.0,2.0,100.0,0.0,0.0,40.2,37.5,9.2,0.2,,,
emotion-classification,emotion-classic-light-112x96,student_g32,96x112,jetson-xav-agx,lne,CPU,F32,/,/,0.1,0.1,0.3,2.6,15.1,0.0,17.8,56.2,586000.4,7.6,2.2,7.6,2.4,1.9,2.0,65.8,0.0,0.0,39.7,38.8,7.8,0.4,,,
emotion-classification,emotion-classic-light-112x96,student_g32,96x112,jetson-xav-agx,onnxruntime,CPU,F32,/,/,0.1,0.1,0.3,2.5,27.2,0.1,29.7,33.6,350389.5,7.6,2.2,7.5,2.4,1.0,1.0,69.3,0.0,0.0,39.9,39.0,7.9,0.2,,,
emotion-classification,emotion-classic-light-112x96,student_g32,96x112,jetson-xav-agx,lne,GPU/CPU,F32,/,/,0.1,0.1,0.3,4.4,32.8,0.2,37.3,26.8,279079.6,13.4,6.3,9.7,3.0,2.0,2.0,100.0,0.0,0.0,38.0,37.5,9.2,0.2,,,
emotion-classification,emotion-classic-light-112x96,student_g32,96x112,jetson-xav-agx,tensorrt,NPU/GPU,S8,/,/,0.1,0.1,0.1,4.3,12.5,0.7,17.6,57.0,593599.8,15.7,6.9,9.7,3.0,2.0,2.0,100.0,0.0,1.0,38.0,37.5,9.2,0.3,,,
emotion-classification,emotion-classic-light-112x96,student_g32,96x112,jetson-xav-agx,tensorrt,GPU,S8,/,/,0.1,0.1,0.1,4.1,8.5,0.9,13.5,74.0,771510.3,15.7,6.9,9.7,3.0,2.0,2.0,99.9,0.0,0.0,37.5,37.5,9.2,0.4,,,
emotion-classification,emotion-classic-light-112x96,student_g32,96x112,jetson-xav-agx,tensorrt,NPU/GPU,F16,/,/,0.1,0.1,0.1,3.4,15.3,0.6,19.3,51.8,539472.2,13.8,6.3,9.7,3.0,2.0,2.0,100.0,0.0,0.0,38.0,37.5,9.2,0.3,,,
emotion-classification,emotion-classic-light-112x96,student_g32,96x112,jetson-xav-agx,tensorrt,GPU,F16,/,/,0.1,0.1,0.1,4.8,7.4,0.9,13.1,76.4,795995.5,15.7,6.9,9.7,3.0,2.0,2.0,100.0,0.0,0.0,37.5,37.5,9.2,0.4,,,
emotion-classification,emotion-classic-light-112x96,student_g32,96x112,jetson-xav-agx,tensorrt,GPU,F32,/,/,0.1,0.1,0.3,4.1,10.9,0.7,15.8,63.4,660196.3,15.6,6.9,9.7,3.0,2.0,2.0,100.0,0.0,0.0,37.8,37.5,9.2,0.4,,,
emotion-classification,emotion-classic-light-112x96,student_g32,96x112,jetson-xav-agx,ncnn,GPU,F16,/,/,0.1,0.1,0.1,3.5,7.8,0.7,12.0,83.4,868748.8,10.0,5.1,9.7,3.0,2.0,2.0,100.0,0.0,0.0,38.0,37.5,9.2,0.5,,,
emotion-classification,emotion-classic-light-112x96,student_g32,96x112,jetson-xav-agx,ncnn,GPU,F32,/,/,0.1,0.1,0.3,3.9,9.6,0.4,13.9,72.1,751571.6,10.1,5.2,9.7,3.0,2.0,2.0,100.0,0.0,0.0,38.0,37.5,9.2,0.4,,,
emotion-classification,emotion-classic-light-112x96,student_g32,96x112,jetson-xav-agx,onnxruntime,CPU,F32,/,/,0.1,0.1,0.3,5.7,51.1,0.1,56.9,17.6,183168.7,9.6,5.0,9.7,3.0,2.0,2.0,100.0,0.0,0.0,38.0,37.5,9.2,0.1,,,
emotion-classification,emotion-classic-light-112x96,student_g4,96x112,jetson-xav-agx,lne,CPU,F32,/,/,0.2,0.1,0.6,2.2,11.4,0.0,13.6,73.5,765403.4,6.6,2.2,6.5,2.1,1.9,2.0,66.5,0.0,0.0,40.0,39.0,7.9,1.0,,,
emotion-classification,emotion-classic-light-112x96,student_g4,96x112,jetson-xav-agx,onnxruntime,CPU,F32,/,/,0.2,0.1,0.6,2.2,40.1,0.1,42.4,23.6,245891.8,6.6,2.2,6.6,2.1,1.0,1.0,69.0,0.0,0.0,40.2,39.2,8.0,0.3,,,
emotion-classification,emotion-classic-light-112x96,student_g4,96x112,jetson-xav-agx,lne,GPU/CPU,F32,/,/,0.2,0.1,0.6,3.8,20.3,0.0,24.2,41.3,429882.4,13.2,6.2,9.7,3.0,2.0,2.0,100.0,0.0,0.0,41.5,37.5,9.2,0.5,,,
emotion-classification,emotion-classic-light-112x96,student_g4,96x112,jetson-xav-agx,tensorrt,NPU/GPU,S8,/,/,0.2,0.1,0.1,5.2,11.5,0.7,17.5,57.2,595495.6,15.8,6.9,9.7,3.0,2.0,2.0,100.0,0.0,0.0,35.0,37.5,9.2,0.7,,,
emotion-classification,emotion-classic-light-112x96,student_g4,96x112,jetson-xav-agx,tensorrt,GPU,S8,/,/,0.2,0.1,0.1,3.9,6.8,0.7,11.4,87.7,913272.8,15.9,6.9,9.7,3.0,2.0,2.0,100.0,0.0,0.0,35.5,37.5,9.2,1.1,,,
emotion-classification,emotion-classic-light-112x96,student_g4,96x112,jetson-xav-agx,tensorrt,NPU/GPU,F16,/,/,0.2,0.1,0.3,3.9,15.0,0.4,19.3,51.9,540490.1,14.0,6.3,9.7,3.0,2.0,2.0,100.0,0.0,0.0,35.8,37.5,9.2,0.6,,,
emotion-classification,emotion-classic-light-112x96,student_g4,96x112,jetson-xav-agx,tensorrt,GPU,F16,/,/,0.2,0.1,0.3,3.7,9.8,0.7,14.1,70.7,736846.9,15.8,6.9,9.7,3.0,2.0,2.0,99.9,0.0,0.0,36.0,37.5,9.2,0.9,,,
emotion-classification,emotion-classic-light-112x96,student_g4,96x112,jetson-xav-agx,tensorrt,GPU,F32,/,/,0.2,0.1,0.6,3.3,6.6,1.0,10.9,91.5,953061.3,15.8,6.9,9.7,3.0,2.0,2.0,100.0,0.0,0.0,37.0,37.5,9.2,1.1,,,
emotion-classification,emotion-classic-light-112x96,student_g4,96x112,jetson-xav-agx,ncnn,GPU,F16,/,/,0.2,0.1,0.3,3.4,8.0,0.4,11.8,84.9,884100.4,10.2,5.1,9.7,3.0,2.0,2.0,99.9,0.0,0.0,37.5,37.5,9.2,1.0,,,
emotion-classification,emotion-classic-light-112x96,student_g4,96x112,jetson-xav-agx,ncnn,GPU,F32,/,/,0.2,0.1,0.6,4.1,6.6,0.6,11.2,88.9,926266.7,10.2,5.1,9.7,3.0,2.0,2.0,100.0,0.0,0.0,39.0,37.5,9.2,1.1,,,
emotion-classification,emotion-classic-light-112x96,student_g4,96x112,jetson-xav-agx,onnxruntime,CPU,F32,/,/,0.2,0.1,0.6,3.5,70.3,0.3,74.1,13.5,140533.8,9.7,5.0,9.7,3.0,2.0,2.0,100.0,0.0,0.0,40.0,37.5,9.2,0.2,,,
emotion-classification,emotion-classic-light-112x96,student_g8,96x112,jetson-xav-agx,lne,CPU,F32,/,/,0.2,0.1,0.4,2.6,10.9,0.0,13.6,73.7,767780.2,7.6,2.2,7.6,2.4,1.9,2.0,66.5,0.0,0.0,39.3,38.6,7.7,0.7,,,
emotion-classification,emotion-classic-light-112x96,student_g8,96x112,jetson-xav-agx,onnxruntime,CPU,F32,/,/,0.2,0.1,0.4,2.2,34.0,0.1,36.3,27.6,287189.2,7.6,2.2,7.5,2.4,1.0,1.0,70.4,0.0,0.0,39.5,38.8,8.0,0.3,,,
emotion-classification,emotion-classic-light-112x96,student_g8,96x112,jetson-xav-agx,lne,GPU/CPU,F32,/,/,0.2,0.1,0.4,2.4,27.2,0.1,29.7,33.7,351077.9,13.2,6.2,9.7,3.0,2.0,2.0,100.0,0.0,0.0,39.0,37.5,9.2,0.3,,,
emotion-classification,emotion-classic-light-112x96,student_g8,96x112,jetson-xav-agx,tensorrt,NPU/GPU,S8,/,/,0.2,0.1,0.1,3.3,11.9,0.5,15.6,63.9,665851.2,15.9,6.9,9.7,3.0,2.0,2.0,100.0,0.0,0.0,38.8,37.5,9.2,0.5,,,
emotion-classification,emotion-classic-light-112x96,student_g8,96x112,jetson-xav-agx,tensorrt,GPU,S8,/,/,0.2,0.1,0.1,4.5,6.7,0.8,12.0,83.2,867368.2,15.9,6.9,9.7,3.0,2.0,2.0,99.9,0.0,0.0,39.0,37.5,9.2,0.7,,,
emotion-classification,emotion-classic-light-112x96,student_g8,96x112,jetson-xav-agx,tensorrt,NPU/GPU,F16,/,/,0.2,0.1,0.2,3.9,13.8,0.6,18.3,54.6,568405.9,14.1,6.3,9.7,3.0,2.0,2.0,100.0,0.0,0.0,38.8,37.5,9.2,0.5,,,
emotion-classification,emotion-classic-light-112x96,student_g8,96x112,jetson-xav-agx,tensorrt,GPU,F16,/,/,0.2,0.1,0.2,4.3,6.9,1.1,12.3,81.3,847230.2,15.9,6.9,9.7,3.0,2.0,2.0,99.9,0.0,0.0,39.0,37.5,9.2,0.7,,,
emotion-classification,emotion-classic-light-112x96,student_g8,96x112,jetson-xav-agx,tensorrt,GPU,F32,/,/,0.2,0.1,0.4,4.1,8.5,1.5,14.1,71.2,741421.8,15.9,6.9,9.7,3.0,2.0,2.0,99.9,0.0,0.0,39.0,37.5,9.2,0.6,,,
emotion-classification,emotion-classic-light-112x96,student_g8,96x112,jetson-xav-agx,ncnn,GPU,F16,/,/,0.2,0.1,0.2,3.0,8.0,0.4,11.4,87.5,911202.6,10.2,5.1,9.7,3.0,2.0,2.0,100.0,0.0,0.0,39.0,37.5,9.2,0.7,,,
emotion-classification,emotion-classic-light-112x96,student_g8,96x112,jetson-xav-agx,ncnn,GPU,F32,/,/,0.2,0.1,0.4,2.9,7.3,0.7,10.9,91.8,956908.4,10.3,5.2,9.7,3.0,2.0,2.0,100.0,0.0,0.0,39.0,37.5,9.2,0.8,,,
emotion-classification,emotion-classic-light-112x96,student_g8,96x112,jetson-xav-agx,onnxruntime,CPU,F32,/,/,0.2,0.1,0.4,5.4,62.8,0.6,68.7,14.6,151607.9,9.8,5.0,9.7,3.0,2.0,2.0,100.0,0.0,0.0,39.0,37.5,9.2,0.1,,,
emotion-classification,emotion-classic-light-112x96,teacher_onnx,96x112,jetson-xav-agx,lne,CPU,F32,/,/,0.5,8.5,33.8,1.8,12.8,0.0,14.6,68.6,714407.7,7.6,2.2,7.5,2.4,2.6,3.0,67.3,0.0,0.0,40.1,39.2,8.0,2.2,,,
emotion-classification,emotion-classic-light-112x96,teacher_onnx,96x112,jetson-xav-agx,onnxruntime,CPU,F32,/,/,0.5,8.5,33.8,1.8,68.3,0.1,70.1,14.3,148585.8,7.5,2.2,7.5,2.3,1.0,1.0,68.2,0.0,0.0,40.2,39.4,8.2,0.5,,,
emotion-classification,emotion-classic-light-112x96,teacher_onnx,96x112,jetson-xav-agx,lne,GPU/CPU,F32,/,/,0.5,8.5,33.8,3.2,25.8,0.2,29.1,34.3,357763.9,13.5,6.4,9.7,3.0,2.0,2.0,100.0,0.0,0.0,39.0,37.5,9.2,1.0,,,
emotion-classification,emotion-classic-light-112x96,teacher_onnx,96x112,jetson-xav-agx,tensorrt,NPU/GPU,S8,/,/,0.5,8.5,8.5,3.4,14.3,0.9,18.6,53.8,560598.3,16.1,7.0,9.7,3.0,2.0,2.0,100.0,0.0,0.0,39.2,37.5,9.2,1.5,,,
emotion-classification,emotion-classic-light-112x96,teacher_onnx,96x112,jetson-xav-agx,tensorrt,GPU,S8,/,/,0.5,8.5,8.5,3.2,11.5,0.8,15.5,64.3,670257.2,16.1,7.0,9.7,3.0,2.0,2.0,100.0,0.0,0.0,39.2,37.5,9.2,1.8,,,
emotion-classification,emotion-classic-light-112x96,teacher_onnx,96x112,jetson-xav-agx,tensorrt,NPU/GPU,F16,/,/,0.5,8.5,16.9,2.9,18.5,0.5,21.9,45.7,475969.9,16.0,7.0,9.7,3.0,2.0,2.0,100.0,0.0,0.0,39.0,37.5,9.2,1.3,,,
emotion-classification,emotion-classic-light-112x96,teacher_onnx,96x112,jetson-xav-agx,tensorrt,GPU,F16,/,/,0.5,8.5,16.9,3.1,7.9,1.0,12.1,82.9,864048.6,16.0,7.0,9.7,3.0,2.0,2.0,99.9,0.0,0.0,39.0,37.5,9.2,2.3,,,
emotion-classification,emotion-classic-light-112x96,teacher_onnx,96x112,jetson-xav-agx,tensorrt,GPU,F32,/,/,0.5,8.5,33.8,3.2,11.0,0.8,14.9,66.9,697212.7,16.2,7.0,9.7,3.0,2.0,2.0,99.8,0.0,0.0,39.0,37.5,9.2,1.9,,,
emotion-classification,emotion-classic-light-112x96,teacher_onnx,96x112,jetson-xav-agx,ncnn,GPU,F16,/,/,0.5,8.5,16.9,3.2,8.3,0.7,12.1,82.7,861770.9,10.4,5.3,9.7,3.0,2.0,2.0,100.0,0.0,0.0,39.0,37.5,9.2,2.3,,,
emotion-classification,emotion-classic-light-112x96,teacher_onnx,96x112,jetson-xav-agx,ncnn,GPU,F32,/,/,0.5,8.5,33.8,3.6,9.4,0.4,13.5,74.2,773116.7,10.3,5.2,9.7,3.0,2.0,2.0,100.0,0.0,0.0,39.0,37.5,9.2,2.1,,,
emotion-classification,emotion-classic-light-112x96,teacher_onnx,96x112,jetson-xav-agx,onnxruntime,CPU,F32,/,/,0.5,8.5,33.8,3.0,103.4,0.1,106.4,9.4,97888.9,9.7,5.0,9.7,3.0,2.0,2.0,100.0,0.0,0.0,39.0,37.5,9.2,0.3,,,
eyegaze,eyegaze-rankgaze,mobilefacenet-mpiigaze,224x224,jetson-xav-agx,lne,CPU,F32,Avg MAE,5.66,1.9,4.2,16.6,2.4,157.0,0.0,159.4,6.3,65361.5,6.5,2.2,6.4,2.0,2.0,2.0,68.6,0.0,0.0,42.1,40.9,8.4,0.7,,,
eyegaze,eyegaze-rankgaze,mobilefacenet-mpiigaze,224x224,jetson-xav-agx,onnxruntime,CPU,F32,Avg MAE,5.66,1.9,4.2,16.6,2.3,264.8,0.1,267.1,3.7,39003.7,6.3,2.2,6.3,2.0,1.3,2.0,69.0,0.0,0.0,42.4,41.2,8.3,0.4,,,
eyegaze,eyegaze-rankgaze,mobilefacenet-mpiigaze,224x224,jetson-xav-agx,lne,GPU/CPU,F32,Avg MAE,5.66,1.9,4.2,16.6,5.5,52.9,0.1,58.4,17.1,178460.2,13.1,6.2,9.7,3.0,2.0,2.0,100.0,0.0,0.0,34.5,37.5,9.2,1.8,,,
eyegaze,eyegaze-rankgaze,mobilefacenet-mpiigaze,224x224,jetson-xav-agx,tensorrt,NPU/GPU,S8,Avg MAE,5.66,1.9,4.2,4.2,3.1,35.3,0.9,39.3,25.4,265138.9,16.1,7.0,9.7,3.0,2.0,2.0,100.0,0.0,3.0,34.5,37.5,9.2,2.6,,,
eyegaze,eyegaze-rankgaze,mobilefacenet-mpiigaze,224x224,jetson-xav-agx,tensorrt,GPU,S8,Avg MAE,5.66,1.9,4.2,4.2,4.7,9.5,2.1,16.4,61.1,636762.4,15.9,6.9,9.7,3.0,2.0,2.0,99.9,0.0,0.0,34.5,37.5,9.2,6.3,,,
eyegaze,eyegaze-rankgaze,mobilefacenet-mpiigaze,224x224,jetson-xav-agx,tensorrt,NPU/GPU,F16,Avg MAE,5.66,1.9,4.2,8.3,3.4,51.6,0.8,55.8,17.9,186776.2,16.1,7.0,9.7,3.0,2.0,2.0,100.0,0.0,0.0,34.5,37.5,9.2,1.8,,,
eyegaze,eyegaze-rankgaze,mobilefacenet-mpiigaze,224x224,jetson-xav-agx,tensorrt,GPU,F16,Avg MAE,5.66,1.9,4.2,8.3,4.0,10.9,2.0,16.9,59.1,615724.1,16.0,7.0,9.7,3.0,2.0,2.0,100.0,0.0,0.0,34.5,37.5,9.2,6.1,,,
eyegaze,eyegaze-rankgaze,mobilefacenet-mpiigaze,224x224,jetson-xav-agx,tensorrt,GPU,F32,Avg MAE,5.66,1.9,4.2,16.6,4.6,11.6,1.9,18.2,55.0,572766.5,15.9,6.9,9.7,3.0,2.0,2.0,100.0,0.0,0.0,34.5,37.5,9.2,5.7,,,
eyegaze,eyegaze-rankgaze,mobilefacenet-mpiigaze,224x224,jetson-xav-agx,ncnn,GPU,F16,Avg MAE,5.66,1.9,4.2,8.3,4.7,12.5,0.6,17.8,56.3,586275.4,10.4,5.2,9.7,3.0,2.0,2.0,100.0,0.0,0.0,34.5,37.5,9.2,5.8,,,
eyegaze,eyegaze-rankgaze,mobilefacenet-mpiigaze,224x224,jetson-xav-agx,ncnn,GPU,F32,Avg MAE,5.66,1.9,4.2,16.6,3.8,12.7,0.6,17.0,58.7,611199.4,10.4,5.2,9.7,3.0,2.0,2.0,100.0,0.0,0.0,34.2,37.5,9.2,6.0,,,
eyegaze,eyegaze-rankgaze,mobilefacenet-mpiigaze,224x224,jetson-xav-agx,onnxruntime,CPU,F32,Avg MAE,5.66,1.9,4.2,16.6,4.1,443.2,0.2,447.5,2.2,23282.8,9.8,5.0,9.7,3.0,2.0,2.0,100.0,0.0,0.0,34.2,37.5,9.2,0.2,,,
eyegaze,eyegaze-rankgaze,mobilefacenet-mpiigaze-righteye-t50,32x32,jetson-xav-agx,lne,CPU,F32,Avg MAE,5.9,0.0,4.1,16.2,0.3,5.5,0.0,5.8,171.1,1782424.2,6.5,2.2,6.4,2.0,1.1,2.0,64.0,0.0,0.0,40.9,40.0,7.6,0.5,,,
eyegaze,eyegaze-rankgaze,mobilefacenet-mpiigaze-righteye-t50,32x32,jetson-xav-agx,onnxruntime,CPU,F32,Avg MAE,5.9,0.0,4.1,16.2,0.3,37.9,0.1,38.3,26.1,272081.2,6.5,2.2,6.5,2.0,1.0,1.0,68.6,0.0,0.0,40.9,40.2,8.0,0.1,,,
eyegaze,eyegaze-rankgaze,mobilefacenet-mpiigaze-righteye-t50,32x32,jetson-xav-agx,lne,GPU/CPU,F32,Avg MAE,5.9,0.0,4.1,16.2,0.5,24.8,0.0,25.3,39.5,411254.3,13.6,6.3,9.7,3.0,2.0,2.0,100.0,0.0,0.0,34.0,37.5,9.2,0.1,,,
eyegaze,eyegaze-rankgaze,mobilefacenet-mpiigaze-righteye-t50,32x32,jetson-xav-agx,tensorrt,NPU/GPU,S8,Avg MAE,5.9,0.0,4.1,4.1,0.6,17.2,0.5,18.3,54.7,570284.8,16.4,7.0,9.7,3.0,2.0,2.0,100.0,0.0,0.0,34.0,37.5,9.2,0.1,,,
eyegaze,eyegaze-rankgaze,mobilefacenet-mpiigaze-righteye-t50,32x32,jetson-xav-agx,tensorrt,GPU,S8,Avg MAE,5.9,0.0,4.1,4.1,0.3,5.7,0.7,6.7,149.6,1558624.6,16.2,6.9,9.7,3.0,2.0,2.0,100.0,0.0,0.0,34.0,37.5,9.2,0.4,,,
eyegaze,eyegaze-rankgaze,mobilefacenet-mpiigaze-righteye-t50,32x32,jetson-xav-agx,tensorrt,NPU/GPU,F16,Avg MAE,5.9,0.0,4.1,8.1,0.6,24.5,0.5,25.6,39.0,406218.8,14.5,6.4,9.7,3.0,2.0,2.0,100.0,0.0,0.0,34.0,37.5,9.2,0.1,,,
eyegaze,eyegaze-rankgaze,mobilefacenet-mpiigaze-righteye-t50,32x32,jetson-xav-agx,tensorrt,GPU,F16,Avg MAE,5.9,0.0,4.1,8.1,0.6,8.6,0.7,9.8,101.9,1061754.8,16.1,6.9,9.7,3.0,2.0,2.0,99.9,0.0,0.0,34.0,37.5,9.2,0.2,,,
eyegaze,eyegaze-rankgaze,mobilefacenet-mpiigaze-righteye-t50,32x32,jetson-xav-agx,tensorrt,GPU,F32,Avg MAE,5.9,0.0,4.1,16.2,0.7,13.6,0.8,15.1,66.2,690180.5,16.1,6.9,9.7,3.0,2.0,2.0,100.0,0.0,0.0,34.0,37.5,9.2,0.2,,,
eyegaze,eyegaze-rankgaze,mobilefacenet-mpiigaze-righteye-t50,32x32,jetson-xav-agx,ncnn,GPU,F16,Avg MAE,5.9,0.0,4.1,8.1,0.4,9.5,0.4,10.3,97.2,1012735.3,10.5,5.2,9.7,3.0,2.0,2.0,100.0,0.0,0.0,34.0,37.5,9.2,0.2,,,
eyegaze,eyegaze-rankgaze,mobilefacenet-mpiigaze-righteye-t50,32x32,jetson-xav-agx,ncnn,GPU,F32,Avg MAE,5.9,0.0,4.1,16.2,0.4,8.3,0.7,9.4,106.2,1106992.3,10.4,5.2,9.7,3.0,2.0,2.0,100.0,0.0,0.0,34.0,37.5,9.2,0.3,,,
eyegaze,eyegaze-rankgaze,mobilefacenet-mpiigaze-righteye-t50,32x32,jetson-xav-agx,onnxruntime,CPU,F32,Avg MAE,5.9,0.0,4.1,16.2,0.4,56.4,0.1,56.9,17.6,183144.6,9.8,5.0,9.7,3.0,2.0,2.0,100.0,0.0,0.0,34.0,37.5,9.2,0.0,,,
eyegaze,eyegaze-rankgaze,mobilefacenet-mpiigaze-righteye-t50,48x32,jetson-xav-agx,lne,CPU,F32,Avg MAE,7.25,0.1,4.1,16.2,0.3,7.1,0.0,7.4,134.6,1402114.4,6.5,2.2,6.5,2.0,1.1,2.0,64.0,0.0,0.0,40.2,39.5,7.6,0.6,,,
eyegaze,eyegaze-rankgaze,mobilefacenet-mpiigaze-righteye-t50,48x32,jetson-xav-agx,onnxruntime,CPU,F32,Avg MAE,7.25,0.1,4.1,16.2,0.3,39.4,0.1,39.8,25.1,261744.7,6.6,2.2,6.5,2.1,1.0,1.0,68.9,0.0,0.0,40.4,39.5,7.9,0.1,,,
eyegaze,eyegaze-rankgaze,mobilefacenet-mpiigaze-righteye-t50,48x32,jetson-xav-agx,lne,GPU/CPU,F32,Avg MAE,7.25,0.1,4.1,16.2,/,/,/,/,/,/,0.0,0.0,0.0,0.0,0.0,0.0,0.0,0.0,0.0,0.0,0.0,0.0,0.0,,,
eyegaze,eyegaze-rankgaze,mobilefacenet-mpiigaze-righteye-t50,48x32,jetson-xav-agx,tensorrt,NPU/GPU,S8,Avg MAE,7.25,0.1,4.1,4.1,0.7,18.4,0.6,19.7,50.7,528650.6,16.0,7.0,9.7,3.0,2.0,2.0,100.0,0.0,0.0,33.8,37.5,9.2,0.2,,,
eyegaze,eyegaze-rankgaze,mobilefacenet-mpiigaze-righteye-t50,48x32,jetson-xav-agx,tensorrt,GPU,S8,Avg MAE,7.25,0.1,4.1,4.1,0.7,11.2,0.8,12.6,79.1,823732.7,15.9,7.0,9.7,3.0,2.0,2.0,100.0,0.0,0.0,33.5,37.5,9.2,0.3,,,
eyegaze,eyegaze-rankgaze,mobilefacenet-mpiigaze-righteye-t50,48x32,jetson-xav-agx,tensorrt,NPU/GPU,F16,Avg MAE,7.25,0.1,4.1,8.1,0.5,25.1,0.6,26.2,38.2,397785.3,14.2,6.4,9.7,3.0,2.0,2.0,100.0,0.0,2.0,33.8,37.5,9.2,0.1,,,
eyegaze,eyegaze-rankgaze,mobilefacenet-mpiigaze-righteye-t50,48x32,jetson-xav-agx,tensorrt,GPU,F16,Avg MAE,7.25,0.1,4.1,8.1,0.6,9.5,0.5,10.6,94.6,985889.6,15.9,7.0,9.7,3.0,2.0,2.0,100.0,0.0,0.0,33.8,37.5,9.2,0.3,,,
eyegaze,eyegaze-rankgaze,mobilefacenet-mpiigaze-righteye-t50,48x32,jetson-xav-agx,tensorrt,GPU,F32,Avg MAE,7.25,0.1,4.1,16.2,0.4,14.1,0.6,15.1,66.2,690117.5,15.9,7.0,9.7,3.0,2.0,2.0,100.0,0.0,0.0,33.5,37.5,9.2,0.2,,,
eyegaze,eyegaze-rankgaze,mobilefacenet-mpiigaze-righteye-t50,48x32,jetson-xav-agx,ncnn,GPU,F16,Avg MAE,7.25,0.1,4.1,8.1,1.0,8.9,0.7,10.6,94.7,986274.1,10.2,5.2,9.7,3.0,2.0,2.0,100.0,0.0,0.0,34.0,37.5,9.2,0.3,,,
eyegaze,eyegaze-rankgaze,mobilefacenet-mpiigaze-righteye-t50,48x32,jetson-xav-agx,ncnn,GPU,F32,Avg MAE,7.25,0.1,4.1,16.2,0.6,9.5,0.6,10.7,93.6,975220.3,10.1,5.2,9.7,3.0,2.0,2.0,100.0,0.0,0.0,33.5,37.5,9.2,0.3,,,
eyegaze,eyegaze-rankgaze,mobilefacenet-mpiigaze-righteye-t50,48x32,jetson-xav-agx,onnxruntime,CPU,F32,Avg MAE,7.25,0.1,4.1,16.2,0.5,63.1,0.1,63.7,15.7,163654.0,9.5,5.0,9.7,3.0,2.0,2.0,100.0,0.0,0.0,33.5,37.5,9.2,0.1,,,
eyegaze,eyegaze-rankgaze,mobilefacenet-mpiigaze-righteye-t50,64x48,jetson-xav-agx,lne,CPU,F32,Avg MAE,6.32,0.1,4.1,16.2,0.5,12.2,0.0,12.7,78.9,822389.5,6.6,2.2,6.5,2.0,1.0,1.0,62.9,0.0,0.0,40.1,39.2,7.7,0.6,,,
eyegaze,eyegaze-rankgaze,mobilefacenet-mpiigaze-righteye-t50,64x48,jetson-xav-agx,onnxruntime,CPU,F32,Avg MAE,6.32,0.1,4.1,16.2,0.5,44.2,0.1,44.7,22.3,232850.9,6.6,2.2,6.5,2.0,1.0,1.0,67.6,0.0,0.0,40.4,39.2,7.9,0.2,,,
eyegaze,eyegaze-rankgaze,mobilefacenet-mpiigaze-righteye-t50,64x48,jetson-xav-agx,lne,GPU/CPU,F32,Avg MAE,6.32,0.1,4.1,16.2,/,/,/,/,/,/,0.0,0.0,0.0,0.0,0.0,0.0,0.0,0.0,0.0,0.0,0.0,0.0,0.0,,,
eyegaze,eyegaze-rankgaze,mobilefacenet-mpiigaze-righteye-t50,64x48,jetson-xav-agx,tensorrt,NPU/GPU,S8,Avg MAE,6.32,0.1,4.1,4.1,0.7,17.8,0.7,19.2,52.1,542418.9,16.2,7.0,9.7,3.0,2.0,2.0,100.0,0.0,0.0,33.5,37.5,9.2,0.3,,,
eyegaze,eyegaze-rankgaze,mobilefacenet-mpiigaze-righteye-t50,64x48,jetson-xav-agx,tensorrt,GPU,S8,Avg MAE,6.32,0.1,4.1,4.1,0.7,9.9,0.7,11.4,88.1,917874.9,15.9,6.9,9.7,3.0,2.0,2.0,99.9,0.0,0.0,33.5,37.5,9.2,0.6,,,
eyegaze,eyegaze-rankgaze,mobilefacenet-mpiigaze-righteye-t50,64x48,jetson-xav-agx,tensorrt,NPU/GPU,F16,Avg MAE,6.32,0.1,4.1,8.1,0.7,25.2,0.7,26.5,37.8,393673.1,14.3,6.4,9.7,3.0,2.0,2.0,100.0,0.0,3.0,33.8,37.5,9.2,0.3,,,
eyegaze,eyegaze-rankgaze,mobilefacenet-mpiigaze-righteye-t50,64x48,jetson-xav-agx,tensorrt,GPU,F16,Avg MAE,6.32,0.1,4.1,8.1,1.1,7.7,0.5,9.3,107.7,1122205.0,15.9,7.0,9.7,3.0,2.0,2.0,100.0,0.0,0.0,33.5,37.5,9.2,0.7,,,
eyegaze,eyegaze-rankgaze,mobilefacenet-mpiigaze-righteye-t50,64x48,jetson-xav-agx,tensorrt,GPU,F32,Avg MAE,6.32,0.1,4.1,16.2,0.8,11.7,0.8,13.3,75.4,785920.3,15.9,6.9,9.7,3.0,2.0,2.0,100.0,0.0,0.0,34.0,37.5,9.2,0.5,,,
eyegaze,eyegaze-rankgaze,mobilefacenet-mpiigaze-righteye-t50,64x48,jetson-xav-agx,ncnn,GPU,F16,Avg MAE,6.32,0.1,4.1,8.1,1.3,8.8,0.4,10.5,95.4,993890.1,10.2,5.2,9.7,3.0,2.0,2.0,99.9,0.0,0.0,33.5,37.5,9.2,0.6,,,
eyegaze,eyegaze-rankgaze,mobilefacenet-mpiigaze-righteye-t50,64x48,jetson-xav-agx,ncnn,GPU,F32,Avg MAE,6.32,0.1,4.1,16.2,1.0,10.4,0.4,11.8,84.9,884340.6,10.2,5.2,9.7,3.0,2.0,2.0,100.0,0.0,0.0,33.5,37.5,9.2,0.6,,,
eyegaze,eyegaze-rankgaze,mobilefacenet-mpiigaze-righteye-t50,64x48,jetson-xav-agx,onnxruntime,CPU,F32,Avg MAE,6.32,0.1,4.1,16.2,0.7,77.6,0.3,78.6,12.7,132520.2,9.6,5.0,9.7,3.0,2.0,2.0,100.0,0.0,0.0,33.5,37.5,9.2,0.1,,,
eyegaze,eyegaze-rankgaze,mobilefacenet-mpiigaze-righteye-t50,64x64,jetson-xav-agx,lne,CPU,F32,Avg MAE,5.82,0.2,4.1,16.2,0.6,15.7,0.0,16.4,61.0,636049.5,6.7,2.2,6.6,2.1,1.0,1.0,62.7,0.0,0.0,40.0,39.0,7.8,0.6,,,
eyegaze,eyegaze-rankgaze,mobilefacenet-mpiigaze-righteye-t50,64x64,jetson-xav-agx,onnxruntime,CPU,F32,Avg MAE,5.82,0.2,4.1,16.2,0.5,51.9,0.1,52.5,19.1,198564.4,6.6,2.2,6.6,2.1,1.0,1.0,68.4,0.0,0.0,40.3,39.3,8.0,0.2,,,
eyegaze,eyegaze-rankgaze,mobilefacenet-mpiigaze-righteye-t50,64x64,jetson-xav-agx,lne,GPU/CPU,F32,Avg MAE,5.82,0.2,4.1,16.2,1.2,45.4,0.1,46.7,21.4,222897.5,13.4,6.3,9.7,3.0,2.0,2.0,100.0,0.0,0.0,33.5,37.5,9.2,0.2,,,
eyegaze,eyegaze-rankgaze,mobilefacenet-mpiigaze-righteye-t50,64x64,jetson-xav-agx,tensorrt,NPU/GPU,S8,Avg MAE,5.82,0.2,4.1,4.1,0.8,17.8,0.4,19.0,52.6,548008.2,16.3,7.1,9.7,3.0,2.0,2.0,100.0,0.0,0.0,44.8,37.5,9.2,0.5,,,
eyegaze,eyegaze-rankgaze,mobilefacenet-mpiigaze-righteye-t50,64x64,jetson-xav-agx,tensorrt,GPU,S8,Avg MAE,5.82,0.2,4.1,4.1,0.8,11.0,0.5,12.3,81.1,844533.4,16.0,6.9,9.7,3.0,2.0,2.0,100.0,0.0,0.0,43.8,37.5,9.2,0.7,,,
eyegaze,eyegaze-rankgaze,mobilefacenet-mpiigaze-righteye-t50,64x64,jetson-xav-agx,tensorrt,NPU/GPU,F16,Avg MAE,5.82,0.2,4.1,8.1,0.7,24.9,0.4,26.0,38.5,401029.1,14.4,6.4,9.7,3.0,2.0,2.0,100.0,0.0,0.0,41.2,37.5,9.2,0.3,,,
eyegaze,eyegaze-rankgaze,mobilefacenet-mpiigaze-righteye-t50,64x64,jetson-xav-agx,tensorrt,GPU,F16,Avg MAE,5.82,0.2,4.1,8.1,1.1,8.8,0.8,10.8,92.9,967695.2,16.0,7.0,9.7,3.0,2.0,2.0,99.9,0.0,0.0,40.5,37.5,9.2,0.8,,,
eyegaze,eyegaze-rankgaze,mobilefacenet-mpiigaze-righteye-t50,64x64,jetson-xav-agx,tensorrt,GPU,F32,Avg MAE,5.82,0.2,4.1,16.2,0.6,13.3,0.7,14.6,68.6,714400.3,16.0,6.9,9.7,3.0,2.0,2.0,100.0,0.0,0.0,37.5,37.5,9.2,0.6,,,
eyegaze,eyegaze-rankgaze,mobilefacenet-mpiigaze-righteye-t50,64x64,jetson-xav-agx,ncnn,GPU,F16,Avg MAE,5.82,0.2,4.1,8.1,0.6,9.6,0.6,10.8,92.8,966630.4,10.3,5.2,9.7,3.0,2.0,2.0,100.0,0.0,0.0,35.0,37.5,9.2,0.8,,,
eyegaze,eyegaze-rankgaze,mobilefacenet-mpiigaze-righteye-t50,64x64,jetson-xav-agx,ncnn,GPU,F32,Avg MAE,5.82,0.2,4.1,16.2,1.1,9.3,0.5,10.8,92.8,966623.2,10.3,5.2,9.7,3.0,2.0,2.0,100.0,0.0,0.0,33.5,37.5,9.2,0.8,,,
eyegaze,eyegaze-rankgaze,mobilefacenet-mpiigaze-righteye-t50,64x64,jetson-xav-agx,onnxruntime,CPU,F32,Avg MAE,5.82,0.2,4.1,16.2,1.1,93.4,0.3,94.7,10.6,110026.9,9.7,5.0,9.7,3.0,2.0,2.0,100.0,0.0,0.0,33.5,37.5,9.2,0.1,,,
eyegaze,eyegaze-rankgaze,resnet50-mpiigaze,224x224,jetson-xav-agx,lne,CPU,F32,/,/,8.2,25.6,102.3,2.6,303.4,0.1,306.0,3.3,34044.9,7.4,2.5,7.4,2.3,2.8,3.0,70.0,0.0,0.0,42.5,41.4,8.8,1.5,,,
eyegaze,eyegaze-rankgaze,resnet50-mpiigaze,224x224,jetson-xav-agx,onnxruntime,CPU,F32,/,/,8.2,25.6,102.3,2.4,780.0,0.2,782.6,1.3,13313.4,6.7,2.3,6.7,2.1,1.0,2.0,69.2,0.0,0.0,43.0,41.9,8.4,0.6,,,
eyegaze,eyegaze-rankgaze,resnet50-mpiigaze,224x224,jetson-xav-agx,lne,GPU/CPU,F32,/,/,8.2,25.6,102.3,5.7,367.8,0.0,373.5,2.7,27893.8,14.4,6.6,9.7,3.0,2.0,2.0,100.0,0.0,0.0,34.0,37.5,9.2,1.2,,,
eyegaze,eyegaze-rankgaze,resnet50-mpiigaze,224x224,jetson-xav-agx,tensorrt,NPU/GPU,S8,/,/,8.2,25.6,25.6,4.0,35.7,1.1,40.7,24.5,255710.7,17.0,7.3,9.7,3.0,2.0,2.0,100.0,0.0,2.0,34.2,37.5,9.2,11.0,,,
eyegaze,eyegaze-rankgaze,resnet50-mpiigaze,224x224,jetson-xav-agx,tensorrt,GPU,S8,/,/,8.2,25.6,25.6,5.5,10.6,2.9,19.0,52.6,548510.2,16.7,7.1,9.7,3.0,2.0,2.0,100.0,0.0,0.0,34.5,37.5,9.2,23.5,,,
eyegaze,eyegaze-rankgaze,resnet50-mpiigaze,224x224,jetson-xav-agx,tensorrt,NPU/GPU,F16,/,/,8.2,25.6,51.2,3.8,51.6,0.7,56.1,17.8,185772.5,15.3,6.7,9.7,3.0,2.0,2.0,100.0,0.0,4.0,34.5,37.5,9.2,8.0,,,
eyegaze,eyegaze-rankgaze,resnet50-mpiigaze,224x224,jetson-xav-agx,tensorrt,GPU,F16,/,/,8.2,25.6,51.2,3.8,9.0,2.0,14.9,67.3,701568.0,17.0,7.2,9.7,3.0,2.0,2.0,99.9,0.0,0.0,34.5,37.5,9.2,30.1,,,
eyegaze,eyegaze-rankgaze,resnet50-mpiigaze,224x224,jetson-xav-agx,tensorrt,GPU,F32,/,/,8.2,25.6,102.3,4.3,18.0,1.0,23.3,42.9,447262.2,17.1,7.3,9.7,3.0,2.0,2.0,100.0,0.0,0.0,34.5,37.5,9.2,19.2,,,
eyegaze,eyegaze-rankgaze,resnet50-mpiigaze,224x224,jetson-xav-agx,ncnn,GPU,F16,/,/,8.2,25.6,51.2,5.0,30.6,0.9,36.5,27.4,285770.2,11.9,5.7,9.7,3.0,2.0,2.0,100.0,0.0,0.0,34.5,37.5,9.2,12.2,,,
eyegaze,eyegaze-rankgaze,resnet50-mpiigaze,224x224,jetson-xav-agx,ncnn,GPU,F32,/,/,8.2,25.6,102.3,4.2,29.8,0.7,34.7,28.9,300609.2,12.0,5.7,9.7,3.0,2.0,2.0,100.0,0.0,0.0,34.5,37.5,9.2,12.9,,,
eyegaze,eyegaze-rankgaze,resnet50-mpiigaze,224x224,jetson-xav-agx,onnxruntime,CPU,F32,/,/,8.2,25.6,102.3,4.9,1142.3,0.2,1147.4,0.9,9080.3,10.1,5.1,9.7,3.0,2.0,2.0,100.0,0.0,0.0,34.2,37.5,9.2,0.4,,,
headpose-estimation,headpose-rankpose,mobilefacenetfc512,112x112,jetson-xav-agx,lne,CPU,F32,Avg MAE,4.4,0.5,6.2,25.0,1.4,29.0,0.0,30.5,32.8,342134.1,6.1,2.2,6.1,1.9,1.4,2.0,65.6,0.0,0.0,41.2,40.5,8.0,1.0,,,
headpose-estimation,headpose-rankpose,mobilefacenetfc512,112x112,jetson-xav-agx,onnxruntime,CPU,F32,Avg MAE,4.4,0.5,6.2,25.0,1.2,104.2,0.1,105.5,9.5,98769.6,6.1,2.2,6.1,1.9,1.0,1.0,68.8,0.0,0.0,41.3,40.7,8.1,0.3,,,
headpose-estimation,headpose-rankpose,mobilefacenetfc512,112x112,jetson-xav-agx,lne,GPU/CPU,F32,Avg MAE,4.4,0.5,6.2,25.0,3.5,41.2,0.0,44.8,22.3,232817.6,13.0,6.1,9.7,3.0,2.0,2.0,99.9,0.0,0.0,36.5,37.5,9.2,0.6,,,
headpose-estimation,headpose-rankpose,mobilefacenetfc512,112x112,jetson-xav-agx,tensorrt,NPU/GPU,S8,Avg MAE,4.4,0.5,6.2,6.2,2.4,19.6,0.7,22.7,44.0,458094.2,16.4,7.0,9.7,3.0,2.0,2.0,100.0,0.0,0.0,36.5,37.5,9.2,1.2,,,
headpose-estimation,headpose-rankpose,mobilefacenetfc512,112x112,jetson-xav-agx,tensorrt,GPU,S8,Avg MAE,4.4,0.5,6.2,6.2,2.2,9.9,3.1,15.2,66.0,687722.3,16.2,6.9,9.7,3.0,2.0,2.0,100.0,0.0,0.0,36.5,37.5,9.2,1.7,,,
headpose-estimation,headpose-rankpose,mobilefacenetfc512,112x112,jetson-xav-agx,tensorrt,NPU/GPU,F16,Avg MAE,4.4,0.5,6.2,12.5,1.8,28.0,0.5,30.4,32.9,343157.1,16.3,7.0,9.7,3.0,2.0,2.0,100.0,0.0,0.0,36.2,37.5,9.2,0.9,,,
headpose-estimation,headpose-rankpose,mobilefacenetfc512,112x112,jetson-xav-agx,tensorrt,GPU,F16,Avg MAE,4.4,0.5,6.2,12.5,1.6,9.2,1.9,12.7,78.8,820826.7,16.3,7.0,9.7,3.0,2.0,2.0,99.9,0.0,0.0,36.5,37.5,9.2,2.1,,,
headpose-estimation,headpose-rankpose,mobilefacenetfc512,112x112,jetson-xav-agx,tensorrt,GPU,F32,Avg MAE,4.4,0.5,6.2,25.0,3.2,11.1,1.9,16.3,61.4,640216.2,16.3,7.0,9.7,3.0,2.0,2.0,100.0,0.0,0.0,36.5,37.5,9.2,1.6,,,
headpose-estimation,headpose-rankpose,mobilefacenetfc512,112x112,jetson-xav-agx,onnxruntime,CPU,F32,Avg MAE,4.4,0.5,6.2,25.0,2.7,181.8,0.1,184.6,5.4,56451.5,9.9,5.0,9.7,3.0,2.0,2.0,100.0,0.0,0.0,36.2,37.5,9.2,0.1,,,
headpose-estimation,headpose-rankpose,mobilefacenetfc512,192x224,jetson-xav-agx,lne,CPU,F32,Avg MAE,4.63,1.6,6.3,25.2,2.2,90.6,0.0,92.8,10.8,112293.6,6.3,2.2,6.3,2.0,2.0,2.0,68.0,0.0,0.0,41.1,40.4,8.3,1.1,,,
headpose-estimation,headpose-rankpose,mobilefacenetfc512,192x224,jetson-xav-agx,onnxruntime,CPU,F32,Avg MAE,4.63,1.6,6.3,25.2,2.0,238.3,0.2,240.6,4.2,43312.8,6.2,2.2,6.2,1.9,1.3,2.0,69.9,0.0,0.0,41.4,40.6,8.3,0.4,,,
headpose-estimation,headpose-rankpose,mobilefacenetfc512,192x224,jetson-xav-agx,lne,GPU/CPU,F32,Avg MAE,4.63,1.6,6.3,25.2,/,/,/,/,/,/,0.0,0.0,0.0,0.0,0.0,0.0,0.0,0.0,0.0,0.0,0.0,0.0,0.0,,,
headpose-estimation,headpose-rankpose,mobilefacenetfc512,192x224,jetson-xav-agx,tensorrt,NPU/GPU,S8,Avg MAE,4.63,1.6,6.3,6.3,3.2,30.1,0.9,34.2,29.2,304586.2,16.2,7.0,9.7,3.0,2.0,2.0,100.0,0.0,1.0,35.8,37.5,9.2,2.6,,,
headpose-estimation,headpose-rankpose,mobilefacenetfc512,192x224,jetson-xav-agx,tensorrt,GPU,S8,Avg MAE,4.63,1.6,6.3,6.3,4.0,8.8,2.2,15.0,66.6,693653.4,16.0,7.0,9.7,3.0,2.0,2.0,100.0,0.0,0.0,35.8,37.5,9.2,5.9,,,
headpose-estimation,headpose-rankpose,mobilefacenetfc512,192x224,jetson-xav-agx,tensorrt,NPU/GPU,F16,Avg MAE,4.63,1.6,6.3,12.6,4.3,46.5,0.9,51.7,19.4,201697.6,16.2,7.0,9.7,3.0,2.0,2.0,100.0,0.0,2.0,35.5,37.5,9.2,1.7,,,
headpose-estimation,headpose-rankpose,mobilefacenetfc512,192x224,jetson-xav-agx,tensorrt,GPU,F16,Avg MAE,4.63,1.6,6.3,12.6,4.1,9.8,2.6,16.6,60.4,628814.7,16.0,7.0,9.7,3.0,2.0,2.0,100.0,0.0,0.0,35.8,37.5,9.2,5.3,,,
headpose-estimation,headpose-rankpose,mobilefacenetfc512,192x224,jetson-xav-agx,tensorrt,GPU,F32,Avg MAE,4.63,1.6,6.3,25.2,4.1,9.5,1.9,15.6,64.3,669539.6,16.1,7.0,9.7,3.0,2.0,2.0,100.0,0.0,0.0,35.5,37.5,9.2,5.7,,,
headpose-estimation,headpose-rankpose,mobilefacenetfc512,192x224,jetson-xav-agx,onnxruntime,CPU,F32,Avg MAE,4.63,1.6,6.3,25.2,3.6,390.4,0.1,394.0,2.5,26442.0,9.8,5.0,9.7,3.0,2.0,2.0,100.0,0.0,0.0,35.5,37.5,9.2,0.2,,,
headpose-estimation,headpose-rankpose,mobilefacenetfc512,224x224,jetson-xav-agx,lne,CPU,F32,Avg MAE,4.43,1.9,6.3,25.3,2.4,154.5,0.1,156.9,6.4,66418.5,6.1,2.2,6.1,1.9,2.0,2.0,68.7,0.0,0.0,41.4,40.5,8.4,0.7,,,
headpose-estimation,headpose-rankpose,mobilefacenetfc512,224x224,jetson-xav-agx,onnxruntime,CPU,F32,Avg MAE,4.43,1.9,6.3,25.3,2.3,288.3,0.2,290.8,3.4,35833.2,6.2,2.2,6.2,1.9,1.8,2.0,69.8,0.0,0.0,41.8,41.0,8.3,0.4,,,
headpose-estimation,headpose-rankpose,mobilefacenetfc512,224x224,jetson-xav-agx,lne,GPU/CPU,F32,Avg MAE,4.43,1.9,6.3,25.3,4.8,53.6,0.1,58.5,17.1,178077.2,13.0,6.1,9.7,3.0,2.0,2.0,100.0,0.0,0.0,36.0,37.5,9.2,1.8,,,
headpose-estimation,headpose-rankpose,mobilefacenetfc512,224x224,jetson-xav-agx,tensorrt,NPU/GPU,S8,Avg MAE,4.43,1.9,6.3,6.3,4.2,35.9,0.8,41.0,24.4,254401.7,16.1,7.0,9.7,3.0,2.0,2.0,100.0,0.0,0.0,36.0,37.5,9.2,2.5,,,
headpose-estimation,headpose-rankpose,mobilefacenetfc512,224x224,jetson-xav-agx,tensorrt,GPU,S8,Avg MAE,4.43,1.9,6.3,6.3,3.9,11.3,2.2,17.4,57.3,597383.8,15.9,6.9,9.7,3.0,2.0,2.0,100.0,0.0,0.0,36.0,37.5,9.2,5.9,,,
headpose-estimation,headpose-rankpose,mobilefacenetfc512,224x224,jetson-xav-agx,tensorrt,NPU/GPU,F16,Avg MAE,4.43,1.9,6.3,12.6,4.2,54.0,1.3,59.5,16.8,175070.1,16.1,7.0,9.7,3.0,2.0,2.0,100.0,0.0,3.0,36.5,37.5,9.2,1.7,,,
headpose-estimation,headpose-rankpose,mobilefacenetfc512,224x224,jetson-xav-agx,tensorrt,GPU,F16,Avg MAE,4.43,1.9,6.3,12.6,4.5,11.2,2.4,18.1,55.3,576109.3,16.0,7.0,9.7,3.0,2.0,2.0,100.0,0.0,0.0,36.5,37.5,9.2,5.7,,,
headpose-estimation,headpose-rankpose,mobilefacenetfc512,224x224,jetson-xav-agx,tensorrt,GPU,F32,Avg MAE,4.43,1.9,6.3,25.3,4.3,11.5,1.9,17.7,56.5,588316.0,16.0,7.0,9.7,3.0,2.0,2.0,100.0,0.0,0.0,36.2,37.5,9.2,5.8,,,
headpose-estimation,headpose-rankpose,mobilefacenetfc512,224x224,jetson-xav-agx,ncnn,GPU,F16,Avg MAE,4.43,1.9,6.3,12.6,4.7,13.8,1.0,19.5,51.4,535201.9,10.4,5.2,9.7,3.0,2.0,2.0,99.9,0.0,0.0,36.0,37.5,9.2,5.3,,,
headpose-estimation,headpose-rankpose,mobilefacenetfc512,224x224,jetson-xav-agx,ncnn,GPU,F32,Avg MAE,4.43,1.9,6.3,25.3,5.0,13.6,0.8,19.4,51.5,536842.1,10.4,5.2,9.7,3.0,2.0,2.0,100.0,0.0,0.0,36.0,37.5,9.2,5.3,,,
headpose-estimation,headpose-rankpose,mobilefacenetfc512,224x224,jetson-xav-agx,onnxruntime,CPU,F32,Avg MAE,4.43,1.9,6.3,25.3,3.7,478.5,0.2,482.4,2.1,21599.4,9.6,5.0,9.7,3.0,2.0,2.0,100.0,0.0,0.0,36.0,37.5,9.2,0.2,,,
headpose-estimation,headpose-rankpose,mobilefacenetfc512,96x112,jetson-xav-agx,lne,CPU,F32,Avg MAE,4.63,0.4,6.2,25.0,1.3,24.7,0.1,26.1,38.3,399062.5,6.2,2.2,6.1,1.9,1.6,2.0,65.9,0.0,0.0,41.0,40.3,7.9,1.0,,,
headpose-estimation,headpose-rankpose,mobilefacenetfc512,96x112,jetson-xav-agx,onnxruntime,CPU,F32,Avg MAE,4.63,0.4,6.2,25.0,1.3,95.5,0.2,97.0,10.3,107450.4,6.1,2.2,6.1,1.9,1.0,1.0,69.1,0.0,0.0,41.2,40.3,8.1,0.3,,,
headpose-estimation,headpose-rankpose,mobilefacenetfc512,96x112,jetson-xav-agx,lne,GPU/CPU,F32,Avg MAE,4.63,0.4,6.2,25.0,/,/,/,/,/,/,0.0,0.0,0.0,0.0,0.0,0.0,0.0,0.0,0.0,0.0,0.0,0.0,0.0,,,
headpose-estimation,headpose-rankpose,mobilefacenetfc512,96x112,jetson-xav-agx,tensorrt,NPU/GPU,S8,Avg MAE,4.63,0.4,6.2,6.2,2.5,18.5,1.0,21.9,45.6,474927.0,16.2,7.0,9.7,3.0,2.0,2.0,100.0,0.0,2.0,35.8,37.5,9.2,1.0,,,
headpose-estimation,headpose-rankpose,mobilefacenetfc512,96x112,jetson-xav-agx,tensorrt,GPU,S8,Avg MAE,4.63,0.4,6.2,6.2,2.1,9.0,3.1,14.1,70.8,737822.6,16.0,7.0,9.7,3.0,2.0,2.0,100.0,0.0,0.0,36.0,37.5,9.2,1.6,,,
headpose-estimation,headpose-rankpose,mobilefacenetfc512,96x112,jetson-xav-agx,tensorrt,NPU/GPU,F16,Avg MAE,4.63,0.4,6.2,12.5,2.3,27.2,0.8,30.2,33.1,344952.7,16.2,7.0,9.7,3.0,2.0,2.0,100.0,0.0,5.0,36.0,37.5,9.2,0.7,,,
headpose-estimation,headpose-rankpose,mobilefacenetfc512,96x112,jetson-xav-agx,tensorrt,GPU,F16,Avg MAE,4.63,0.4,6.2,12.5,3.2,10.1,2.9,16.2,61.7,642331.8,16.0,7.0,9.7,3.0,2.0,2.0,100.0,0.0,0.0,36.0,37.5,9.2,1.4,,,
headpose-estimation,headpose-rankpose,mobilefacenetfc512,96x112,jetson-xav-agx,tensorrt,GPU,F32,Avg MAE,4.63,0.4,6.2,25.0,2.8,11.7,2.6,17.1,58.4,608384.6,16.0,7.0,9.7,3.0,2.0,2.0,100.0,0.0,0.0,35.8,37.5,9.2,1.3,,,
headpose-estimation,headpose-rankpose,mobilefacenetfc512,96x112,jetson-xav-agx,onnxruntime,CPU,F32,Avg MAE,4.63,0.4,6.2,25.0,2.3,147.7,0.1,150.1,6.7,69435.2,9.7,5.0,9.7,3.0,2.0,2.0,100.0,0.0,0.0,35.5,37.5,9.2,0.2,,,
headpose-estimation,headpose-rankpose,mobilefacenetfc512onlypose,96x112,jetson-xav-agx,lne,CPU,F32,Avg MAE,4.34,0.4,3.0,12.1,1.1,38.0,0.0,39.1,25.5,266200.4,6.2,2.2,6.2,1.9,1.0,1.0,65.0,0.0,0.0,40.8,39.9,7.9,0.7,,,
headpose-estimation,headpose-rankpose,mobilefacenetfc512onlypose,96x112,jetson-xav-agx,onnxruntime,CPU,F32,Avg MAE,4.34,0.4,3.0,12.1,1.0,82.0,0.1,83.0,12.0,125507.9,6.2,2.2,6.2,1.9,1.0,1.0,68.9,0.0,0.0,40.9,40.0,8.1,0.3,,,
headpose-estimation,headpose-rankpose,mobilefacenetfc512onlypose,96x112,jetson-xav-agx,lne,GPU/CPU,F32,Avg MAE,4.34,0.4,3.0,12.1,/,/,/,/,/,/,0.0,0.0,0.0,0.0,0.0,0.0,0.0,0.0,0.0,0.0,0.0,0.0,0.0,,,
headpose-estimation,headpose-rankpose,mobilefacenetfc512onlypose,96x112,jetson-xav-agx,tensorrt,NPU/GPU,S8,Avg MAE,4.34,0.4,3.0,3.0,1.8,19.2,1.4,22.5,44.4,462526.8,16.1,7.0,9.7,3.0,2.0,2.0,100.0,0.0,3.0,35.5,37.5,9.2,1.0,,,
headpose-estimation,headpose-rankpose,mobilefacenetfc512onlypose,96x112,jetson-xav-agx,tensorrt,GPU,S8,Avg MAE,4.34,0.4,3.0,3.0,2.6,9.2,2.3,14.2,70.6,736044.7,15.9,6.9,9.7,3.0,2.0,2.0,100.0,0.0,0.0,35.2,37.5,9.2,1.6,,,
headpose-estimation,headpose-rankpose,mobilefacenetfc512onlypose,96x112,jetson-xav-agx,tensorrt,NPU/GPU,F16,Avg MAE,4.34,0.4,3.0,6.0,2.0,24.6,0.7,27.2,36.7,382665.0,16.1,7.0,9.7,3.0,2.0,2.0,99.8,0.0,0.0,35.5,37.5,9.2,0.8,,,
headpose-estimation,headpose-rankpose,mobilefacenetfc512onlypose,96x112,jetson-xav-agx,tensorrt,GPU,F16,Avg MAE,4.34,0.4,3.0,6.0,2.7,7.6,2.7,13.0,76.6,798556.0,15.9,6.9,9.7,3.0,2.0,2.0,99.9,0.0,0.0,35.5,37.5,9.2,1.7,,,
headpose-estimation,headpose-rankpose,mobilefacenetfc512onlypose,96x112,jetson-xav-agx,tensorrt,GPU,F32,Avg MAE,4.34,0.4,3.0,12.1,2.8,10.3,2.5,15.6,64.0,667003.0,16.0,6.9,9.7,3.0,2.0,2.0,100.0,0.0,0.0,35.5,37.5,9.2,1.4,,,
headpose-estimation,headpose-rankpose,mobilefacenetfc512onlypose,96x112,jetson-xav-agx,ncnn,GPU,F16,Avg MAE,4.34,0.4,3.0,6.0,2.3,10.3,0.6,13.2,75.6,787312.3,10.3,5.1,9.7,3.0,2.0,2.0,100.0,0.0,0.0,35.0,37.5,9.2,1.7,,,
headpose-estimation,headpose-rankpose,mobilefacenetfc512onlypose,96x112,jetson-xav-agx,ncnn,GPU,F32,Avg MAE,4.34,0.4,3.0,12.1,3.1,10.1,0.3,13.5,73.8,769425.0,10.3,5.1,9.7,3.0,2.0,2.0,100.0,0.0,0.0,35.2,37.5,9.2,1.6,,,
headpose-estimation,headpose-rankpose,mobilefacenetfc512onlypose,96x112,jetson-xav-agx,onnxruntime,CPU,F32,Avg MAE,4.34,0.4,3.0,12.1,2.8,133.6,0.1,136.5,7.3,76353.6,9.7,5.0,9.7,3.0,2.0,2.0,100.0,0.0,0.0,35.3,37.5,9.2,0.2,,,
headpose-estimation,headpose-rankpose,mobilefacenetonlyposefc512,112x112,jetson-xav-agx,lne,CPU,F32,Avg MAE,4.38,0.5,3.0,12.1,1.5,43.7,0.0,45.2,22.1,230343.5,6.2,2.2,6.2,1.9,1.0,1.0,65.9,0.0,0.0,40.7,39.6,8.0,0.7,,,
headpose-estimation,headpose-rankpose,mobilefacenetonlyposefc512,112x112,jetson-xav-agx,onnxruntime,CPU,F32,Avg MAE,4.38,0.5,3.0,12.1,1.5,92.0,0.1,93.6,10.7,111325.8,6.2,2.2,6.2,1.9,1.0,1.0,69.4,0.0,0.0,41.0,39.8,8.2,0.3,,,
headpose-estimation,headpose-rankpose,mobilefacenetonlyposefc512,112x112,jetson-xav-agx,lne,GPU/CPU,F32,Avg MAE,4.38,0.5,3.0,12.1,3.1,40.3,0.2,43.6,22.9,238932.9,13.6,6.3,9.7,3.0,2.0,2.0,99.9,0.0,0.0,35.0,37.5,9.2,0.6,,,
headpose-estimation,headpose-rankpose,mobilefacenetonlyposefc512,112x112,jetson-xav-agx,tensorrt,NPU/GPU,S8,Avg MAE,4.38,0.5,3.0,3.0,2.7,19.8,0.7,23.3,42.9,447446.8,16.2,7.0,9.7,3.0,2.0,2.0,100.0,0.0,0.0,35.0,37.5,9.2,1.1,,,
headpose-estimation,headpose-rankpose,mobilefacenetonlyposefc512,112x112,jetson-xav-agx,tensorrt,GPU,S8,Avg MAE,4.38,0.5,3.0,3.0,2.5,9.6,2.9,14.9,67.0,698410.1,16.0,6.9,9.7,3.0,2.0,2.0,100.0,0.0,0.0,35.5,37.5,9.2,1.7,,,
headpose-estimation,headpose-rankpose,mobilefacenetonlyposefc512,112x112,jetson-xav-agx,tensorrt,NPU/GPU,F16,Avg MAE,4.38,0.5,3.0,6.1,1.8,24.9,0.8,27.5,36.4,378766.9,16.2,7.0,9.7,3.0,2.0,2.0,100.0,0.0,3.0,35.2,37.5,9.2,0.9,,,
headpose-estimation,headpose-rankpose,mobilefacenetonlyposefc512,112x112,jetson-xav-agx,tensorrt,GPU,F16,Avg MAE,4.38,0.5,3.0,6.1,2.2,8.7,2.7,13.6,73.6,766542.0,16.0,6.9,9.7,3.0,2.0,2.0,100.0,0.0,0.0,35.5,37.5,9.2,1.9,,,
headpose-estimation,headpose-rankpose,mobilefacenetonlyposefc512,112x112,jetson-xav-agx,tensorrt,GPU,F32,Avg MAE,4.38,0.5,3.0,12.1,2.5,10.8,2.1,15.5,64.6,673254.2,16.0,6.9,9.7,3.0,2.0,2.0,100.0,0.0,0.0,35.5,37.5,9.2,1.7,,,
headpose-estimation,headpose-rankpose,mobilefacenetonlyposefc512,112x112,jetson-xav-agx,ncnn,GPU,F16,Avg MAE,4.38,0.5,3.0,6.1,2.6,9.7,0.3,12.5,79.7,830421.5,10.4,5.1,9.7,3.0,2.0,2.0,100.0,0.0,0.0,35.0,37.5,9.2,2.1,,,
headpose-estimation,headpose-rankpose,mobilefacenetonlyposefc512,112x112,jetson-xav-agx,ncnn,GPU,F32,Avg MAE,4.38,0.5,3.0,12.1,1.7,10.6,0.3,12.7,78.6,818933.8,10.4,5.2,9.7,3.0,2.0,2.0,100.0,0.0,0.0,35.0,37.5,9.2,2.0,,,
headpose-estimation,headpose-rankpose,mobilefacenetonlyposefc512,112x112,jetson-xav-agx,onnxruntime,CPU,F32,Avg MAE,4.38,0.5,3.0,12.1,2.4,173.1,0.1,175.6,5.7,59322.2,9.8,5.0,9.7,3.0,2.0,2.0,100.0,0.0,0.0,35.0,37.5,9.2,0.1,,,
headpose-estimation,headpose-rankpose,resnet50,224x224,jetson-xav-agx,lne,CPU,F32,/,/,8.2,23.8,95.1,2.4,291.9,0.1,294.3,3.4,35403.3,7.2,2.4,7.1,2.2,2.9,3.0,70.1,0.0,0.0,42.2,40.8,8.7,1.6,,,
headpose-estimation,headpose-rankpose,resnet50,224x224,jetson-xav-agx,onnxruntime,CPU,F32,/,/,8.2,23.8,95.1,2.5,762.9,0.1,765.4,1.3,13612.3,6.5,2.2,6.5,2.0,1.0,2.0,69.3,0.0,0.0,42.6,41.5,8.4,0.6,,,
headpose-estimation,headpose-rankpose,resnet50,224x224,jetson-xav-agx,lne,GPU/CPU,F32,/,/,8.2,23.8,95.1,6.7,379.7,0.1,386.5,2.6,26958.1,13.8,6.4,9.7,3.0,2.0,2.0,100.0,0.0,0.0,35.0,37.5,9.2,1.2,,,
headpose-estimation,headpose-rankpose,resnet50,224x224,jetson-xav-agx,tensorrt,NPU/GPU,S8,/,/,8.2,23.8,23.8,4.4,35.0,1.2,40.6,24.6,256377.8,16.6,7.2,9.7,3.0,2.0,2.0,100.0,0.0,1.0,35.0,37.5,9.2,11.0,,,
headpose-estimation,headpose-rankpose,resnet50,224x224,jetson-xav-agx,tensorrt,GPU,S8,/,/,8.2,23.8,23.8,4.3,10.7,2.3,17.2,58.0,604395.9,16.4,7.1,9.7,3.0,2.0,2.0,100.0,0.0,0.0,35.0,37.5,9.2,25.9,,,
headpose-estimation,headpose-rankpose,resnet50,224x224,jetson-xav-agx,tensorrt,NPU/GPU,F16,/,/,8.2,23.8,47.5,4.6,50.2,0.9,55.7,17.9,186918.6,15.2,6.7,9.7,3.0,2.0,2.0,100.0,0.0,1.0,35.0,37.5,9.2,8.0,,,
headpose-estimation,headpose-rankpose,resnet50,224x224,jetson-xav-agx,tensorrt,GPU,F16,/,/,8.2,23.8,47.5,5.0,9.9,1.7,16.6,60.2,627132.3,16.7,7.2,9.7,3.0,2.0,2.0,100.0,0.0,0.0,35.0,37.5,9.2,26.9,,,
headpose-estimation,headpose-rankpose,resnet50,224x224,jetson-xav-agx,tensorrt,GPU,F32,/,/,8.2,23.8,95.1,4.3,18.4,1.0,23.6,42.3,440685.3,16.9,7.3,9.7,3.0,2.0,2.0,100.0,0.0,0.0,35.0,37.5,9.2,18.9,,,
headpose-estimation,headpose-rankpose,resnet50,224x224,jetson-xav-agx,ncnn,GPU,F16,/,/,8.2,23.8,47.5,4.5,30.2,1.1,35.8,28.0,291236.0,11.7,5.7,9.7,3.0,2.0,2.0,100.0,0.0,0.0,35.0,37.5,9.2,12.5,,,
headpose-estimation,headpose-rankpose,resnet50,224x224,jetson-xav-agx,ncnn,GPU,F32,/,/,8.2,23.8,95.1,4.0,29.4,0.4,33.8,29.6,308240.8,11.8,5.7,9.7,3.0,2.0,2.0,100.0,0.0,0.0,35.2,37.5,9.2,13.2,,,
headpose-estimation,headpose-rankpose,resnet50,224x224,jetson-xav-agx,onnxruntime,CPU,F32,/,/,8.2,23.8,95.1,3.9,1136.1,0.2,1140.1,0.9,9138.3,9.9,5.1,9.7,3.0,2.0,2.0,100.0,0.0,0.0,35.0,37.5,9.2,0.4,,,
imagenet,imagenet-alexnet,benchmark,227x227,jetson-xav-agx,lne,CPU,F32,Accuracy top-1,56.6,1.4,61.0,243.9,2.3,86.5,0.1,88.9,11.3,117258.7,7.7,2.4,7.6,2.4,3.9,4.0,68.1,0.0,0.0,40.0,39.0,8.5,0.9,,,
imagenet,imagenet-alexnet,benchmark,227x227,jetson-xav-agx,onnxruntime,CPU,F32,Accuracy top-1,56.6,1.4,61.0,243.9,/,/,/,/,/,/,0.0,0.0,0.0,0.0,0.0,0.0,0.0,0.0,0.0,0.0,0.0,0.0,0.0,,,
imagenet,imagenet-alexnet,benchmark,227x227,jetson-xav-agx,lne,GPU/CPU,F32,Accuracy top-1,56.6,1.4,61.0,243.9,4.7,52.9,0.1,57.6,17.4,180880.4,15.0,6.7,9.7,3.0,2.0,2.0,100.0,0.0,0.0,35.8,37.5,9.2,1.3,,,
imagenet,imagenet-alexnet,benchmark,227x227,jetson-xav-agx,onnxruntime,CPU,F32,Accuracy top-1,56.6,1.4,61.0,243.9,/,/,/,/,/,/,0.0,0.0,0.0,0.0,0.0,0.0,0.0,0.0,0.0,0.0,0.0,0.0,0.0,,,
imagenet,imagenet-efficientb0,default,224x224,jetson-xav-agx,lne,CPU,F32,Accuracy top-1,77.1,0.8,5.3,21.1,2.3,196.1,0.1,198.5,5.0,52484.3,7.3,2.2,7.3,2.3,1.4,2.0,67.3,0.0,0.0,39.6,38.9,7.8,0.3,,,
imagenet,imagenet-efficientb0,default,224x224,jetson-xav-agx,onnxruntime,CPU,F32,Accuracy top-1,77.1,0.8,5.3,21.1,2.3,214.3,0.2,216.8,4.6,48068.2,7.3,2.2,7.3,2.3,1.3,2.0,69.0,0.0,0.0,40.0,39.2,8.3,0.2,,,
imagenet,imagenet-efficientb0,default,224x224,jetson-xav-agx,lne,GPU/CPU,F32,Accuracy top-1,77.1,0.8,5.3,21.1,5.5,212.7,0.1,218.3,4.6,47729.0,13.0,6.1,9.7,3.0,2.0,2.0,100.0,0.0,0.0,36.8,37.5,9.2,0.2,,,
imagenet,imagenet-efficientb0,default,224x224,jetson-xav-agx,tensorrt,NPU/GPU,S8,Accuracy top-1,77.1,0.8,5.3,5.3,5.4,53.9,1.6,60.9,16.4,171147.1,16.2,7.0,9.7,3.0,2.0,2.0,100.0,0.0,2.0,37.5,37.5,9.2,0.7,,,
imagenet,imagenet-efficientb0,default,224x224,jetson-xav-agx,tensorrt,GPU,S8,Accuracy top-1,77.1,0.8,5.3,5.3,/,/,/,/,/,/,0.0,0.0,0.0,0.0,0.0,0.0,0.0,0.0,0.0,0.0,0.0,0.0,0.0,,,
imagenet,imagenet-efficientb0,default,224x224,jetson-xav-agx,tensorrt,NPU/GPU,F16,Accuracy top-1,77.1,0.8,5.3,10.5,/,/,/,/,/,/,0.0,0.0,0.0,0.0,0.0,0.0,0.0,0.0,0.0,0.0,0.0,0.0,0.0,,,
imagenet,imagenet-efficientb0,default,224x224,jetson-xav-agx,tensorrt,GPU,F16,Accuracy top-1,77.1,0.8,5.3,10.5,/,/,/,/,/,/,0.0,0.0,0.0,0.0,0.0,0.0,0.0,0.0,0.0,0.0,0.0,0.0,0.0,,,
imagenet,imagenet-efficientb0,default,224x224,jetson-xav-agx,tensorrt,GPU,F32,Accuracy top-1,77.1,0.8,5.3,21.1,4.9,16.4,1.8,23.0,43.4,452032.7,15.9,7.0,9.7,3.0,2.0,2.0,100.0,0.0,0.0,37.2,37.5,9.2,1.9,,,
imagenet,imagenet-efficientb0,default,224x224,jetson-xav-agx,ncnn,GPU,F16,Accuracy top-1,77.1,0.8,5.3,10.5,5.2,21.0,0.7,26.9,37.2,387776.5,10.2,5.2,9.7,3.0,2.0,2.0,100.0,0.0,0.0,37.0,37.5,9.2,1.6,,,
imagenet,imagenet-efficientb0,default,224x224,jetson-xav-agx,ncnn,GPU,F32,Accuracy top-1,77.1,0.8,5.3,21.1,3.8,20.7,0.9,25.3,39.5,411443.3,10.3,5.2,9.7,3.0,2.0,2.0,100.0,0.0,0.0,37.0,37.5,9.2,1.7,,,
imagenet,imagenet-efficientb0,default,224x224,jetson-xav-agx,onnxruntime,CPU,F32,Accuracy top-1,77.1,0.8,5.3,21.1,4.6,360.8,0.1,365.5,2.7,28506.2,9.8,5.1,9.7,3.0,2.0,2.0,100.0,0.0,0.0,37.0,37.5,9.2,0.1,,,
imagenet,imagenet-googlenet,benchmark,224x224,jetson-xav-agx,lne,CPU,F32,Accuracy top-1,66.5,3.2,7.0,28.0,2.3,132.7,0.1,135.0,7.4,77153.2,7.5,2.3,7.5,2.4,2.0,2.0,68.0,0.0,0.0,40.1,39.3,8.2,1.4,,,
imagenet,imagenet-googlenet,benchmark,224x224,jetson-xav-agx,onnxruntime,CPU,F32,Accuracy top-1,66.5,3.2,7.0,28.0,/,/,/,/,/,/,0.0,0.0,0.0,0.0,0.0,0.0,0.0,0.0,0.0,0.0,0.0,0.0,0.0,,,
imagenet,imagenet-googlenet,benchmark,224x224,jetson-xav-agx,lne,GPU/CPU,F32,Accuracy top-1,66.5,3.2,7.0,28.0,5.5,187.3,0.1,192.9,5.2,54023.5,13.2,6.2,9.7,3.0,2.0,2.0,100.0,0.0,0.0,37.5,37.5,9.2,0.9,,,
imagenet,imagenet-googlenet,benchmark,224x224,jetson-xav-agx,onnxruntime,CPU,F32,Accuracy top-1,66.5,3.2,7.0,28.0,/,/,/,/,/,/,0.0,0.0,0.0,0.0,0.0,0.0,0.0,0.0,0.0,0.0,0.0,0.0,0.0,,,
imagenet,imagenet-mobilenet,default,224x224,jetson-xav-agx,lne,CPU,F32,Accuracy top-1,69.5,1.1,4.2,16.9,2.3,54.3,0.1,56.6,17.7,183949.2,7.0,2.2,7.0,2.2,1.6,2.0,64.7,0.0,0.0,39.8,38.8,8.1,1.2,,,
imagenet,imagenet-mobilenet,default,224x224,jetson-xav-agx,onnxruntime,CPU,F32,Accuracy top-1,69.5,1.1,4.2,16.9,/,/,/,/,/,/,0.0,0.0,0.0,0.0,0.0,0.0,0.0,0.0,0.0,0.0,0.0,0.0,0.0,,,
imagenet,imagenet-mobilenet,default,224x224,jetson-xav-agx,lne,GPU/CPU,F32,Accuracy top-1,69.5,1.1,4.2,16.9,4.7,68.3,0.2,73.2,13.7,142331.0,12.9,6.2,9.7,3.0,2.0,2.0,99.9,0.0,0.0,36.0,37.5,9.2,0.8,,,
imagenet,imagenet-mobilenet,default,224x224,jetson-xav-agx,onnxruntime,CPU,F32,Accuracy top-1,69.5,1.1,4.2,16.9,/,/,/,/,/,/,0.0,0.0,0.0,0.0,0.0,0.0,0.0,0.0,0.0,0.0,0.0,0.0,0.0,,,
imagenet,imagenet-mobilenet-v2,fp32,224x224,jetson-xav-agx,lne,CPU,F32,Accuracy top-1,71.8,0.6,3.5,14.0,2.1,67.7,0.1,69.8,14.3,149282.1,7.0,2.2,7.0,2.2,1.6,2.0,65.3,0.0,0.0,39.8,38.9,8.0,0.5,,,
imagenet,imagenet-mobilenet-v2,fp32,224x224,jetson-xav-agx,onnxruntime,CPU,F32,Accuracy top-1,71.8,0.6,3.5,14.0,1.8,119.2,0.2,121.3,8.2,85929.3,7.0,2.2,7.0,2.2,1.0,1.0,67.9,0.0,0.0,39.9,39.0,8.2,0.3,,,
imagenet,imagenet-mobilenet-v2,fp32,224x224,jetson-xav-agx,lne,GPU/CPU,F32,Accuracy top-1,71.8,0.6,3.5,14.0,3.7,68.7,0.1,72.6,13.8,143573.0,13.5,6.3,9.7,3.0,2.0,2.0,100.0,0.0,0.0,36.0,37.5,9.2,0.5,,,
imagenet,imagenet-mobilenet-v2,fp32,224x224,jetson-xav-agx,tensorrt,NPU/GPU,S8,Accuracy top-1,71.8,0.6,3.5,3.5,4.5,26.9,1.4,32.8,30.5,318095.7,16.5,7.2,9.7,3.0,2.0,2.0,100.0,0.0,1.0,36.2,37.5,9.2,1.0,,,
imagenet,imagenet-mobilenet-v2,fp32,224x224,jetson-xav-agx,tensorrt,GPU,S8,Accuracy top-1,71.8,0.6,3.5,3.5,4.0,12.4,3.6,19.9,50.2,522887.0,15.7,6.9,9.7,3.0,2.0,2.0,100.0,0.0,0.0,36.5,37.5,9.2,1.7,,,
imagenet,imagenet-mobilenet-v2,fp32,224x224,jetson-xav-agx,tensorrt,NPU/GPU,F16,Accuracy top-1,71.8,0.6,3.5,7.0,4.2,36.3,0.9,41.4,24.1,251457.1,14.7,6.6,9.7,3.0,2.0,2.0,99.9,0.0,0.0,36.5,37.5,9.2,0.8,,,
imagenet,imagenet-mobilenet-v2,fp32,224x224,jetson-xav-agx,tensorrt,GPU,F16,Accuracy top-1,71.8,0.6,3.5,7.0,3.8,8.8,2.4,15.1,66.4,691722.9,15.9,7.0,9.7,3.0,2.0,2.0,100.0,0.0,0.0,36.5,37.5,9.2,2.2,,,
imagenet,imagenet-mobilenet-v2,fp32,224x224,jetson-xav-agx,tensorrt,GPU,F32,Accuracy top-1,71.8,0.6,3.5,14.0,3.8,12.5,2.4,18.7,53.5,557283.8,15.9,7.0,9.7,3.0,2.0,2.0,100.0,0.0,0.0,36.5,37.5,9.2,1.8,,,
imagenet,imagenet-mobilenet-v2,fp32,224x224,jetson-xav-agx,ncnn,GPU,F16,Accuracy top-1,71.8,0.6,3.5,7.0,4.1,12.6,0.6,17.4,57.5,599520.1,10.1,5.2,9.7,3.0,2.0,2.0,100.0,0.0,0.0,36.2,37.5,9.2,1.9,,,
imagenet,imagenet-mobilenet-v2,fp32,224x224,jetson-xav-agx,ncnn,GPU,F32,Accuracy top-1,71.8,0.6,3.5,14.0,5.8,11.1,0.9,17.7,56.4,587469.5,10.2,5.2,9.7,3.0,2.0,2.0,100.0,0.0,0.0,36.0,37.5,9.2,1.9,,,
imagenet,imagenet-mobilenet-v2,fp32,224x224,jetson-xav-agx,onnxruntime,CPU,F32,Accuracy top-1,71.8,0.6,3.5,14.0,3.9,209.4,0.5,213.8,4.7,48731.7,9.6,5.0,9.7,3.0,2.0,2.0,100.0,0.0,0.0,36.2,37.5,9.2,0.2,,,
imagenet,imagenet-mobilenetv3,large,223x224,jetson-xav-agx,lne,CPU,F32,Accuracy top-1,75.2,0.4,5.5,21.9,2.1,29.9,0.1,32.0,31.2,325407.1,7.3,2.2,7.2,2.3,1.9,2.0,63.4,0.0,0.0,39.0,38.1,7.9,0.9,,,
imagenet,imagenet-mobilenetv3,large,223x224,jetson-xav-agx,onnxruntime,CPU,F32,Accuracy top-1,75.2,0.4,5.5,21.9,2.1,120.4,0.2,122.7,8.1,84892.2,7.3,2.2,7.2,2.3,1.0,1.0,68.0,0.0,0.0,39.5,38.4,8.2,0.2,,,
imagenet,imagenet-mobilenetv3,large,223x224,jetson-xav-agx,lne,GPU/CPU,F32,Accuracy top-1,75.2,0.4,5.5,21.9,4.7,81.4,0.1,86.2,11.6,120872.3,13.8,6.3,9.7,3.0,2.0,2.0,99.9,0.0,0.0,36.5,37.5,9.2,0.3,,,
imagenet,imagenet-mobilenetv3,large,223x224,jetson-xav-agx,tensorrt,NPU/GPU,S8,Accuracy top-1,75.2,0.4,5.5,5.5,/,/,/,/,/,/,0.0,0.0,0.0,0.0,0.0,0.0,0.0,0.0,0.0,0.0,0.0,0.0,0.0,,,
imagenet,imagenet-mobilenetv3,large,223x224,jetson-xav-agx,tensorrt,GPU,S8,Accuracy top-1,75.2,0.4,5.5,5.5,/,/,/,/,/,/,0.0,0.0,0.0,0.0,0.0,0.0,0.0,0.0,0.0,0.0,0.0,0.0,0.0,,,
imagenet,imagenet-mobilenetv3,large,223x224,jetson-xav-agx,tensorrt,NPU/GPU,F16,Accuracy top-1,75.2,0.4,5.5,10.9,/,/,/,/,/,/,0.0,0.0,0.0,0.0,0.0,0.0,0.0,0.0,0.0,0.0,0.0,0.0,0.0,,,
imagenet,imagenet-mobilenetv3,large,223x224,jetson-xav-agx,tensorrt,GPU,F16,Accuracy top-1,75.2,0.4,5.5,10.9,/,/,/,/,/,/,0.0,0.0,0.0,0.0,0.0,0.0,0.0,0.0,0.0,0.0,0.0,0.0,0.0,,,
imagenet,imagenet-mobilenetv3,large,223x224,jetson-xav-agx,tensorrt,GPU,F32,Accuracy top-1,75.2,0.4,5.5,21.9,4.3,14.2,2.5,21.0,47.6,496214.2,16.1,7.0,9.7,3.0,2.0,2.0,100.0,0.0,0.0,36.5,37.5,9.2,1.1,,,
imagenet,imagenet-mobilenetv3,large,223x224,jetson-xav-agx,ncnn,GPU,F16,Accuracy top-1,75.2,0.4,5.5,10.9,5.0,16.4,0.6,22.0,45.4,473447.2,10.6,5.2,9.7,3.0,2.0,2.0,99.9,0.0,0.0,36.5,37.5,9.2,1.1,,,
imagenet,imagenet-mobilenetv3,large,223x224,jetson-xav-agx,ncnn,GPU,F32,Accuracy top-1,75.2,0.4,5.5,21.9,4.3,15.5,1.2,21.0,47.7,496789.2,10.5,5.2,9.7,3.0,2.0,2.0,100.0,0.0,0.0,36.2,37.5,9.2,1.1,,,
imagenet,imagenet-mobilenetv3,large,223x224,jetson-xav-agx,onnxruntime,CPU,F32,Accuracy top-1,75.2,0.4,5.5,21.9,3.4,204.9,0.2,208.5,4.8,49964.5,9.9,5.0,9.7,3.0,2.0,2.0,100.0,0.0,0.0,36.5,37.5,9.2,0.1,,,
imagenet,imagenet-mobilenetv3,small,223x224,jetson-xav-agx,lne,CPU,F32,Accuracy top-1,67.4,0.1,2.9,11.8,2.1,9.4,0.1,11.5,86.9,905026.5,7.1,2.2,7.1,2.2,1.4,2.0,61.9,0.0,0.0,39.2,38.5,7.7,0.7,,,
imagenet,imagenet-mobilenetv3,small,223x224,jetson-xav-agx,onnxruntime,CPU,F32,Accuracy top-1,67.4,0.1,2.9,11.8,2.0,59.1,0.1,61.1,16.4,170512.9,7.1,2.2,7.1,2.2,1.1,2.0,66.2,0.0,0.0,39.6,38.7,8.1,0.1,,,
imagenet,imagenet-mobilenetv3,small,223x224,jetson-xav-agx,lne,GPU/CPU,F32,Accuracy top-1,67.4,0.1,2.9,11.8,5.5,31.4,0.1,37.0,27.0,281552.0,13.0,6.2,9.7,3.0,2.0,2.0,100.0,0.0,0.0,36.5,37.5,9.2,0.2,,,
imagenet,imagenet-mobilenetv3,small,223x224,jetson-xav-agx,tensorrt,NPU/GPU,S8,Accuracy top-1,67.4,0.1,2.9,2.9,4.3,35.4,1.3,41.1,24.4,253744.7,16.1,7.0,9.7,3.0,2.0,2.0,99.9,0.0,0.0,36.8,37.5,9.2,0.2,,,
imagenet,imagenet-mobilenetv3,small,223x224,jetson-xav-agx,tensorrt,GPU,S8,Accuracy top-1,67.4,0.1,2.9,2.9,/,/,/,/,/,/,0.0,0.0,0.0,0.0,0.0,0.0,0.0,0.0,0.0,0.0,0.0,0.0,0.0,,,
imagenet,imagenet-mobilenetv3,small,223x224,jetson-xav-agx,tensorrt,NPU/GPU,F16,Accuracy top-1,67.4,0.1,2.9,5.9,/,/,/,/,/,/,0.0,0.0,0.0,0.0,0.0,0.0,0.0,0.0,0.0,0.0,0.0,0.0,0.0,,,
imagenet,imagenet-mobilenetv3,small,223x224,jetson-xav-agx,tensorrt,GPU,F16,Accuracy top-1,67.4,0.1,2.9,5.9,/,/,/,/,/,/,0.0,0.0,0.0,0.0,0.0,0.0,0.0,0.0,0.0,0.0,0.0,0.0,0.0,,,
imagenet,imagenet-mobilenetv3,small,223x224,jetson-xav-agx,tensorrt,GPU,F32,Accuracy top-1,67.4,0.1,2.9,11.8,3.5,11.8,2.9,18.2,55.1,573948.1,15.9,6.9,9.7,3.0,2.0,2.0,100.0,0.0,0.0,36.5,37.5,9.2,0.3,,,
imagenet,imagenet-mobilenetv3,small,223x224,jetson-xav-agx,ncnn,GPU,F16,Accuracy top-1,67.4,0.1,2.9,5.9,3.8,12.1,0.6,16.5,60.6,631014.4,10.3,5.2,9.7,3.0,2.0,2.0,100.0,0.0,0.0,36.2,37.5,9.2,0.4,,,
imagenet,imagenet-mobilenetv3,small,223x224,jetson-xav-agx,ncnn,GPU,F32,Accuracy top-1,67.4,0.1,2.9,11.8,3.8,14.3,0.7,18.8,53.3,555639.4,10.3,5.2,9.7,3.0,2.0,2.0,99.9,0.0,0.0,36.2,37.5,9.2,0.3,,,
imagenet,imagenet-mobilenetv3,small,223x224,jetson-xav-agx,onnxruntime,CPU,F32,Accuracy top-1,67.4,0.1,2.9,11.8,4.4,109.1,0.3,113.7,8.8,91622.2,9.8,5.0,9.7,3.0,2.0,2.0,100.0,0.0,0.0,36.0,37.5,9.2,0.1,,,
imagenet,imagenet-resnet-resnet18,benchmark,224x224,jetson-xav-agx,lne,CPU,F32,Accuracy top-1,69.6,3.7,11.7,46.8,2.4,87.8,0.1,90.2,11.1,115497.2,7.9,2.4,7.8,2.5,3.3,4.0,67.9,0.0,0.0,40.1,39.2,8.5,2.4,,,
imagenet,imagenet-resnet-resnet18,benchmark,224x224,jetson-xav-agx,onnxruntime,CPU,F32,Accuracy top-1,69.6,3.7,11.7,46.8,/,/,/,/,/,/,0.0,0.0,0.0,0.0,0.0,0.0,0.0,0.0,0.0,0.0,0.0,0.0,0.0,,,
imagenet,imagenet-resnet-resnet18,benchmark,224x224,jetson-xav-agx,lne,GPU/CPU,F32,Accuracy top-1,69.6,3.7,11.7,46.8,5.1,142.5,0.3,147.8,6.8,70474.6,14.3,6.5,9.7,3.0,2.0,2.0,99.9,0.0,0.0,37.5,37.5,9.2,1.3,,,
imagenet,imagenet-resnet-resnet18,benchmark,224x224,jetson-xav-agx,onnxruntime,CPU,F32,Accuracy top-1,69.6,3.7,11.7,46.8,/,/,/,/,/,/,0.0,0.0,0.0,0.0,0.0,0.0,0.0,0.0,0.0,0.0,0.0,0.0,0.0,,,
imagenet,imagenet-resnet-resnet32,caffe,224x224,jetson-xav-agx,lne,CPU,F32,Accuracy top-1,73.3,4.6,20.7,82.9,2.4,169.5,0.1,171.9,5.8,60600.6,7.7,2.3,7.7,2.4,3.8,4.0,69.1,0.0,0.0,40.5,39.4,8.7,1.5,,,
imagenet,imagenet-resnet-resnet32,caffe,224x224,jetson-xav-agx,onnxruntime,CPU,F32,Accuracy top-1,73.3,4.6,20.7,82.9,/,/,/,/,/,/,0.0,0.0,0.0,0.0,0.0,0.0,0.0,0.0,0.0,0.0,0.0,0.0,0.0,,,
imagenet,imagenet-resnet-resnet32,caffe,224x224,jetson-xav-agx,lne,GPU/CPU,F32,Accuracy top-1,73.3,4.6,20.7,82.9,5.0,129.9,0.1,135.0,7.4,77165.7,13.6,6.4,9.7,3.0,2.0,2.0,100.0,0.0,0.0,38.0,37.5,9.2,1.9,,,
imagenet,imagenet-resnet-resnet32,caffe,224x224,jetson-xav-agx,onnxruntime,CPU,F32,Accuracy top-1,73.3,4.6,20.7,82.9,/,/,/,/,/,/,0.0,0.0,0.0,0.0,0.0,0.0,0.0,0.0,0.0,0.0,0.0,0.0,0.0,,,
imagenet,imagenet-resnet-resnet50,onnx,224x224,jetson-xav-agx,lne,CPU,F32,Accuracy top-1,76.0,7.7,25.5,102.1,2.3,256.0,0.1,258.4,3.9,40325.7,8.4,2.5,8.4,2.6,3.0,3.0,69.5,0.0,0.0,40.7,39.8,8.7,1.7,,,
imagenet,imagenet-resnet-resnet50,onnx,224x224,jetson-xav-agx,onnxruntime,CPU,F32,Accuracy top-1,76.0,7.7,25.5,102.1,2.3,709.3,0.1,711.6,1.4,14641.1,8.3,2.5,8.2,2.6,1.0,2.0,69.2,0.0,0.0,41.2,40.3,8.3,0.7,,,
imagenet,imagenet-resnet-resnet50,onnx,224x224,jetson-xav-agx,lne,GPU/CPU,F32,Accuracy top-1,76.0,7.7,25.5,102.1,5.2,364.5,0.1,369.8,2.7,28172.7,14.6,6.7,9.7,3.0,2.0,2.0,100.0,0.0,0.0,38.5,37.5,9.2,1.1,,,
imagenet,imagenet-resnet-resnet50,onnx,224x224,jetson-xav-agx,tensorrt,NPU/GPU,S8,Accuracy top-1,76.0,7.7,25.5,25.5,4.0,34.0,1.3,39.3,25.4,264863.2,16.8,7.3,9.7,3.0,2.0,2.0,100.0,0.0,1.0,39.0,37.5,9.2,10.7,,,
imagenet,imagenet-resnet-resnet50,onnx,224x224,jetson-xav-agx,tensorrt,GPU,S8,Accuracy top-1,76.0,7.7,25.5,25.5,5.0,9.9,2.1,17.0,58.8,612264.0,16.4,7.2,9.7,3.0,2.0,2.0,100.0,0.0,0.0,39.0,37.5,9.2,24.8,,,
imagenet,imagenet-resnet-resnet50,onnx,224x224,jetson-xav-agx,tensorrt,NPU/GPU,F16,Accuracy top-1,76.0,7.7,25.5,51.1,3.9,47.6,1.0,52.4,19.1,198738.1,15.2,6.8,9.7,3.0,2.0,2.0,100.0,0.0,2.0,39.0,37.5,9.2,8.0,,,
imagenet,imagenet-resnet-resnet50,onnx,224x224,jetson-xav-agx,tensorrt,GPU,F16,Accuracy top-1,76.0,7.7,25.5,51.1,3.9,9.2,1.9,15.0,66.5,692850.8,16.6,7.2,9.7,3.0,2.0,2.0,100.0,0.0,0.0,39.0,37.5,9.2,28.0,,,
imagenet,imagenet-resnet-resnet50,onnx,224x224,jetson-xav-agx,tensorrt,GPU,F32,Accuracy top-1,76.0,7.7,25.5,102.1,3.8,17.6,1.2,22.5,44.4,462322.4,16.9,7.3,9.7,3.0,2.0,2.0,100.0,0.0,0.0,39.0,37.5,9.2,18.7,,,
imagenet,imagenet-resnet-resnet50,onnx,224x224,jetson-xav-agx,ncnn,GPU,F16,Accuracy top-1,76.0,7.7,25.5,51.1,3.6,26.4,1.0,31.0,32.2,335848.6,11.4,5.6,9.7,3.0,2.0,2.0,100.0,0.0,0.0,39.0,37.5,9.2,13.6,,,
imagenet,imagenet-resnet-resnet50,onnx,224x224,jetson-xav-agx,ncnn,GPU,F32,Accuracy top-1,76.0,7.7,25.5,102.1,4.3,26.9,0.8,31.9,31.3,326410.4,11.6,5.6,9.7,3.0,2.0,2.0,100.0,0.0,0.0,39.0,37.5,9.2,13.2,,,
imagenet,imagenet-resnet-resnet50,onnx,224x224,jetson-xav-agx,onnxruntime,CPU,F32,Accuracy top-1,76.0,7.7,25.5,102.1,4.7,1041.0,0.1,1045.8,1.0,9962.9,10.7,5.3,9.7,3.0,2.0,2.0,100.0,0.0,0.0,38.5,37.5,9.2,0.4,,,
imagenet,imagenet-squeezenet,benchmark,227x227,jetson-xav-agx,lne,CPU,F32,Accuracy top-1,58.2,0.8,1.2,4.9,2.4,28.6,0.1,31.1,32.2,335369.9,6.9,2.2,6.9,2.2,1.9,2.0,64.1,0.0,0.0,39.7,38.8,7.8,1.6,,,
imagenet,imagenet-squeezenet,benchmark,227x227,jetson-xav-agx,onnxruntime,CPU,F32,Accuracy top-1,58.2,0.8,1.2,4.9,/,/,/,/,/,/,0.0,0.0,0.0,0.0,0.0,0.0,0.0,0.0,0.0,0.0,0.0,0.0,0.0,,,
imagenet,imagenet-squeezenet,benchmark,227x227,jetson-xav-agx,lne,GPU/CPU,F32,Accuracy top-1,58.2,0.8,1.2,4.9,5.4,81.4,0.1,86.9,11.5,119962.7,13.6,6.3,9.7,3.0,2.0,2.0,100.0,0.0,0.0,36.0,37.5,9.2,0.5,,,
imagenet,imagenet-squeezenet,benchmark,227x227,jetson-xav-agx,onnxruntime,CPU,F32,Accuracy top-1,58.2,0.8,1.2,4.9,/,/,/,/,/,/,0.0,0.0,0.0,0.0,0.0,0.0,0.0,0.0,0.0,0.0,0.0,0.0,0.0,,,
3D-face-landmarks,face-landmarks-detection-3ddfa,default,120x120,x86-64-nuc,lne,CPU,F32,/,/,0.4,3.3,13.0,0.5,15.7,0.1,16.3,61.5,12259583.5,10.2,0.5,0.0,0.0,0.0,0.0,37.5,0.0,0.0,-263.2,0.0,0.0,0.0,,,
3D-face-landmarks,face-landmarks-detection-3ddfa,default,120x120,x86-64-nuc,onnxruntime,CPU,F32,/,/,0.4,3.3,13.0,0.6,12.3,0.1,13.0,76.7,15299888.9,10.4,0.5,0.0,0.0,0.0,0.0,47.9,0.0,0.0,-263.2,0.0,0.0,0.0,,,
bodypose-estimation,body-pose-openpifpaf,regnety400mf-59p,128x96,x86-64-nuc,lne,CPU,F32,/,/,0.2,4.7,19.0,0.9,18.0,3.1,22.0,45.4,9065653.9,10.0,0.5,0.0,0.0,0.0,0.0,38.6,0.0,0.0,-263.2,0.0,0.0,0.0,,,
bodypose-estimation,body-pose-openpifpaf,regnety400mf-59p,128x96,x86-64-nuc,onnxruntime,CPU,F32,/,/,0.2,4.7,19.0,0.7,10.7,0.9,12.4,80.9,16134211.1,11.5,0.6,0.0,0.0,0.0,0.0,46.6,0.0,0.0,-263.2,0.0,0.0,0.0,,,
bodypose-estimation,body-pose-openpifpaf,regnety400mf-59p,192x144,x86-64-nuc,lne,CPU,F32,/,/,0.5,4.7,19.0,2.8,38.8,4.6,46.2,21.6,4317483.3,10.4,0.5,0.0,0.0,0.0,0.0,42.0,0.0,0.0,-263.2,0.0,0.0,0.0,,,
bodypose-estimation,body-pose-openpifpaf,regnety400mf-59p,192x144,x86-64-nuc,onnxruntime,CPU,F32,/,/,0.5,4.7,19.0,2.9,24.8,22.8,50.4,19.8,3958883.3,11.4,0.6,0.0,0.0,0.0,0.0,51.5,0.0,0.0,-263.2,0.0,0.0,0.0,,,
bodypose-estimation,body-pose-openpifpaf,regnety400mf-59p,256x192,x86-64-nuc,lne,CPU,F32,/,/,0.9,4.7,19.0,2.0,35.9,6.6,44.5,22.5,4487711.2,11.7,0.7,0.0,0.0,0.0,0.0,41.6,0.0,0.0,-263.2,0.0,0.0,0.0,,,
bodypose-estimation,body-pose-openpifpaf,regnety400mf-59p,256x192,x86-64-nuc,onnxruntime,CPU,F32,/,/,0.9,4.7,19.0,2.5,34.5,31.4,68.4,14.6,2914693.9,10.7,0.6,0.0,0.0,0.0,0.0,50.5,0.0,0.0,-263.2,0.0,0.0,0.0,,,
bodypose-estimation,body-pose-openpifpaf,regnety400mf-86p,128x96,x86-64-nuc,lne,CPU,F32,/,/,0.2,4.7,19.0,0.6,12.0,3.6,16.2,61.8,12324844.3,10.9,0.6,0.0,0.0,0.0,0.0,36.7,0.0,0.0,-263.2,0.0,0.0,0.0,,,
bodypose-estimation,body-pose-openpifpaf,regnety400mf-86p,128x96,x86-64-nuc,onnxruntime,CPU,F32,/,/,0.2,4.7,19.0,0.6,10.0,1.7,12.2,81.7,16299152.4,11.4,0.6,0.0,0.0,0.0,0.0,47.9,0.0,0.0,-263.2,0.0,0.0,0.0,,,
bodypose-estimation,body-pose-openpifpaf,regnety400mf-86p,192x144,x86-64-nuc,lne,CPU,F32,/,/,0.5,4.7,19.0,1.6,22.9,6.1,30.5,32.7,6531606.7,11.6,0.6,0.0,0.0,0.0,0.0,39.4,0.0,0.0,-263.2,0.0,0.0,0.0,,,
bodypose-estimation,body-pose-openpifpaf,regnety400mf-86p,192x144,x86-64-nuc,onnxruntime,CPU,F32,/,/,0.5,4.7,19.0,1.7,13.9,24.1,39.7,25.2,5019715.5,11.3,0.6,0.0,0.0,0.0,0.0,49.2,0.0,0.0,-263.2,0.0,0.0,0.0,,,
bodypose-estimation,body-pose-openpifpaf,regnety400mf-86p,256x192,x86-64-nuc,lne,CPU,F32,/,/,0.9,4.7,19.0,2.2,40.3,11.2,53.7,18.6,3715292.9,11.6,0.7,0.0,0.0,0.0,0.0,42.1,0.0,0.0,-263.2,0.0,0.0,0.0,,,
bodypose-estimation,body-pose-openpifpaf,regnety400mf-86p,256x192,x86-64-nuc,onnxruntime,CPU,F32,/,/,0.9,4.7,19.0,2.9,41.4,55.4,99.7,10.0,2001125.7,11.3,0.6,0.0,0.0,0.0,0.0,50.0,0.0,0.0,-263.2,0.0,0.0,0.0,,,
bodypose-estimation,body-pose-openpifpaf,regnety400mf-hands,128x96,x86-64-nuc,lne,CPU,F32,/,/,0.2,4.7,19.0,1.1,19.7,2.5,23.3,42.9,8562617.0,11.1,0.6,0.0,0.0,0.0,0.0,39.0,0.0,0.0,-263.2,0.0,0.0,0.0,,,
bodypose-estimation,body-pose-openpifpaf,regnety400mf-hands,128x96,x86-64-nuc,onnxruntime,CPU,F32,/,/,0.2,4.7,19.0,1.0,12.4,0.9,14.3,69.7,13909118.9,10.9,0.6,0.0,0.0,0.0,0.0,47.9,0.0,0.0,-263.2,0.0,0.0,0.0,,,
bodypose-estimation,body-pose-openpifpaf,regnety400mf-hands,192x144,x86-64-nuc,lne,CPU,F32,/,/,0.5,4.7,19.0,1.6,22.6,6.4,30.6,32.7,6519622.6,10.7,0.6,0.0,0.0,0.0,0.0,39.4,0.0,0.0,-263.2,0.0,0.0,0.0,,,
bodypose-estimation,body-pose-openpifpaf,regnety400mf-hands,192x144,x86-64-nuc,onnxruntime,CPU,F32,/,/,0.5,4.7,19.0,1.6,13.7,15.0,30.4,32.9,6569786.6,11.1,0.6,0.0,0.0,0.0,0.0,48.7,0.0,0.0,-263.2,0.0,0.0,0.0,,,
bodypose-estimation,body-pose-openpifpaf,regnety400mf-hands,256x192,x86-64-nuc,lne,CPU,F32,/,/,0.9,4.7,19.0,3.7,60.6,13.1,77.4,12.9,2578539.2,11.1,0.6,0.0,0.0,0.0,0.0,44.1,0.0,0.0,-263.2,0.0,0.0,0.0,,,
bodypose-estimation,body-pose-openpifpaf,regnety400mf-hands,256x192,x86-64-nuc,onnxruntime,CPU,F32,/,/,0.9,4.7,19.0,2.1,28.0,21.9,52.0,19.2,3836818.9,11.4,0.6,0.0,0.0,0.0,0.0,50.9,0.0,0.0,-263.2,0.0,0.0,0.0,,,
bodypose-estimation,body-pose-openpifpaf,regnety400mf-wholebody,128x96,x86-64-nuc,lne,CPU,F32,/,/,0.2,4.7,19.0,0.6,11.7,5.0,17.3,57.8,11524389.9,11.2,0.6,0.0,0.0,0.0,0.0,37.2,0.0,0.0,-263.2,0.0,0.0,0.0,,,
bodypose-estimation,body-pose-openpifpaf,regnety400mf-wholebody,128x96,x86-64-nuc,onnxruntime,CPU,F32,/,/,0.2,4.7,19.0,0.7,10.2,8.7,19.6,51.1,10203622.3,11.8,0.7,0.0,0.0,0.0,0.0,47.4,0.0,0.0,-263.2,0.0,0.0,0.0,,,
bodypose-estimation,body-pose-openpifpaf,regnety400mf-wholebody,192x144,x86-64-nuc,lne,CPU,F32,/,/,0.5,4.7,19.0,1.6,22.7,11.5,35.8,27.9,5567030.0,11.1,0.6,0.0,0.0,0.0,0.0,40.6,0.0,0.0,-263.2,0.0,0.0,0.0,,,
bodypose-estimation,body-pose-openpifpaf,regnety400mf-wholebody,192x144,x86-64-nuc,onnxruntime,CPU,F32,/,/,0.5,4.7,19.0,2.9,35.6,56.2,94.7,10.6,2105948.7,10.6,0.6,0.0,0.0,0.0,0.0,50.4,0.0,0.0,-263.2,0.0,0.0,0.0,,,
bodypose-estimation,body-pose-openpifpaf,regnety400mf-wholebody,256x192,x86-64-nuc,lne,CPU,F32,/,/,0.9,4.7,19.0,2.9,52.7,24.9,80.5,12.4,2479415.6,11.4,0.6,0.0,0.0,0.0,0.0,44.2,0.0,0.0,-263.2,0.0,0.0,0.0,,,
bodypose-estimation,body-pose-openpifpaf,regnety400mf-wholebody,256x192,x86-64-nuc,onnxruntime,CPU,F32,/,/,0.9,4.7,19.0,2.0,37.1,74.6,113.8,8.8,1752487.9,12.0,0.7,0.0,0.0,0.0,0.0,48.4,0.0,0.0,-263.2,0.0,0.0,0.0,,,
bodypose-estimation,body-pose-openpifpaf,regnety800mf-59p,128x96,x86-64-nuc,lne,CPU,F32,/,/,0.4,7.2,28.6,0.8,22.4,2.8,26.0,38.5,7676025.1,10.7,0.6,0.0,0.0,0.0,0.0,39.0,0.0,0.0,-263.2,0.0,0.0,0.0,,,
bodypose-estimation,body-pose-openpifpaf,regnety800mf-59p,128x96,x86-64-nuc,onnxruntime,CPU,F32,/,/,0.4,7.2,28.6,0.6,13.2,1.3,15.1,66.3,13222661.2,11.9,0.7,0.0,0.0,0.0,0.0,47.2,0.0,0.0,-263.2,0.0,0.0,0.0,,,
bodypose-estimation,body-pose-openpifpaf,regnety800mf-59p,192x144,x86-64-nuc,lne,CPU,F32,/,/,1.0,7.2,28.6,1.6,34.7,3.7,40.1,25.0,4977293.6,11.6,0.6,0.0,0.0,0.0,0.0,40.9,0.0,0.0,-263.2,0.0,0.0,0.0,,,
bodypose-estimation,body-pose-openpifpaf,regnety800mf-59p,192x144,x86-64-nuc,onnxruntime,CPU,F32,/,/,1.0,7.2,28.6,2.2,36.9,19.7,58.8,17.0,3392216.1,10.7,0.6,0.0,0.0,0.0,0.0,51.0,0.0,0.0,-263.2,0.0,0.0,0.0,,,
bodypose-estimation,body-pose-openpifpaf,regnety800mf-59p,256x192,x86-64-nuc,lne,CPU,F32,/,/,1.8,7.2,28.6,3.4,97.8,8.4,109.5,9.1,1821320.3,11.8,0.7,0.0,0.0,0.0,0.0,45.5,0.0,0.0,-263.2,0.0,0.0,0.0,,,
bodypose-estimation,body-pose-openpifpaf,regnety800mf-59p,256x192,x86-64-nuc,onnxruntime,CPU,F32,/,/,1.8,7.2,28.6,2.2,49.2,32.5,84.0,11.9,2376166.5,11.0,0.6,0.0,0.0,0.0,0.0,50.5,0.0,0.0,-263.2,0.0,0.0,0.0,,,
bodypose-estimation,body-pose-openpifpaf,regnety800mf-86p,128x96,x86-64-nuc,lne,CPU,F32,/,/,0.4,7.2,28.6,0.6,17.7,1.6,19.9,50.3,10028781.5,11.2,0.6,0.0,0.0,0.0,0.0,38.0,0.0,0.0,-263.2,0.0,0.0,0.0,,,
bodypose-estimation,body-pose-openpifpaf,regnety800mf-86p,128x96,x86-64-nuc,onnxruntime,CPU,F32,/,/,0.4,7.2,28.6,1.0,20.9,3.2,25.1,39.8,7948261.9,11.9,0.7,0.0,0.0,0.0,0.0,51.1,0.0,0.0,-263.2,0.0,0.0,0.0,,,
bodypose-estimation,body-pose-openpifpaf,regnety800mf-86p,192x144,x86-64-nuc,lne,CPU,F32,/,/,1.0,7.2,28.6,1.7,37.0,6.2,44.9,22.3,4441697.8,10.7,0.6,0.0,0.0,0.0,0.0,41.5,0.0,0.0,-263.2,0.0,0.0,0.0,,,
bodypose-estimation,body-pose-openpifpaf,regnety800mf-86p,192x144,x86-64-nuc,onnxruntime,CPU,F32,/,/,1.0,7.2,28.6,2.1,34.5,27.4,64.0,15.6,3119154.1,10.9,0.6,0.0,0.0,0.0,0.0,51.0,0.0,0.0,-263.2,0.0,0.0,0.0,,,
bodypose-estimation,body-pose-openpifpaf,regnety800mf-86p,256x192,x86-64-nuc,lne,CPU,F32,/,/,1.8,7.2,28.6,2.0,58.8,11.1,71.9,13.9,2775807.3,11.5,0.6,0.0,0.0,0.0,0.0,44.0,0.0,0.0,-263.2,0.0,0.0,0.0,,,
bodypose-estimation,body-pose-openpifpaf,regnety800mf-86p,256x192,x86-64-nuc,onnxruntime,CPU,F32,/,/,1.8,7.2,28.6,2.5,57.1,45.7,105.4,9.5,1892256.8,10.9,0.6,0.0,0.0,0.0,0.0,50.4,0.0,0.0,-263.2,0.0,0.0,0.0,,,
bodypose-estimation,body-pose-openpifpaf,regnety800mf-hands,128x96,x86-64-nuc,lne,CPU,F32,/,/,0.4,7.2,28.6,1.1,29.5,2.5,33.0,30.3,6036762.6,10.0,0.5,0.0,0.0,0.0,0.0,40.6,0.0,0.0,-263.2,0.0,0.0,0.0,,,
bodypose-estimation,body-pose-openpifpaf,regnety800mf-hands,128x96,x86-64-nuc,onnxruntime,CPU,F32,/,/,0.4,7.2,28.6,0.7,14.9,1.3,17.0,58.9,11755183.9,10.8,0.6,0.0,0.0,0.0,0.0,48.8,0.0,0.0,-263.2,0.0,0.0,0.0,,,
bodypose-estimation,body-pose-openpifpaf,regnety800mf-hands,192x144,x86-64-nuc,lne,CPU,F32,/,/,1.0,7.2,28.6,2.8,59.8,3.1,65.8,15.2,3033065.6,11.1,0.6,0.0,0.0,0.0,0.0,43.3,0.0,0.0,-263.2,0.0,0.0,0.0,,,
bodypose-estimation,body-pose-openpifpaf,regnety800mf-hands,192x144,x86-64-nuc,onnxruntime,CPU,F32,/,/,1.0,7.2,28.6,1.6,26.6,6.3,34.5,29.0,5780145.0,11.5,0.6,0.0,0.0,0.0,0.0,51.7,0.0,0.0,-263.2,0.0,0.0,0.0,,,
bodypose-estimation,body-pose-openpifpaf,regnety800mf-hands,256x192,x86-64-nuc,lne,CPU,F32,/,/,1.8,7.2,28.6,3.3,97.1,11.5,111.9,8.9,1782472.8,11.0,0.6,0.0,0.0,0.0,0.0,45.6,0.0,0.0,-263.2,0.0,0.0,0.0,,,
bodypose-estimation,body-pose-openpifpaf,regnety800mf-hands,256x192,x86-64-nuc,onnxruntime,CPU,F32,/,/,1.8,7.2,28.6,2.0,47.9,6.6,56.6,17.7,3527445.2,11.4,0.6,0.0,0.0,0.0,0.0,51.9,0.0,0.0,-263.2,0.0,0.0,0.0,,,
bodypose-estimation,body-pose-openpifpaf,regnety800mf-wholebody,128x96,x86-64-nuc,lne,CPU,F32,/,/,0.4,7.2,28.6,0.9,26.7,4.2,31.9,31.4,6258953.8,10.3,0.5,0.0,0.0,0.0,0.0,39.8,0.0,0.0,-263.2,0.0,0.0,0.0,,,
bodypose-estimation,body-pose-openpifpaf,regnety800mf-wholebody,128x96,x86-64-nuc,onnxruntime,CPU,F32,/,/,0.4,7.2,28.6,0.6,11.5,16.6,28.7,34.8,6946241.1,11.2,0.6,0.0,0.0,0.0,0.0,48.2,0.0,0.0,-263.2,0.0,0.0,0.0,,,
bodypose-estimation,body-pose-openpifpaf,regnety800mf-wholebody,192x144,x86-64-nuc,lne,CPU,F32,/,/,1.0,7.2,28.6,1.6,34.4,11.1,47.1,21.2,4236288.4,11.1,0.6,0.0,0.0,0.0,0.0,42.0,0.0,0.0,-263.2,0.0,0.0,0.0,,,
bodypose-estimation,body-pose-openpifpaf,regnety800mf-wholebody,192x144,x86-64-nuc,onnxruntime,CPU,F32,/,/,1.0,7.2,28.6,2.6,43.3,60.8,106.7,9.4,1868854.6,12.1,0.7,0.0,0.0,0.0,0.0,49.6,0.0,0.0,-263.2,0.0,0.0,0.0,,,
bodypose-estimation,body-pose-openpifpaf,regnety800mf-wholebody,256x192,x86-64-nuc,lne,CPU,F32,/,/,1.8,7.2,28.6,2.0,55.5,20.2,77.6,12.9,2569363.9,12.6,0.7,0.0,0.0,0.0,0.0,44.3,0.0,0.0,-263.2,0.0,0.0,0.0,,,
bodypose-estimation,body-pose-openpifpaf,regnety800mf-wholebody,256x192,x86-64-nuc,onnxruntime,CPU,F32,/,/,1.8,7.2,28.6,2.3,48.5,81.4,132.3,7.6,1508342.7,11.7,0.7,0.0,0.0,0.0,0.0,48.0,0.0,0.0,-263.2,0.0,0.0,0.0,,,
bodypose-estimation,body-pose-openpifpaf,resnet50-012-13,160x120,x86-64-nuc,lne,CPU,F32,/,/,13.0,27.4,109.7,0.6,231.3,2.2,234.1,4.3,852107.5,11.6,0.7,0.0,0.0,0.0,0.0,48.8,0.0,0.0,-263.2,0.0,0.0,0.0,,,
bodypose-estimation,body-pose-openpifpaf,resnet50-012-13,160x120,x86-64-nuc,onnxruntime,CPU,F32,/,/,13.0,27.4,109.7,0.6,306.7,2.4,309.7,3.2,644108.1,12.9,0.8,0.0,0.0,0.0,0.0,51.9,0.0,0.0,-263.2,0.0,0.0,0.0,,,
bodypose-estimation,body-pose-openpifpaf,resnet50-012-13,240x180,x86-64-nuc,lne,CPU,F32,/,/,28.9,25.6,102.3,1.4,806.8,7.2,815.4,1.2,244655.5,12.1,0.7,0.0,0.0,0.0,0.0,50.5,0.0,0.0,-263.2,0.0,0.0,0.0,,,
bodypose-estimation,body-pose-openpifpaf,resnet50-012-13,240x180,x86-64-nuc,onnxruntime,CPU,F32,/,/,28.9,25.6,102.3,0.7,531.4,6.0,538.1,1.9,370726.9,13.4,0.8,0.0,0.0,0.0,0.0,51.9,0.0,0.0,-263.2,0.0,0.0,0.0,,,
bodypose-estimation,body-pose-openpifpaf,resnet50-012-13,320x180,x86-64-nuc,lne,CPU,F32,/,/,38.6,25.6,102.3,0.8,615.6,6.2,622.6,1.6,320420.0,12.6,0.7,0.0,0.0,0.0,0.0,50.6,0.0,0.0,-263.2,0.0,0.0,0.0,,,
bodypose-estimation,body-pose-openpifpaf,resnet50-012-13,320x180,x86-64-nuc,onnxruntime,CPU,F32,/,/,38.6,25.6,102.3,0.9,721.5,6.1,728.5,1.4,273818.0,12.5,0.7,0.0,0.0,0.0,0.0,52.0,0.0,0.0,-263.2,0.0,0.0,0.0,,,
bodypose-estimation,body-pose-openpifpaf,resnet50-012-13,320x240,x86-64-nuc,lne,CPU,F32,/,/,51.5,27.4,109.7,1.5,988.0,9.7,999.1,1.0,199656.9,13.9,0.8,0.0,0.0,0.0,0.0,50.9,0.0,0.0,-263.2,0.0,0.0,0.0,,,
bodypose-estimation,body-pose-openpifpaf,resnet50-012-13,320x240,x86-64-nuc,onnxruntime,CPU,F32,/,/,51.5,27.4,109.7,1.1,930.2,14.7,946.1,1.1,210860.0,14.3,0.9,0.0,0.0,0.0,0.0,51.8,0.0,0.0,-263.2,0.0,0.0,0.0,,,
bodypose-estimation,body-pose-openpifpaf,resnet50-012-13,640x480,x86-64-nuc,lne,CPU,F32,/,/,205.8,27.5,109.9,4.9,3431.3,35.3,3471.6,0.3,57462.4,21.5,1.4,0.0,0.0,0.0,0.0,51.7,0.0,0.0,-263.2,0.0,0.0,0.0,,,
bodypose-estimation,body-pose-openpifpaf,resnet50-012-13,640x480,x86-64-nuc,onnxruntime,CPU,F32,/,/,205.8,27.5,109.9,3.3,3220.8,26.1,3250.2,0.3,61375.6,16.3,1.0,0.0,0.0,0.0,0.0,51.8,0.0,0.0,-263.2,0.0,0.0,0.0,,,
bodypose-estimation,body-pose-openpifpaf,resnet50-012,161x129,x86-64-nuc,lne,CPU,F32,/,/,14.9,25.6,102.3,0.7,345.1,5.8,351.6,2.8,567376.0,12.4,0.7,0.0,0.0,0.0,0.0,49.4,0.0,0.0,-263.2,0.0,0.0,0.0,,,
bodypose-estimation,body-pose-openpifpaf,resnet50-012,161x129,x86-64-nuc,onnxruntime,CPU,F32,/,/,14.9,25.6,102.3,0.7,361.8,3.7,366.2,2.7,544677.7,13.8,0.8,0.0,0.0,0.0,0.0,51.8,0.0,0.0,-263.2,0.0,0.0,0.0,,,
bodypose-estimation,body-pose-openpifpaf,resnet50-012,321x241,x86-64-nuc,lne,CPU,F32,/,/,53.1,25.6,102.3,0.8,826.0,13.7,840.5,1.2,237340.9,14.1,0.9,0.0,0.0,0.0,0.0,50.9,0.0,0.0,-263.2,0.0,0.0,0.0,,,
bodypose-estimation,body-pose-openpifpaf,resnet50-012,321x241,x86-64-nuc,onnxruntime,CPU,F32,/,/,53.1,25.6,102.3,1.2,941.1,37.1,979.4,1.0,203684.2,14.8,0.9,0.0,0.0,0.0,0.0,51.7,0.0,0.0,-263.2,0.0,0.0,0.0,,,
bodypose-estimation,body-pose-openpifpaf,resnet50-012,321x321,x86-64-nuc,lne,CPU,F32,/,/,70.3,25.6,102.4,1.0,1086.0,18.8,1105.8,0.9,180393.0,15.1,0.9,0.0,0.0,0.0,0.0,51.1,0.0,0.0,-263.2,0.0,0.0,0.0,,,
bodypose-estimation,body-pose-openpifpaf,resnet50-012,321x321,x86-64-nuc,onnxruntime,CPU,F32,/,/,70.3,25.6,102.4,1.5,1113.3,44.4,1159.1,0.9,172102.9,15.0,0.9,0.0,0.0,0.0,0.0,51.6,0.0,0.0,-263.2,0.0,0.0,0.0,,,
bodypose-estimation,body-pose-openpifpaf,resnet50-012,641x481,x86-64-nuc,lne,CPU,F32,/,/,206.9,25.6,102.4,3.8,4122.9,54.3,4181.0,0.2,47712.3,21.3,1.4,0.0,0.0,0.0,0.0,51.6,0.0,0.0,-263.2,0.0,0.0,0.0,,,
bodypose-estimation,body-pose-openpifpaf,resnet50-012,641x481,x86-64-nuc,onnxruntime,CPU,F32,/,/,206.9,25.6,102.4,4.0,3129.6,104.0,3237.6,0.3,61614.8,17.4,1.1,0.0,0.0,0.0,0.0,51.6,0.0,0.0,-263.2,0.0,0.0,0.0,,,
bodypose-estimation,body-pose-openpifpaf-shufflenet-sk30,160x120,160x120,x86-64-nuc,lne,CPU,F32,/,/,14.5,45.2,180.9,0.6,410.6,7.8,418.9,2.4,476167.3,14.5,0.9,0.0,0.0,0.0,0.0,49.9,0.0,0.0,-263.2,0.0,0.0,0.0,,,
bodypose-estimation,body-pose-openpifpaf-shufflenet-sk30,160x120,160x120,x86-64-nuc,onnxruntime,CPU,F32,/,/,14.5,45.2,180.9,0.6,355.1,23.3,379.0,2.6,526367.3,15.4,0.9,0.0,0.0,0.0,0.0,51.7,0.0,0.0,-263.2,0.0,0.0,0.0,,,
bodypose-estimation,body-pose-openpifpaf-shufflenet-sk30,320x180,320x180,x86-64-nuc,lne,CPU,F32,/,/,43.9,45.2,181.0,0.8,1393.5,25.5,1419.7,0.7,140508.6,17.2,1.1,0.0,0.0,0.0,0.0,51.0,0.0,0.0,-263.2,0.0,0.0,0.0,,,
bodypose-estimation,body-pose-openpifpaf-shufflenet-sk30,320x180,320x180,x86-64-nuc,onnxruntime,CPU,F32,/,/,43.9,45.2,181.0,0.9,1001.6,71.1,1073.5,0.9,185821.2,14.7,0.9,0.0,0.0,0.0,0.0,51.6,0.0,0.0,-263.2,0.0,0.0,0.0,,,
bodypose-estimation,body-pose-openpifpaf-shufflenet-sk30,320x240,320x240,x86-64-nuc,lne,CPU,F32,/,/,56.6,45.2,181.0,1.4,2562.4,110.4,2674.2,0.4,74597.2,18.6,1.3,0.0,0.0,0.0,0.0,51.2,0.0,0.0,-263.2,0.0,0.0,0.0,,,
bodypose-estimation,body-pose-openpifpaf-shufflenet-sk30,320x240,320x240,x86-64-nuc,onnxruntime,CPU,F32,/,/,56.6,45.2,181.0,1.1,1246.5,142.6,1390.2,0.7,143493.7,15.7,1.0,0.0,0.0,0.0,0.0,51.4,0.0,0.0,-263.2,0.0,0.0,0.0,,,
bodypose-estimation,body-pose-openpifpaf-shufflenet-sk30,640x480,640x480,x86-64-nuc,lne,CPU,F32,/,/,226.5,45.3,181.0,3.4,6868.9,356.0,7228.3,0.1,27597.9,34.6,2.8,0.0,0.0,0.0,0.0,51.8,0.0,0.0,-263.2,0.0,0.0,0.0,,,
bodypose-estimation,body-pose-openpifpaf-shufflenet-sk30,640x480,640x480,x86-64-nuc,onnxruntime,CPU,F32,/,/,226.5,45.3,181.0,3.1,4094.1,406.3,4503.5,0.2,44295.2,17.9,1.6,0.0,0.0,0.0,0.0,51.7,0.0,0.0,-263.2,0.0,0.0,0.0,,,
bodypose-estimation,body-pose-openpifpaf-shufflenet-v2k16,240x180,240x180,x86-64-nuc,lne,CPU,F32,/,/,11.8,20.5,82.1,0.5,339.1,34.1,373.7,2.7,533762.8,14.1,0.9,0.0,0.0,0.0,0.0,49.6,0.0,0.0,-263.2,0.0,0.0,0.0,,,
bodypose-estimation,body-pose-openpifpaf-shufflenet-v2k16,240x180,240x180,x86-64-nuc,onnxruntime,CPU,F32,/,/,11.8,20.5,82.1,0.7,334.0,54.9,389.6,2.6,512019.7,13.7,0.8,0.0,0.0,0.0,0.0,51.5,0.0,0.0,-263.2,0.0,0.0,0.0,,,
bodypose-estimation,body-pose-openpifpaf-shufflenet-v2k16,320x180,320x180,x86-64-nuc,lne,CPU,F32,/,/,15.8,20.5,82.1,0.7,467.6,22.7,491.0,2.0,406268.0,15.7,1.0,0.0,0.0,0.0,0.0,50.0,0.0,0.0,-263.2,0.0,0.0,0.0,,,
bodypose-estimation,body-pose-openpifpaf-shufflenet-v2k16,320x180,320x180,x86-64-nuc,onnxruntime,CPU,F32,/,/,15.8,20.5,82.1,0.9,449.0,68.9,518.8,1.9,384512.5,13.4,0.8,0.0,0.0,0.0,0.0,51.3,0.0,0.0,-263.2,0.0,0.0,0.0,,,
bodypose-estimation,body-pose-openpifpaf-shufflenet-v2k16,320x240,320x240,x86-64-nuc,lne,CPU,F32,/,/,20.2,20.5,82.1,1.0,717.9,96.1,814.9,1.2,244785.9,14.6,1.0,0.0,0.0,0.0,0.0,50.6,0.0,0.0,-263.2,0.0,0.0,0.0,,,
bodypose-estimation,body-pose-openpifpaf-shufflenet-v2k16,320x240,320x240,x86-64-nuc,onnxruntime,CPU,F32,/,/,20.2,20.5,82.1,1.2,566.3,147.4,714.8,1.4,279075.7,14.1,0.9,0.0,0.0,0.0,0.0,50.9,0.0,0.0,-263.2,0.0,0.0,0.0,,,
coco,incar-object-detection-nanodet,5x,320x320,x86-64-nuc,lne,CPU,F32,/,/,1.8,2.5,9.8,2.6,116.9,0.0,119.5,8.4,1668715.1,12.4,0.7,0.0,0.0,0.0,0.0,46.0,0.0,0.0,-263.2,0.0,0.0,0.0,,,
coco,incar-object-detection-nanodet,5x,320x320,x86-64-nuc,onnxruntime,CPU,F32,/,/,1.8,2.5,9.8,1.4,95.3,0.0,96.8,10.3,2060773.5,10.9,0.6,0.0,0.0,0.0,0.0,51.0,0.0,0.0,-263.2,0.0,0.0,0.0,,,
coco,incar-object-detection-nanodet,m,320x320,x86-64-nuc,lne,CPU,F32,/,/,0.9,1.2,4.7,2.6,80.0,0.0,82.7,12.1,2412592.0,11.5,0.6,0.0,0.0,0.0,0.0,44.5,0.0,0.0,-263.2,0.0,0.0,0.0,,,
coco,incar-object-detection-nanodet,m,320x320,x86-64-nuc,onnxruntime,CPU,F32,/,/,0.9,1.2,4.7,2.0,113.3,0.0,115.4,8.7,1729161.1,10.0,0.5,0.0,0.0,0.0,0.0,51.1,0.0,0.0,-263.2,0.0,0.0,0.0,,,
face-landmarks-detection,face-landmarks-detection-retinaface,mobile0.25mod4lite-12-48,320x320,x86-64-nuc,lne,CPU,F32,AP-medium,43.8,0.3,0.2,0.9,2.5,24.2,1.9,28.7,34.9,6953674.6,11.3,0.6,0.0,0.0,0.0,0.0,39.5,0.0,0.0,-263.2,0.0,0.0,0.0,,,
face-landmarks-detection,face-landmarks-detection-retinaface,mobile0.25mod4lite-12-48,320x320,x86-64-nuc,onnxruntime,CPU,F32,AP-medium,43.8,0.3,0.2,0.9,3.3,39.8,3.7,46.8,21.4,4266077.9,10.0,0.5,0.0,0.0,0.0,0.0,52.1,0.0,0.0,-263.2,0.0,0.0,0.0,,,
face-landmarks-detection,face-landmarks-detection-retinaface,mobile0.25mod4lite-12-48,320x185,x86-64-nuc,lne,CPU,F32,AP-medium,31.9,0.2,0.2,0.9,1.2,14.8,0.8,16.8,59.4,11846711.6,10.9,0.6,0.0,0.0,0.0,0.0,36.9,0.0,0.0,-263.2,0.0,0.0,0.0,,,
face-landmarks-detection,face-landmarks-detection-retinaface,mobile0.25mod4lite-12-48,320x185,x86-64-nuc,onnxruntime,CPU,F32,AP-medium,31.9,0.2,0.2,0.9,0.9,12.0,1.0,13.9,72.0,14369498.9,11.0,0.6,0.0,0.0,0.0,0.0,47.5,0.0,0.0,-263.2,0.0,0.0,0.0,,,
face-landmarks-detection,face-landmarks-detection-retinaface,mobile0.25mod4lite-12-48,320x250,x86-64-nuc,lne,CPU,F32,AP-medium,41.7,0.3,0.2,0.9,1.6,19.9,1.2,22.7,44.0,8782271.8,11.1,0.6,0.0,0.0,0.0,0.0,38.2,0.0,0.0,-263.2,0.0,0.0,0.0,,,
face-landmarks-detection,face-landmarks-detection-retinaface,mobile0.25mod4lite-12-48,320x250,x86-64-nuc,onnxruntime,CPU,F32,AP-medium,41.7,0.3,0.2,0.9,1.2,15.0,2.7,18.8,53.1,10585336.2,10.7,0.6,0.0,0.0,0.0,0.0,47.3,0.0,0.0,-263.2,0.0,0.0,0.0,,,
face-landmarks-detection,face-landmarks-detection-retinaface,mobile0.25mod4lite-12-48,640x640,x86-64-nuc,lne,CPU,F32,AP-medium,73.9,1.3,0.2,0.9,6.4,95.2,7.2,108.8,9.2,1833158.5,13.8,0.8,0.0,0.0,0.0,0.0,46.0,0.0,0.0,-263.2,0.0,0.0,0.0,,,
face-landmarks-detection,face-landmarks-detection-retinaface,mobile0.25mod4lite-12-48,640x640,x86-64-nuc,onnxruntime,CPU,F32,AP-medium,73.9,1.3,0.2,0.9,10.3,98.8,20.9,130.1,7.7,1533863.7,10.9,0.6,0.0,0.0,0.0,0.0,51.3,0.0,0.0,-263.2,0.0,0.0,0.0,,,
face-landmarks-detection,face-landmarks-detection-retinaface,mobile0.25mod4lite-12-48,640x380,x86-64-nuc,lne,CPU,F32,AP-medium,67.2,0.8,0.2,0.9,3.5,58.5,3.1,65.1,15.4,3064907.2,11.6,0.7,0.0,0.0,0.0,0.0,43.3,0.0,0.0,-263.2,0.0,0.0,0.0,,,
face-landmarks-detection,face-landmarks-detection-retinaface,mobile0.25mod4lite-12-48,640x380,x86-64-nuc,onnxruntime,CPU,F32,AP-medium,67.2,0.8,0.2,0.9,5.7,44.8,16.5,67.0,14.9,2977046.8,9.9,0.5,0.0,0.0,0.0,0.0,51.0,0.0,0.0,-263.2,0.0,0.0,0.0,,,
face-landmarks-detection,face-landmarks-detection-retinaface,mobile0.25mod4lite-12-48,640x480,x86-64-nuc,lne,CPU,F32,AP-medium,72.3,1.0,0.2,0.9,5.4,73.0,5.7,84.0,11.9,2373587.4,11.6,0.7,0.0,0.0,0.0,0.0,45.0,0.0,0.0,-263.2,0.0,0.0,0.0,,,
face-landmarks-detection,face-landmarks-detection-retinaface,mobile0.25mod4lite-12-48,640x480,x86-64-nuc,onnxruntime,CPU,F32,AP-medium,72.3,1.0,0.2,0.9,5.5,65.7,8.3,79.5,12.6,2510646.2,10.1,0.5,0.0,0.0,0.0,0.0,51.8,0.0,0.0,-263.2,0.0,0.0,0.0,,,
face-landmarks-detection,face-landmarks-detection-retinaface,mobile0.25mod4lite-16-64,320x320,x86-64-nuc,lne,CPU,F32,AP-medium,53.4,0.5,0.4,1.7,2.5,32.9,1.9,37.3,26.8,5348586.5,11.0,0.6,0.0,0.0,0.0,0.0,40.7,0.0,0.0,-263.2,0.0,0.0,0.0,,,
face-landmarks-detection,face-landmarks-detection-retinaface,mobile0.25mod4lite-16-64,320x320,x86-64-nuc,onnxruntime,CPU,F32,AP-medium,53.4,0.5,0.4,1.7,1.5,32.7,2.5,36.7,27.2,5434308.8,10.1,0.5,0.0,0.0,0.0,0.0,52.1,0.0,0.0,-263.2,0.0,0.0,0.0,,,
face-landmarks-detection,face-landmarks-detection-retinaface,mobile0.25mod4lite-16-64,320x185,x86-64-nuc,lne,CPU,F32,AP-medium,42.2,0.3,0.4,1.7,1.2,19.3,0.9,21.4,46.7,9324508.9,11.6,0.6,0.0,0.0,0.0,0.0,38.0,0.0,0.0,-263.2,0.0,0.0,0.0,,,
face-landmarks-detection,face-landmarks-detection-retinaface,mobile0.25mod4lite-16-64,320x185,x86-64-nuc,onnxruntime,CPU,F32,AP-medium,42.2,0.3,0.4,1.7,0.9,17.6,1.9,20.4,48.9,9764441.4,11.0,0.6,0.0,0.0,0.0,0.0,48.7,0.0,0.0,-263.2,0.0,0.0,0.0,,,
face-landmarks-detection,face-landmarks-detection-retinaface,mobile0.25mod4lite-16-64,320x250,x86-64-nuc,lne,CPU,F32,AP-medium,51.9,0.4,0.4,1.7,1.6,25.6,1.1,28.2,35.4,7062315.9,11.8,0.7,0.0,0.0,0.0,0.0,39.4,0.0,0.0,-263.2,0.0,0.0,0.0,,,
face-landmarks-detection,face-landmarks-detection-retinaface,mobile0.25mod4lite-16-64,320x250,x86-64-nuc,onnxruntime,CPU,F32,AP-medium,51.9,0.4,0.4,1.7,1.2,26.0,1.3,28.4,35.2,7020014.0,11.7,0.7,0.0,0.0,0.0,0.0,52.0,0.0,0.0,-263.2,0.0,0.0,0.0,,,
face-landmarks-detection,face-landmarks-detection-retinaface,mobile0.25mod4lite-16-64,640x640,x86-64-nuc,lne,CPU,F32,AP-medium,79.9,2.1,0.4,1.7,9.8,212.2,11.9,233.9,4.3,852842.6,12.7,0.7,0.0,0.0,0.0,0.0,48.3,0.0,0.0,-263.2,0.0,0.0,0.0,,,
face-landmarks-detection,face-landmarks-detection-retinaface,mobile0.25mod4lite-16-64,640x640,x86-64-nuc,onnxruntime,CPU,F32,AP-medium,79.9,2.1,0.4,1.7,7.4,122.5,13.8,143.7,7.0,1387809.5,10.9,0.6,0.0,0.0,0.0,0.0,51.4,0.0,0.0,-263.2,0.0,0.0,0.0,,,
face-landmarks-detection,face-landmarks-detection-retinaface,mobile0.25mod4lite-16-64,640x380,x86-64-nuc,lne,CPU,F32,AP-medium,75.0,1.3,0.4,1.7,4.2,113.6,4.5,122.3,8.2,1630853.1,11.8,0.7,0.0,0.0,0.0,0.0,46.1,0.0,0.0,-263.2,0.0,0.0,0.0,,,
face-landmarks-detection,face-landmarks-detection-retinaface,mobile0.25mod4lite-16-64,640x380,x86-64-nuc,onnxruntime,CPU,F32,AP-medium,75.0,1.3,0.4,1.7,5.8,71.0,8.8,85.6,11.7,2330228.3,11.7,0.7,0.0,0.0,0.0,0.0,51.9,0.0,0.0,-263.2,0.0,0.0,0.0,,,
face-landmarks-detection,face-landmarks-detection-retinaface,mobile0.25mod4lite-16-64,640x480,x86-64-nuc,lne,CPU,F32,AP-medium,78.7,1.6,0.4,1.7,5.0,93.7,5.6,104.3,9.6,1912372.3,13.9,0.8,0.0,0.0,0.0,0.0,45.4,0.0,0.0,-263.2,0.0,0.0,0.0,,,
face-landmarks-detection,face-landmarks-detection-retinaface,mobile0.25mod4lite-16-64,640x480,x86-64-nuc,onnxruntime,CPU,F32,AP-medium,78.7,1.6,0.4,1.7,7.3,90.0,8.4,105.6,9.5,1888189.2,11.0,0.6,0.0,0.0,0.0,0.0,52.0,0.0,0.0,-263.2,0.0,0.0,0.0,,,
face-landmarks-detection,face-landmarks-detection-retinaface,mobile0.25mod4lite-32-72,320x320,x86-64-nuc,lne,CPU,F32,AP-medium,61.9,0.9,0.7,2.9,2.7,59.3,2.0,63.9,15.7,3122454.5,11.4,0.6,0.0,0.0,0.0,0.0,43.3,0.0,0.0,-263.2,0.0,0.0,0.0,,,
face-landmarks-detection,face-landmarks-detection-retinaface,mobile0.25mod4lite-32-72,320x320,x86-64-nuc,onnxruntime,CPU,F32,AP-medium,61.9,0.9,0.7,2.9,1.9,82.6,4.6,89.1,11.2,2238385.7,11.4,0.6,0.0,0.0,0.0,0.0,51.9,0.0,0.0,-263.2,0.0,0.0,0.0,,,
face-landmarks-detection,face-landmarks-detection-retinaface,mobile0.25mod4lite-32-72,320x185,x86-64-nuc,lne,CPU,F32,AP-medium,50.5,0.6,0.7,2.9,1.2,33.3,0.9,35.4,28.3,5638635.5,11.5,0.6,0.0,0.0,0.0,0.0,40.7,0.0,0.0,-263.2,0.0,0.0,0.0,,,
face-landmarks-detection,face-landmarks-detection-retinaface,mobile0.25mod4lite-32-72,320x185,x86-64-nuc,onnxruntime,CPU,F32,AP-medium,50.5,0.6,0.7,2.9,1.2,49.6,1.8,52.6,19.0,3791537.6,11.4,0.6,0.0,0.0,0.0,0.0,51.8,0.0,0.0,-263.2,0.0,0.0,0.0,,,
face-landmarks-detection,face-landmarks-detection-retinaface,mobile0.25mod4lite-32-72,320x250,x86-64-nuc,lne,CPU,F32,AP-medium,60.3,0.7,0.7,2.9,2.0,62.8,1.6,66.3,15.1,3007009.8,12.1,0.7,0.0,0.0,0.0,0.0,43.4,0.0,0.0,-263.2,0.0,0.0,0.0,,,
face-landmarks-detection,face-landmarks-detection-retinaface,mobile0.25mod4lite-32-72,320x250,x86-64-nuc,onnxruntime,CPU,F32,AP-medium,60.3,0.7,0.7,2.9,1.2,34.8,3.4,39.5,25.3,5055762.0,11.8,0.7,0.0,0.0,0.0,0.0,51.9,0.0,0.0,-263.2,0.0,0.0,0.0,,,
face-landmarks-detection,face-landmarks-detection-retinaface,mobile0.25mod4lite-32-72,640x640,x86-64-nuc,lne,CPU,F32,AP-medium,84.0,3.7,0.7,2.9,5.6,198.1,7.2,210.9,4.7,945762.8,14.5,0.9,0.0,0.0,0.0,0.0,48.2,0.0,0.0,-263.2,0.0,0.0,0.0,,,
face-landmarks-detection,face-landmarks-detection-retinaface,mobile0.25mod4lite-32-72,640x640,x86-64-nuc,onnxruntime,CPU,F32,AP-medium,84.0,3.7,0.7,2.9,9.7,193.4,16.2,219.3,4.6,909589.2,11.7,0.7,0.0,0.0,0.0,0.0,51.7,0.0,0.0,-263.2,0.0,0.0,0.0,,,
face-landmarks-detection,face-landmarks-detection-retinaface,mobile0.25mod4lite-32-72,640x380,x86-64-nuc,lne,CPU,F32,AP-medium,79.7,2.2,0.7,2.9,2.9,124.1,2.9,129.8,7.7,1536386.2,13.0,0.8,0.0,0.0,0.0,0.0,46.6,0.0,0.0,-263.2,0.0,0.0,0.0,,,
face-landmarks-detection,face-landmarks-detection-retinaface,mobile0.25mod4lite-32-72,640x380,x86-64-nuc,onnxruntime,CPU,F32,AP-medium,79.7,2.2,0.7,2.9,3.5,118.4,4.0,125.9,7.9,1584340.7,11.3,0.6,0.0,0.0,0.0,0.0,52.1,0.0,0.0,-263.2,0.0,0.0,0.0,,,
face-landmarks-detection,face-landmarks-detection-retinaface,mobile0.25mod4lite-32-72,640x480,x86-64-nuc,lne,CPU,F32,AP-medium,82.9,2.8,0.7,2.9,4.8,155.8,5.6,166.3,6.0,1199596.1,12.9,0.8,0.0,0.0,0.0,0.0,47.4,0.0,0.0,-263.2,0.0,0.0,0.0,,,
face-landmarks-detection,face-landmarks-detection-retinaface,mobile0.25mod4lite-32-72,640x480,x86-64-nuc,onnxruntime,CPU,F32,AP-medium,82.9,2.8,0.7,2.9,7.3,140.1,12.5,160.0,6.3,1246995.9,11.2,0.6,0.0,0.0,0.0,0.0,51.8,0.0,0.0,-263.2,0.0,0.0,0.0,,,
face-landmarks-detection,face-landmarks-detection-retinaface,mobile0.25mod4lite-48-96,320x320,x86-64-nuc,lne,CPU,F32,AP-medium,64.0,1.7,1.4,5.7,2.6,82.9,1.8,87.4,11.4,2283539.1,12.2,0.7,0.0,0.0,0.0,0.0,45.0,0.0,0.0,-263.2,0.0,0.0,0.0,,,
face-landmarks-detection,face-landmarks-detection-retinaface,mobile0.25mod4lite-48-96,320x320,x86-64-nuc,onnxruntime,CPU,F32,AP-medium,64.0,1.7,1.4,5.7,1.6,87.9,4.0,93.6,10.7,2131900.3,10.6,0.6,0.0,0.0,0.0,0.0,52.0,0.0,0.0,-263.2,0.0,0.0,0.0,,,
face-landmarks-detection,face-landmarks-detection-retinaface,mobile0.25mod4lite-48-96,320x185,x86-64-nuc,lne,CPU,F32,AP-medium,52.2,1.0,1.4,5.7,1.2,49.1,0.8,51.1,19.6,3901706.4,12.4,0.7,0.0,0.0,0.0,0.0,42.3,0.0,0.0,-263.2,0.0,0.0,0.0,,,
face-landmarks-detection,face-landmarks-detection-retinaface,mobile0.25mod4lite-48-96,320x185,x86-64-nuc,onnxruntime,CPU,F32,AP-medium,52.2,1.0,1.4,5.7,1.0,56.6,1.7,59.3,16.9,3365449.5,12.1,0.7,0.0,0.0,0.0,0.0,51.8,0.0,0.0,-263.2,0.0,0.0,0.0,,,
face-landmarks-detection,face-landmarks-detection-retinaface,mobile0.25mod4lite-48-96,320x250,x86-64-nuc,lne,CPU,F32,AP-medium,62.5,1.3,1.4,5.7,1.6,66.6,1.1,69.3,14.4,2880310.4,11.0,0.6,0.0,0.0,0.0,0.0,44.0,0.0,0.0,-263.2,0.0,0.0,0.0,,,
face-landmarks-detection,face-landmarks-detection-retinaface,mobile0.25mod4lite-48-96,320x250,x86-64-nuc,onnxruntime,CPU,F32,AP-medium,62.5,1.3,1.4,5.7,1.2,59.9,2.4,63.5,15.8,3142998.3,10.2,0.5,0.0,0.0,0.0,0.0,52.0,0.0,0.0,-263.2,0.0,0.0,0.0,,,
face-landmarks-detection,face-landmarks-detection-retinaface,mobile0.25mod4lite-48-96,640x640,x86-64-nuc,lne,CPU,F32,AP-medium,86.0,6.6,1.4,5.7,9.4,517.2,11.3,537.9,1.9,370887.2,15.7,1.0,0.0,0.0,0.0,0.0,50.0,0.0,0.0,-263.2,0.0,0.0,0.0,,,
face-landmarks-detection,face-landmarks-detection-retinaface,mobile0.25mod4lite-48-96,640x640,x86-64-nuc,onnxruntime,CPU,F32,AP-medium,86.0,6.6,1.4,5.7,10.4,319.1,20.2,349.7,2.9,570493.4,12.1,0.7,0.0,0.0,0.0,0.0,51.7,0.0,0.0,-263.2,0.0,0.0,0.0,,,
face-landmarks-detection,face-landmarks-detection-retinaface,mobile0.25mod4lite-48-96,640x380,x86-64-nuc,lne,CPU,F32,AP-medium,81.6,3.9,1.4,5.7,2.9,181.6,2.9,187.3,5.3,1064788.9,12.6,0.7,0.0,0.0,0.0,0.0,47.7,0.0,0.0,-263.2,0.0,0.0,0.0,,,
face-landmarks-detection,face-landmarks-detection-retinaface,mobile0.25mod4lite-48-96,640x380,x86-64-nuc,onnxruntime,CPU,F32,AP-medium,81.6,3.9,1.4,5.7,4.5,284.4,8.3,297.2,3.4,671164.0,11.0,0.6,0.0,0.0,0.0,0.0,51.6,0.0,0.0,-263.2,0.0,0.0,0.0,,,
face-landmarks-detection,face-landmarks-detection-retinaface,mobile0.25mod4lite-48-96,640x480,x86-64-nuc,lne,CPU,F32,AP-medium,84.9,4.9,1.4,5.7,4.5,223.3,5.6,233.4,4.3,854680.2,13.2,0.8,0.0,0.0,0.0,0.0,48.6,0.0,0.0,-263.2,0.0,0.0,0.0,,,
face-landmarks-detection,face-landmarks-detection-retinaface,mobile0.25mod4lite-48-96,640x480,x86-64-nuc,onnxruntime,CPU,F32,AP-medium,84.9,4.9,1.4,5.7,4.5,221.7,5.9,232.1,4.3,859535.6,10.4,0.6,0.0,0.0,0.0,0.0,52.0,0.0,0.0,-263.2,0.0,0.0,0.0,,,
face-landmarks-detection,face-landmarks-detection-retinaface,mobile0.25mod4lite-64-128,320x320,x86-64-nuc,lne,CPU,F32,AP-medium,68.4,2.9,2.5,10.0,1.4,115.7,1.3,118.4,8.4,1684899.2,12.5,0.7,0.0,0.0,0.0,0.0,46.5,0.0,0.0,-263.2,0.0,0.0,0.0,,,
face-landmarks-detection,face-landmarks-detection-retinaface,mobile0.25mod4lite-64-128,320x320,x86-64-nuc,onnxruntime,CPU,F32,AP-medium,68.4,2.9,2.5,10.0,1.5,117.2,1.9,120.7,8.3,1653333.6,10.3,0.6,0.0,0.0,0.0,0.0,52.2,0.0,0.0,-263.2,0.0,0.0,0.0,,,
face-landmarks-detection,face-landmarks-detection-retinaface,mobile0.25mod4lite-64-128,320x185,x86-64-nuc,lne,CPU,F32,AP-medium,56.9,1.7,2.5,10.0,1.0,82.1,1.0,84.0,11.9,2375258.6,11.9,0.7,0.0,0.0,0.0,0.0,44.5,0.0,0.0,-263.2,0.0,0.0,0.0,,,
face-landmarks-detection,face-landmarks-detection-retinaface,mobile0.25mod4lite-64-128,320x185,x86-64-nuc,onnxruntime,CPU,F32,AP-medium,56.9,1.7,2.5,10.0,1.2,105.5,1.9,108.5,9.2,1838444.7,11.0,0.6,0.0,0.0,0.0,0.0,51.8,0.0,0.0,-263.2,0.0,0.0,0.0,,,
face-landmarks-detection,face-landmarks-detection-retinaface,mobile0.25mod4lite-64-128,320x250,x86-64-nuc,lne,CPU,F32,AP-medium,66.5,2.3,2.5,10.0,1.2,93.2,1.1,95.4,10.5,2090327.2,12.3,0.7,0.0,0.0,0.0,0.0,45.2,0.0,0.0,-263.2,0.0,0.0,0.0,,,
face-landmarks-detection,face-landmarks-detection-retinaface,mobile0.25mod4lite-64-128,320x250,x86-64-nuc,onnxruntime,CPU,F32,AP-medium,66.5,2.3,2.5,10.0,1.2,83.0,4.6,88.8,11.3,2246900.3,10.7,0.6,0.0,0.0,0.0,0.0,51.7,0.0,0.0,-263.2,0.0,0.0,0.0,,,
face-landmarks-detection,face-landmarks-detection-retinaface,mobile0.25mod4lite-64-128,640x640,x86-64-nuc,lne,CPU,F32,AP-medium,87.3,11.4,2.5,10.0,5.2,538.9,5.7,549.7,1.8,362890.8,16.5,1.0,0.0,0.0,0.0,0.0,50.1,0.0,0.0,-263.2,0.0,0.0,0.0,,,
face-landmarks-detection,face-landmarks-detection-retinaface,mobile0.25mod4lite-64-128,640x640,x86-64-nuc,onnxruntime,CPU,F32,AP-medium,87.3,11.4,2.5,10.0,7.7,431.5,18.8,458.0,2.2,435526.8,10.9,0.6,0.0,0.0,0.0,0.0,51.8,0.0,0.0,-263.2,0.0,0.0,0.0,,,
face-landmarks-detection,face-landmarks-detection-retinaface,mobile0.25mod4lite-64-128,640x380,x86-64-nuc,lne,CPU,F32,AP-medium,83.3,6.8,2.5,10.0,4.1,423.6,4.4,432.2,2.3,461596.9,13.7,0.8,0.0,0.0,0.0,0.0,49.6,0.0,0.0,-263.2,0.0,0.0,0.0,,,
face-landmarks-detection,face-landmarks-detection-retinaface,mobile0.25mod4lite-64-128,640x380,x86-64-nuc,onnxruntime,CPU,F32,AP-medium,83.3,6.8,2.5,10.0,4.0,326.6,8.5,339.1,2.9,588271.2,10.2,0.5,0.0,0.0,0.0,0.0,51.7,0.0,0.0,-263.2,0.0,0.0,0.0,,,
face-landmarks-detection,face-landmarks-detection-retinaface,mobile0.25mod4lite-64-128,640x480,x86-64-nuc,lne,CPU,F32,AP-medium,86.2,8.6,2.5,10.0,4.9,342.5,5.6,353.1,2.8,564957.3,14.6,0.9,0.0,0.0,0.0,0.0,49.5,0.0,0.0,-263.2,0.0,0.0,0.0,,,
face-landmarks-detection,face-landmarks-detection-retinaface,mobile0.25mod4lite-64-128,640x480,x86-64-nuc,onnxruntime,CPU,F32,AP-medium,86.2,8.6,2.5,10.0,4.5,332.1,4.2,340.8,2.9,585315.9,11.5,0.6,0.0,0.0,0.0,0.0,52.1,0.0,0.0,-263.2,0.0,0.0,0.0,,,
incar-object-detection,incar-object-detection-nanodet,resnet50,320x320,x86-64-nuc,lne,CPU,F32,/,/,17.4,24.4,97.4,2.5,371.3,0.4,374.2,2.7,533117.1,11.2,0.6,0.0,0.0,0.0,0.0,49.6,0.0,0.0,-263.2,0.0,0.0,0.0,,,
incar-object-detection,incar-object-detection-nanodet,resnet50,320x320,x86-64-nuc,onnxruntime,CPU,F32,/,/,17.4,24.4,97.4,1.5,458.3,0.3,460.1,2.2,433561.5,12.4,0.7,0.0,0.0,0.0,0.0,52.0,0.0,0.0,-263.2,0.0,0.0,0.0,,,
incar-object-detection,incar-object-detection-nanodet,resnet50,640x640,x86-64-nuc,lne,CPU,F32,/,/,81.4,28.5,114.1,10.1,1986.5,1.3,1997.9,0.5,99845.2,15.7,1.0,0.0,0.0,0.0,0.0,51.2,0.0,0.0,-263.2,0.0,0.0,0.0,,,
incar-object-detection,incar-object-detection-nanodet,resnet50,640x640,x86-64-nuc,onnxruntime,CPU,F32,/,/,81.4,28.5,114.1,7.3,2287.5,3.5,2298.3,0.4,86797.9,14.1,0.8,0.0,0.0,0.0,0.0,51.7,0.0,0.0,-263.2,0.0,0.0,0.0,,,
incar-object-detection,incar-object-detection-nanodet,resnet50,640x480,x86-64-nuc,lne,CPU,F32,/,/,52.0,24.4,97.4,4.3,1199.2,0.7,1204.2,0.8,165664.1,15.0,0.9,0.0,0.0,0.0,0.0,51.4,0.0,0.0,-263.2,0.0,0.0,0.0,,,
incar-object-detection,incar-object-detection-nanodet,resnet50,640x480,x86-64-nuc,onnxruntime,CPU,F32,/,/,52.0,24.4,97.4,4.5,1425.8,1.4,1431.7,0.7,139334.4,12.7,0.7,0.0,0.0,0.0,0.0,51.9,0.0,0.0,-263.2,0.0,0.0,0.0,,,
face-recognition,face-recognition-insightsface-mobilefacenet,mxnet,112x112,x86-64-nuc,lne,CPU,F32,/,/,0.4,1.0,4.0,0.4,25.4,0.0,25.8,38.7,7722467.3,10.0,0.5,0.0,0.0,0.0,0.0,41.1,0.0,0.0,-263.2,0.0,0.0,0.0,,,
face-recognition,face-recognition-insightsface-mobilefacenet,mxnet,112x112,x86-64-nuc,onnxruntime,CPU,F32,/,/,0.4,1.0,4.0,/,/,/,/,/,/,0.0,0.0,0.0,0.0,0.0,0.0,0.0,0.0,0.0,0.0,0.0,0.0,0.0,,,
age-gender-estimation,age-gender-insightface,mobilenet_0_25x,112x112,x86-64-nuc,lne,CPU,F32,/,/,0.1,0.3,1.1,0.4,7.3,0.0,7.7,129.3,25800256.1,10.4,0.5,0.0,0.0,0.0,0.0,36.7,0.0,0.0,-263.2,0.0,0.0,0.0,,,
age-gender-estimation,age-gender-insightface,mobilenet_0_25x,112x112,x86-64-nuc,onnxruntime,CPU,F32,/,/,0.1,0.3,1.1,/,/,/,/,/,/,0.0,0.0,0.0,0.0,0.0,0.0,0.0,0.0,0.0,0.0,0.0,0.0,0.0,,,
emotion-classification,emotion-classic-light-112x96,default_onnx,96x112,x86-64-nuc,lne,CPU,F32,/,/,0.4,2.7,10.8,0.6,10.2,0.0,10.9,91.8,18304012.6,11.5,0.6,0.0,0.0,0.0,0.0,39.7,0.0,0.0,-263.2,0.0,0.0,0.0,,,
emotion-classification,emotion-classic-light-112x96,default_onnx,96x112,x86-64-nuc,onnxruntime,CPU,F32,/,/,0.4,2.7,10.8,/,/,/,/,/,/,0.0,0.0,0.0,0.0,0.0,0.0,0.0,0.0,0.0,0.0,0.0,0.0,0.0,,,
emotion-classification,emotion-classic-light-112x96,moonshine_onnx,96x112,x86-64-nuc,lne,CPU,F32,/,/,0.2,0.1,0.6,1.0,19.4,0.0,20.4,49.1,9785876.8,11.5,0.6,0.0,0.0,0.0,0.0,41.5,0.0,0.0,-263.2,0.0,0.0,0.0,,,
emotion-classification,emotion-classic-light-112x96,moonshine_onnx,96x112,x86-64-nuc,onnxruntime,CPU,F32,/,/,0.2,0.1,0.6,0.9,12.9,0.1,13.8,72.2,14404528.3,11.1,0.6,0.0,0.0,0.0,0.0,51.2,0.0,0.0,-263.2,0.0,0.0,0.0,,,
emotion-classification,emotion-classic-light-112x96,student_g1,96x112,x86-64-nuc,lne,CPU,F32,/,/,0.6,0.4,1.6,0.7,16.1,0.0,16.7,59.8,11924024.8,10.7,0.6,0.0,0.0,0.0,0.0,41.7,0.0,0.0,-263.2,0.0,0.0,0.0,,,
emotion-classification,emotion-classic-light-112x96,student_g1,96x112,x86-64-nuc,onnxruntime,CPU,F32,/,/,0.6,0.4,1.6,0.8,22.6,0.0,23.4,42.7,8513637.6,10.2,0.5,0.0,0.0,0.0,0.0,52.5,0.0,0.0,-263.2,0.0,0.0,0.0,,,
emotion-classification,emotion-classic-light-112x96,student_g16,96x112,x86-64-nuc,lne,CPU,F32,/,/,0.1,0.1,0.3,0.9,14.6,0.0,15.5,64.6,12883515.2,11.3,0.6,0.0,0.0,0.0,0.0,41.4,0.0,0.0,-263.2,0.0,0.0,0.0,,,
emotion-classification,emotion-classic-light-112x96,student_g16,96x112,x86-64-nuc,onnxruntime,CPU,F32,/,/,0.1,0.1,0.3,0.9,8.2,0.0,9.1,109.8,21901789.2,10.5,0.6,0.0,0.0,0.0,0.0,51.2,0.0,0.0,-263.2,0.0,0.0,0.0,,,
emotion-classification,emotion-classic-light-112x96,student_g2,96x112,x86-64-nuc,lne,CPU,F32,/,/,0.4,0.2,0.9,0.7,13.4,0.0,14.1,71.1,14175892.3,10.7,0.6,0.0,0.0,0.0,0.0,40.2,0.0,0.0,-263.2,0.0,0.0,0.0,,,
emotion-classification,emotion-classic-light-112x96,student_g2,96x112,x86-64-nuc,onnxruntime,CPU,F32,/,/,0.4,0.2,0.9,0.8,8.7,0.0,9.5,105.4,21022120.7,11.1,0.6,0.0,0.0,0.0,0.0,50.9,0.0,0.0,-263.2,0.0,0.0,0.0,,,
emotion-classification,emotion-classic-light-112x96,student_g32,96x112,x86-64-nuc,lne,CPU,F32,/,/,0.1,0.1,0.3,0.7,10.9,0.0,11.6,85.9,17130233.9,10.7,0.6,0.0,0.0,0.0,0.0,38.8,0.0,0.0,-263.2,0.0,0.0,0.0,,,
emotion-classification,emotion-classic-light-112x96,student_g32,96x112,x86-64-nuc,onnxruntime,CPU,F32,/,/,0.1,0.1,0.3,1.0,8.0,0.0,9.1,110.4,22026575.2,11.0,0.6,0.0,0.0,0.0,0.0,51.0,0.0,0.0,-263.2,0.0,0.0,0.0,,,
emotion-classification,emotion-classic-light-112x96,student_g4,96x112,x86-64-nuc,lne,CPU,F32,/,/,0.2,0.1,0.6,0.7,13.7,0.0,14.4,69.4,13840591.6,10.9,0.6,0.0,0.0,0.0,0.0,40.8,0.0,0.0,-263.2,0.0,0.0,0.0,,,
emotion-classification,emotion-classic-light-112x96,student_g4,96x112,x86-64-nuc,onnxruntime,CPU,F32,/,/,0.2,0.1,0.6,0.9,7.4,0.0,8.3,120.8,24095883.5,10.1,0.5,0.0,0.0,0.0,0.0,50.3,0.0,0.0,-263.2,0.0,0.0,0.0,,,
emotion-classification,emotion-classic-light-112x96,student_g8,96x112,x86-64-nuc,lne,CPU,F32,/,/,0.2,0.1,0.4,0.7,11.3,0.0,12.0,83.6,16676029.4,10.6,0.6,0.0,0.0,0.0,0.0,40.2,0.0,0.0,-263.2,0.0,0.0,0.0,,,
emotion-classification,emotion-classic-light-112x96,student_g8,96x112,x86-64-nuc,onnxruntime,CPU,F32,/,/,0.2,0.1,0.4,0.9,7.7,0.0,8.6,115.8,23105817.5,10.6,0.6,0.0,0.0,0.0,0.0,51.8,0.0,0.0,-263.2,0.0,0.0,0.0,,,
emotion-classification,emotion-classic-light-112x96,teacher_onnx,96x112,x86-64-nuc,lne,CPU,F32,/,/,0.5,8.5,33.8,0.7,15.6,0.0,16.3,61.4,12257338.7,11.8,0.7,0.0,0.0,0.0,0.0,41.4,0.0,0.0,-263.2,0.0,0.0,0.0,,,
emotion-classification,emotion-classic-light-112x96,teacher_onnx,96x112,x86-64-nuc,onnxruntime,CPU,F32,/,/,0.5,8.5,33.8,0.5,14.4,0.0,14.9,66.9,13343496.1,10.3,0.5,0.0,0.0,0.0,0.0,51.0,0.0,0.0,-263.2,0.0,0.0,0.0,,,
eyegaze,eyegaze-rankgaze,mobilefacenet-mpiigaze,224x224,x86-64-nuc,lne,CPU,F32,Avg MAE,5.66,1.9,4.2,16.6,1.1,101.2,0.0,102.3,9.8,1950326.6,12.2,0.7,0.0,0.0,0.0,0.0,47.6,0.0,0.0,-263.2,0.0,0.0,0.0,,,
eyegaze,eyegaze-rankgaze,mobilefacenet-mpiigaze,224x224,x86-64-nuc,onnxruntime,CPU,F32,Avg MAE,5.66,1.9,4.2,16.6,0.8,77.0,0.0,77.7,12.9,2565878.9,11.2,0.6,0.0,0.0,0.0,0.0,52.4,0.0,0.0,-263.2,0.0,0.0,0.0,,,
eyegaze,eyegaze-rankgaze,mobilefacenet-mpiigaze-righteye-t50,32x32,x86-64-nuc,lne,CPU,F32,Avg MAE,5.9,0.0,4.1,16.2,0.1,5.1,0.0,5.2,191.9,38284385.1,9.9,0.5,0.0,0.0,0.0,0.0,36.0,0.0,0.0,-263.2,0.0,0.0,0.0,,,
eyegaze,eyegaze-rankgaze,mobilefacenet-mpiigaze-righteye-t50,32x32,x86-64-nuc,onnxruntime,CPU,F32,Avg MAE,5.9,0.0,4.1,16.2,0.1,7.7,0.0,7.8,128.3,25591207.8,10.9,0.6,0.0,0.0,0.0,0.0,50.7,0.0,0.0,-263.2,0.0,0.0,0.0,,,
eyegaze,eyegaze-rankgaze,mobilefacenet-mpiigaze-righteye-t50,48x32,x86-64-nuc,lne,CPU,F32,Avg MAE,7.25,0.1,4.1,16.2,0.1,5.9,0.0,6.0,165.4,32988321.8,10.1,0.5,0.0,0.0,0.0,0.0,36.7,0.0,0.0,-263.2,0.0,0.0,0.0,,,
eyegaze,eyegaze-rankgaze,mobilefacenet-mpiigaze-righteye-t50,48x32,x86-64-nuc,onnxruntime,CPU,F32,Avg MAE,7.25,0.1,4.1,16.2,0.1,7.3,0.0,7.4,135.4,27008090.9,11.5,0.6,0.0,0.0,0.0,0.0,50.1,0.0,0.0,-263.2,0.0,0.0,0.0,,,
eyegaze,eyegaze-rankgaze,mobilefacenet-mpiigaze-righteye-t50,64x48,x86-64-nuc,lne,CPU,F32,Avg MAE,6.32,0.1,4.1,16.2,0.1,8.7,0.0,8.8,113.1,22557398.5,10.9,0.6,0.0,0.0,0.0,0.0,37.8,0.0,0.0,-263.2,0.0,0.0,0.0,,,
eyegaze,eyegaze-rankgaze,mobilefacenet-mpiigaze-righteye-t50,64x48,x86-64-nuc,onnxruntime,CPU,F32,Avg MAE,6.32,0.1,4.1,16.2,0.1,6.9,0.0,7.0,142.6,28447586.2,10.5,0.6,0.0,0.0,0.0,0.0,50.3,0.0,0.0,-263.2,0.0,0.0,0.0,,,
eyegaze,eyegaze-rankgaze,mobilefacenet-mpiigaze-righteye-t50,64x64,x86-64-nuc,lne,CPU,F32,Avg MAE,5.82,0.2,4.1,16.2,0.1,11.0,0.0,11.2,89.7,17885978.4,10.9,0.6,0.0,0.0,0.0,0.0,38.9,0.0,0.0,-263.2,0.0,0.0,0.0,,,
eyegaze,eyegaze-rankgaze,mobilefacenet-mpiigaze-righteye-t50,64x64,x86-64-nuc,onnxruntime,CPU,F32,Avg MAE,5.82,0.2,4.1,16.2,0.2,15.1,0.0,15.3,65.4,13055343.8,10.2,0.5,0.0,0.0,0.0,0.0,51.0,0.0,0.0,-263.2,0.0,0.0,0.0,,,
eyegaze,eyegaze-rankgaze,resnet50-mpiigaze,224x224,x86-64-nuc,lne,CPU,F32,/,/,8.2,25.6,102.3,1.2,158.3,0.0,159.5,6.3,1250588.8,11.6,0.7,0.0,0.0,0.0,0.0,48.9,0.0,0.0,-263.2,0.0,0.0,0.0,,,
eyegaze,eyegaze-rankgaze,resnet50-mpiigaze,224x224,x86-64-nuc,onnxruntime,CPU,F32,/,/,8.2,25.6,102.3,0.8,229.0,0.0,229.8,4.4,867922.7,12.5,0.7,0.0,0.0,0.0,0.0,52.0,0.0,0.0,-263.2,0.0,0.0,0.0,,,
headpose-estimation,headpose-rankpose,mobilefacenetfc512,112x112,x86-64-nuc,lne,CPU,F32,Avg MAE,4.4,0.5,6.2,25.0,0.4,29.8,0.0,30.3,33.0,6590680.4,11.1,0.6,0.0,0.0,0.0,0.0,41.7,0.0,0.0,-263.2,0.0,0.0,0.0,,,
headpose-estimation,headpose-rankpose,mobilefacenetfc512,112x112,x86-64-nuc,onnxruntime,CPU,F32,Avg MAE,4.4,0.5,6.2,25.0,0.4,27.2,0.0,27.7,36.2,7212683.1,10.2,0.5,0.0,0.0,0.0,0.0,51.7,0.0,0.0,-263.2,0.0,0.0,0.0,,,
headpose-estimation,headpose-rankpose,mobilefacenetfc512,192x224,x86-64-nuc,lne,CPU,F32,Avg MAE,4.63,1.6,6.3,25.2,1.0,89.5,0.0,90.5,11.0,2203515.9,12.2,0.7,0.0,0.0,0.0,0.0,46.8,0.0,0.0,-263.2,0.0,0.0,0.0,,,
headpose-estimation,headpose-rankpose,mobilefacenetfc512,192x224,x86-64-nuc,onnxruntime,CPU,F32,Avg MAE,4.63,1.6,6.3,25.2,0.7,86.5,0.0,87.3,11.5,2285727.6,10.5,0.6,0.0,0.0,0.0,0.0,52.0,0.0,0.0,-263.2,0.0,0.0,0.0,,,
headpose-estimation,headpose-rankpose,mobilefacenetfc512,224x224,x86-64-nuc,lne,CPU,F32,Avg MAE,4.43,1.9,6.3,25.3,1.1,107.9,0.0,109.1,9.2,1829150.5,12.3,0.7,0.0,0.0,0.0,0.0,47.6,0.0,0.0,-263.2,0.0,0.0,0.0,,,
headpose-estimation,headpose-rankpose,mobilefacenetfc512,224x224,x86-64-nuc,onnxruntime,CPU,F32,Avg MAE,4.43,1.9,6.3,25.3,0.8,96.9,0.0,97.7,10.2,2042613.0,10.6,0.6,0.0,0.0,0.0,0.0,51.9,0.0,0.0,-263.2,0.0,0.0,0.0,,,
headpose-estimation,headpose-rankpose,mobilefacenetfc512,96x112,x86-64-nuc,lne,CPU,F32,Avg MAE,4.63,0.4,6.2,25.0,0.6,42.1,0.0,42.8,23.4,4663043.5,10.6,0.6,0.0,0.0,0.0,0.0,43.4,0.0,0.0,-263.2,0.0,0.0,0.0,,,
headpose-estimation,headpose-rankpose,mobilefacenetfc512,96x112,x86-64-nuc,onnxruntime,CPU,F32,Avg MAE,4.63,0.4,6.2,25.0,0.4,20.4,0.0,20.8,48.1,9596599.8,11.6,0.6,0.0,0.0,0.0,0.0,51.1,0.0,0.0,-263.2,0.0,0.0,0.0,,,
headpose-estimation,headpose-rankpose,mobilefacenetfc512onlypose,96x112,x86-64-nuc,lne,CPU,F32,Avg MAE,4.34,0.4,3.0,12.1,0.6,44.2,0.0,44.8,22.3,4450728.7,10.2,0.5,0.0,0.0,0.0,0.0,43.9,0.0,0.0,-263.2,0.0,0.0,0.0,,,
headpose-estimation,headpose-rankpose,mobilefacenetfc512onlypose,96x112,x86-64-nuc,onnxruntime,CPU,F32,Avg MAE,4.34,0.4,3.0,12.1,0.4,18.1,0.0,18.5,54.0,10779960.4,11.5,0.6,0.0,0.0,0.0,0.0,52.0,0.0,0.0,-263.2,0.0,0.0,0.0,,,
headpose-estimation,headpose-rankpose,mobilefacenetonlyposefc512,112x112,x86-64-nuc,lne,CPU,F32,Avg MAE,4.38,0.5,3.0,12.1,0.6,47.3,0.0,48.0,20.9,4159838.2,10.4,0.6,0.0,0.0,0.0,0.0,44.6,0.0,0.0,-263.2,0.0,0.0,0.0,,,
headpose-estimation,headpose-rankpose,mobilefacenetonlyposefc512,112x112,x86-64-nuc,onnxruntime,CPU,F32,Avg MAE,4.38,0.5,3.0,12.1,0.6,44.1,0.3,45.0,22.2,4432475.0,10.6,0.6,0.0,0.0,0.0,0.0,51.1,0.0,0.0,-263.2,0.0,0.0,0.0,,,
headpose-estimation,headpose-rankpose,resnet50,224x224,x86-64-nuc,lne,CPU,F32,/,/,8.2,23.8,95.1,1.7,287.1,0.0,288.9,3.5,690555.5,11.5,0.6,0.0,0.0,0.0,0.0,49.7,0.0,0.0,-263.2,0.0,0.0,0.0,,,
headpose-estimation,headpose-rankpose,resnet50,224x224,x86-64-nuc,onnxruntime,CPU,F32,/,/,8.2,23.8,95.1,0.9,291.4,0.0,292.3,3.4,682510.5,12.6,0.7,0.0,0.0,0.0,0.0,51.9,0.0,0.0,-263.2,0.0,0.0,0.0,,,
imagenet,imagenet-alexnet,benchmark,227x227,x86-64-nuc,lne,CPU,F32,Accuracy top-1,56.6,1.4,61.0,243.9,1.2,52.8,0.0,54.0,18.5,3694021.6,13.5,0.8,0.0,0.0,0.0,0.0,43.6,0.0,0.0,-263.2,0.0,0.0,0.0,,,
imagenet,imagenet-alexnet,benchmark,227x227,x86-64-nuc,onnxruntime,CPU,F32,Accuracy top-1,56.6,1.4,61.0,243.9,/,/,/,/,/,/,0.0,0.0,0.0,0.0,0.0,0.0,0.0,0.0,0.0,0.0,0.0,0.0,0.0,,,
imagenet,imagenet-efficientb0,default,224x224,x86-64-nuc,lne,CPU,F32,Accuracy top-1,77.1,0.8,5.3,21.1,1.2,94.5,0.0,95.7,10.4,2084503.2,10.9,0.6,0.0,0.0,0.0,0.0,45.5,0.0,0.0,-263.2,0.0,0.0,0.0,,,
imagenet,imagenet-efficientb0,default,224x224,x86-64-nuc,onnxruntime,CPU,F32,Accuracy top-1,77.1,0.8,5.3,21.1,0.8,42.5,0.3,43.6,22.9,4577415.4,11.0,0.6,0.0,0.0,0.0,0.0,52.2,0.0,0.0,-263.2,0.0,0.0,0.0,,,
imagenet,imagenet-googlenet,benchmark,224x224,x86-64-nuc,lne,CPU,F32,Accuracy top-1,66.5,3.2,7.0,28.0,1.3,129.2,0.0,130.6,7.7,1527544.6,11.7,0.7,0.0,0.0,0.0,0.0,46.8,0.0,0.0,-263.2,0.0,0.0,0.0,,,
imagenet,imagenet-googlenet,benchmark,224x224,x86-64-nuc,onnxruntime,CPU,F32,Accuracy top-1,66.5,3.2,7.0,28.0,/,/,/,/,/,/,0.0,0.0,0.0,0.0,0.0,0.0,0.0,0.0,0.0,0.0,0.0,0.0,0.0,,,
imagenet,imagenet-mobilenet,default,224x224,x86-64-nuc,lne,CPU,F32,Accuracy top-1,69.5,1.1,4.2,16.9,1.2,45.4,0.0,46.6,21.5,4281941.7,10.5,0.6,0.0,0.0,0.0,0.0,42.8,0.0,0.0,-263.2,0.0,0.0,0.0,,,
imagenet,imagenet-mobilenet,default,224x224,x86-64-nuc,onnxruntime,CPU,F32,Accuracy top-1,69.5,1.1,4.2,16.9,/,/,/,/,/,/,0.0,0.0,0.0,0.0,0.0,0.0,0.0,0.0,0.0,0.0,0.0,0.0,0.0,,,
imagenet,imagenet-mobilenet-v2,fp32,224x224,x86-64-nuc,lne,CPU,F32,Accuracy top-1,71.8,0.6,3.5,14.0,1.5,72.4,0.0,73.9,13.5,2699362.2,11.5,0.6,0.0,0.0,0.0,0.0,44.7,0.0,0.0,-263.2,0.0,0.0,0.0,,,
imagenet,imagenet-mobilenet-v2,fp32,224x224,x86-64-nuc,onnxruntime,CPU,F32,Accuracy top-1,71.8,0.6,3.5,14.0,0.8,19.0,0.1,20.0,50.1,9992491.3,11.4,0.6,0.0,0.0,0.0,0.0,50.0,0.0,0.0,-263.2,0.0,0.0,0.0,,,
imagenet,imagenet-mobilenetv3,large,223x224,x86-64-nuc,lne,CPU,F32,Accuracy top-1,75.2,0.4,5.5,21.9,0.8,46.2,0.0,47.1,21.2,4237882.3,11.9,0.7,0.0,0.0,0.0,0.0,42.3,0.0,0.0,-263.2,0.0,0.0,0.0,,,
imagenet,imagenet-mobilenetv3,large,223x224,x86-64-nuc,onnxruntime,CPU,F32,Accuracy top-1,75.2,0.4,5.5,21.9,0.9,23.3,0.0,24.2,41.3,8232014.2,11.1,0.6,0.0,0.0,0.0,0.0,50.6,0.0,0.0,-263.2,0.0,0.0,0.0,,,
imagenet,imagenet-mobilenetv3,small,223x224,x86-64-nuc,lne,CPU,F32,Accuracy top-1,67.4,0.1,2.9,11.8,1.0,16.0,0.0,17.0,58.8,11721407.9,10.8,0.6,0.0,0.0,0.0,0.0,37.4,0.0,0.0,-263.2,0.0,0.0,0.0,,,
imagenet,imagenet-mobilenetv3,small,223x224,x86-64-nuc,onnxruntime,CPU,F32,Accuracy top-1,67.4,0.1,2.9,11.8,1.0,12.2,0.0,13.3,75.4,15050905.3,10.9,0.6,0.0,0.0,0.0,0.0,49.1,0.0,0.0,-263.2,0.0,0.0,0.0,,,
imagenet,imagenet-resnet-resnet18,benchmark,224x224,x86-64-nuc,lne,CPU,F32,Accuracy top-1,69.6,3.7,11.7,46.8,1.2,68.9,0.0,70.1,14.3,2845648.5,10.7,0.6,0.0,0.0,0.0,0.0,45.1,0.0,0.0,-263.2,0.0,0.0,0.0,,,
imagenet,imagenet-resnet-resnet18,benchmark,224x224,x86-64-nuc,onnxruntime,CPU,F32,Accuracy top-1,69.6,3.7,11.7,46.8,/,/,/,/,/,/,0.0,0.0,0.0,0.0,0.0,0.0,0.0,0.0,0.0,0.0,0.0,0.0,0.0,,,
imagenet,imagenet-resnet-resnet32,caffe,224x224,x86-64-nuc,lne,CPU,F32,Accuracy top-1,73.3,4.6,20.7,82.9,1.2,107.1,0.0,108.3,9.2,1841307.8,12.4,0.7,0.0,0.0,0.0,0.0,46.8,0.0,0.0,-263.2,0.0,0.0,0.0,,,
imagenet,imagenet-resnet-resnet32,caffe,224x224,x86-64-nuc,onnxruntime,CPU,F32,Accuracy top-1,73.3,4.6,20.7,82.9,/,/,/,/,/,/,0.0,0.0,0.0,0.0,0.0,0.0,0.0,0.0,0.0,0.0,0.0,0.0,0.0,,,
imagenet,imagenet-resnet-resnet50,onnx,224x224,x86-64-nuc,lne,CPU,F32,Accuracy top-1,76.0,7.7,25.5,102.1,1.5,219.4,0.0,220.9,4.5,902874.3,11.5,0.6,0.0,0.0,0.0,0.0,48.5,0.0,0.0,-263.2,0.0,0.0,0.0,,,
imagenet,imagenet-resnet-resnet50,onnx,224x224,x86-64-nuc,onnxruntime,CPU,F32,Accuracy top-1,76.0,7.7,25.5,102.1,0.8,165.7,0.0,166.5,6.0,1198323.4,12.8,0.7,0.0,0.0,0.0,0.0,52.2,0.0,0.0,-263.2,0.0,0.0,0.0,,,
imagenet,imagenet-squeezenet,benchmark,227x227,x86-64-nuc,lne,CPU,F32,Accuracy top-1,58.2,0.8,1.2,4.9,1.2,29.3,0.0,30.6,32.7,6527287.4,11.4,0.6,0.0,0.0,0.0,0.0,40.3,0.0,0.0,-263.2,0.0,0.0,0.0,,,
imagenet,imagenet-squeezenet,benchmark,227x227,x86-64-nuc,onnxruntime,CPU,F32,Accuracy top-1,58.2,0.8,1.2,4.9,/,/,/,/,/,/,0.0,0.0,0.0,0.0,0.0,0.0,0.0,0.0,0.0,0.0,0.0,0.0,0.0,,,
3D-face-landmarks,face-landmarks-detection-3ddfa,default,120x120,stm32mp1,lne,CPU,F32,/,/,0.4,3.3,13.0,50.1,550.9,0.8,601.8,1.7,3.3,47.8,0.2,0.0,0.0,0.0,0.0,98.3,0.0,0.0,51.9,0.0,0.0,0.0,,,
bodypose-estimation,body-pose-openpifpaf,regnety400mf-59p,128x96,stm32mp1,lne,CPU,F32,/,/,0.2,4.7,19.0,17.2,444.4,50.4,512.0,2.0,3.9,48.7,0.2,0.0,0.0,0.0,0.0,99.3,0.0,0.0,53.0,0.0,0.0,0.0,,,
bodypose-estimation,body-pose-openpifpaf,regnety400mf-59p,192x144,stm32mp1,lne,CPU,F32,/,/,0.5,4.7,19.0,46.9,952.8,160.4,1160.1,0.9,1.7,52.3,0.2,0.0,0.0,0.0,0.0,99.8,0.0,0.0,53.2,0.0,0.0,0.0,,,
bodypose-estimation,body-pose-openpifpaf,regnety400mf-59p,256x192,stm32mp1,lne,CPU,F32,/,/,0.9,4.7,19.0,62.7,1599.3,257.1,1919.1,0.5,1.0,55.2,0.2,0.0,0.0,0.0,0.0,99.9,0.0,0.0,53.3,0.0,0.0,0.0,,,
bodypose-estimation,body-pose-openpifpaf,regnety400mf-86p,128x96,stm32mp1,lne,CPU,F32,/,/,0.2,4.7,19.0,16.6,441.3,68.5,526.3,1.9,3.8,50.0,0.2,0.0,0.0,0.0,0.0,99.5,0.0,0.0,53.1,0.0,0.0,0.0,,,
bodypose-estimation,body-pose-openpifpaf,regnety400mf-86p,192x144,stm32mp1,lne,CPU,F32,/,/,0.5,4.7,19.0,45.9,966.8,222.3,1235.0,0.8,1.6,52.4,0.2,0.0,0.0,0.0,0.0,99.7,0.0,0.0,53.2,0.0,0.0,0.0,,,
bodypose-estimation,body-pose-openpifpaf,regnety400mf-86p,256x192,stm32mp1,lne,CPU,F32,/,/,0.9,4.7,19.0,64.6,1595.0,372.6,2032.2,0.5,1.0,53.2,0.2,0.0,0.0,0.0,0.0,99.9,0.0,0.0,53.3,0.0,0.0,0.0,,,
bodypose-estimation,body-pose-openpifpaf,regnety400mf-hands,128x96,stm32mp1,lne,CPU,F32,/,/,0.2,4.7,19.0,16.7,449.2,38.0,503.9,2.0,4.0,49.0,0.2,0.0,0.0,0.0,0.0,99.4,0.0,0.0,53.0,0.0,0.0,0.0,,,
bodypose-estimation,body-pose-openpifpaf,regnety400mf-hands,192x144,stm32mp1,lne,CPU,F32,/,/,0.5,4.7,19.0,47.9,978.1,110.1,1136.1,0.9,1.8,50.9,0.2,0.0,0.0,0.0,0.0,99.8,0.0,0.0,53.1,0.0,0.0,0.0,,,
bodypose-estimation,body-pose-openpifpaf,regnety400mf-hands,256x192,stm32mp1,lne,CPU,F32,/,/,0.9,4.7,19.0,63.6,1603.3,188.9,1855.9,0.5,1.1,52.9,0.2,0.0,0.0,0.0,0.0,99.8,0.0,0.0,53.3,0.0,0.0,0.0,,,
bodypose-estimation,body-pose-openpifpaf,regnety400mf-wholebody,128x96,stm32mp1,lne,CPU,F32,/,/,0.2,4.7,19.0,17.4,447.3,109.2,573.8,1.7,3.5,51.4,0.2,0.0,0.0,0.0,0.0,99.5,0.0,0.0,53.0,0.0,0.0,0.0,,,
bodypose-estimation,body-pose-openpifpaf,regnety400mf-wholebody,192x144,stm32mp1,lne,CPU,F32,/,/,0.5,4.7,19.0,47.4,963.5,340.8,1351.6,0.7,1.5,53.9,0.2,0.0,0.0,0.0,0.0,99.8,0.0,0.0,53.1,0.0,0.0,0.0,,,
bodypose-estimation,body-pose-openpifpaf,regnety400mf-wholebody,256x192,stm32mp1,lne,CPU,F32,/,/,0.9,4.7,19.0,64.2,1603.8,583.7,2251.7,0.4,0.9,54.5,0.3,0.0,0.0,0.0,0.0,99.9,0.0,0.0,53.4,0.0,0.0,0.0,,,
bodypose-estimation,body-pose-openpifpaf,regnety800mf-59p,128x96,stm32mp1,lne,CPU,F32,/,/,0.4,7.2,28.6,17.0,759.0,46.6,822.6,1.2,2.4,52.8,0.2,0.0,0.0,0.0,0.0,99.7,0.0,0.0,53.1,0.0,0.0,0.0,,,
bodypose-estimation,body-pose-openpifpaf,regnety800mf-59p,192x144,stm32mp1,lne,CPU,F32,/,/,1.0,7.2,28.6,47.7,1669.6,147.5,1864.8,0.5,1.1,58.6,0.2,0.0,0.0,0.0,0.0,99.9,0.0,0.0,53.3,0.0,0.0,0.0,,,
bodypose-estimation,body-pose-openpifpaf,regnety800mf-59p,256x192,stm32mp1,lne,CPU,F32,/,/,1.8,7.2,28.6,65.3,2819.6,254.4,3139.3,0.3,0.6,61.9,0.3,0.0,0.0,0.0,0.0,99.9,0.0,0.0,53.5,0.0,0.0,0.0,,,
bodypose-estimation,body-pose-openpifpaf,regnety800mf-86p,128x96,stm32mp1,lne,CPU,F32,/,/,0.4,7.2,28.6,17.1,755.7,68.8,841.6,1.2,2.4,55.2,0.2,0.0,0.0,0.0,0.0,99.7,0.0,0.0,53.4,0.0,0.0,0.0,,,
bodypose-estimation,body-pose-openpifpaf,regnety800mf-86p,192x144,stm32mp1,lne,CPU,F32,/,/,1.0,7.2,28.6,47.5,1685.3,219.8,1952.6,0.5,1.0,58.3,0.2,0.0,0.0,0.0,0.0,99.9,0.0,0.0,53.4,0.0,0.0,0.0,,,
bodypose-estimation,body-pose-openpifpaf,regnety800mf-86p,256x192,stm32mp1,lne,CPU,F32,/,/,1.8,7.2,28.6,63.2,2834.3,367.0,3264.4,0.3,0.6,60.4,0.3,0.0,0.0,0.0,0.0,99.9,0.0,0.0,53.5,0.0,0.0,0.0,,,
bodypose-estimation,body-pose-openpifpaf,regnety800mf-hands,128x96,stm32mp1,lne,CPU,F32,/,/,0.4,7.2,28.6,17.7,762.8,36.3,816.8,1.2,2.4,55.9,0.2,0.0,0.0,0.0,0.0,99.7,0.0,0.0,52.6,0.0,0.0,0.0,,,
bodypose-estimation,body-pose-openpifpaf,regnety800mf-hands,192x144,stm32mp1,lne,CPU,F32,/,/,1.0,7.2,28.6,46.9,1682.7,107.8,1837.4,0.5,1.1,57.8,0.2,0.0,0.0,0.0,0.0,99.8,0.0,0.0,53.1,0.0,0.0,0.0,,,
bodypose-estimation,body-pose-openpifpaf,regnety800mf-hands,256x192,stm32mp1,lne,CPU,F32,/,/,1.8,7.2,28.6,62.1,2812.4,190.0,3064.4,0.3,0.7,61.8,0.3,0.0,0.0,0.0,0.0,99.9,0.0,0.0,53.3,0.0,0.0,0.0,,,
bodypose-estimation,body-pose-openpifpaf,regnety800mf-wholebody,128x96,stm32mp1,lne,CPU,F32,/,/,0.4,7.2,28.6,16.9,757.7,105.3,880.0,1.1,2.3,56.2,0.2,0.0,0.0,0.0,0.0,99.7,0.0,0.0,53.3,0.0,0.0,0.0,,,
bodypose-estimation,body-pose-openpifpaf,regnety800mf-wholebody,192x144,stm32mp1,lne,CPU,F32,/,/,1.0,7.2,28.6,46.3,1680.7,328.3,2055.3,0.5,1.0,58.4,0.3,0.0,0.0,0.0,0.0,99.9,0.0,0.0,53.3,0.0,0.0,0.0,,,
bodypose-estimation,body-pose-openpifpaf,regnety800mf-wholebody,256x192,stm32mp1,lne,CPU,F32,/,/,1.8,7.2,28.6,62.5,2827.2,575.5,3465.2,0.3,0.6,58.2,0.3,0.0,0.0,0.0,0.0,99.9,0.0,0.0,53.5,0.0,0.0,0.0,,,
bodypose-estimation,body-pose-openpifpaf,resnet50-012-13,160x120,stm32mp1,lne,CPU,F32,/,/,13.0,27.4,109.7,/,/,/,/,/,/,0.0,0.0,0.0,0.0,0.0,0.0,0.0,0.0,0.0,0.0,0.0,0.0,0.0,,,
bodypose-estimation,body-pose-openpifpaf,resnet50-012-13,240x180,stm32mp1,lne,CPU,F32,/,/,28.9,25.6,102.3,/,/,/,/,/,/,0.0,0.0,0.0,0.0,0.0,0.0,0.0,0.0,0.0,0.0,0.0,0.0,0.0,,,
bodypose-estimation,body-pose-openpifpaf,resnet50-012-13,320x180,stm32mp1,lne,CPU,F32,/,/,38.6,25.6,102.3,/,/,/,/,/,/,0.0,0.0,0.0,0.0,0.0,0.0,0.0,0.0,0.0,0.0,0.0,0.0,0.0,,,
bodypose-estimation,body-pose-openpifpaf,resnet50-012-13,320x240,stm32mp1,lne,CPU,F32,/,/,51.5,27.4,109.7,/,/,/,/,/,/,0.0,0.0,0.0,0.0,0.0,0.0,0.0,0.0,0.0,0.0,0.0,0.0,0.0,,,
bodypose-estimation,body-pose-openpifpaf,resnet50-012-13,640x480,stm32mp1,lne,CPU,F32,/,/,205.8,27.5,109.9,/,/,/,/,/,/,0.0,0.0,0.0,0.0,0.0,0.0,0.0,0.0,0.0,0.0,0.0,0.0,0.0,,,
bodypose-estimation,body-pose-openpifpaf,resnet50-012,161x129,stm32mp1,lne,CPU,F32,/,/,14.9,25.6,102.3,/,/,/,/,/,/,0.0,0.0,0.0,0.0,0.0,0.0,0.0,0.0,0.0,0.0,0.0,0.0,0.0,,,
bodypose-estimation,body-pose-openpifpaf,resnet50-012,321x241,stm32mp1,lne,CPU,F32,/,/,53.1,25.6,102.3,/,/,/,/,/,/,0.0,0.0,0.0,0.0,0.0,0.0,0.0,0.0,0.0,0.0,0.0,0.0,0.0,,,
bodypose-estimation,body-pose-openpifpaf,resnet50-012,321x321,stm32mp1,lne,CPU,F32,/,/,70.3,25.6,102.4,/,/,/,/,/,/,0.0,0.0,0.0,0.0,0.0,0.0,0.0,0.0,0.0,0.0,0.0,0.0,0.0,,,
bodypose-estimation,body-pose-openpifpaf,resnet50-012,641x481,stm32mp1,lne,CPU,F32,/,/,206.9,25.6,102.4,/,/,/,/,/,/,0.0,0.0,0.0,0.0,0.0,0.0,0.0,0.0,0.0,0.0,0.0,0.0,0.0,,,
bodypose-estimation,body-pose-openpifpaf-shufflenet-sk30,160x120,160x120,stm32mp1,lne,CPU,F32,/,/,14.5,45.2,180.9,/,/,/,/,/,/,0.0,0.0,0.0,0.0,0.0,0.0,0.0,0.0,0.0,0.0,0.0,0.0,0.0,,,
bodypose-estimation,body-pose-openpifpaf-shufflenet-sk30,320x180,320x180,stm32mp1,lne,CPU,F32,/,/,43.9,45.2,181.0,/,/,/,/,/,/,0.0,0.0,0.0,0.0,0.0,0.0,0.0,0.0,0.0,0.0,0.0,0.0,0.0,,,
bodypose-estimation,body-pose-openpifpaf-shufflenet-sk30,320x240,320x240,stm32mp1,lne,CPU,F32,/,/,56.6,45.2,181.0,/,/,/,/,/,/,0.0,0.0,0.0,0.0,0.0,0.0,0.0,0.0,0.0,0.0,0.0,0.0,0.0,,,
bodypose-estimation,body-pose-openpifpaf-shufflenet-sk30,640x480,640x480,stm32mp1,lne,CPU,F32,/,/,226.5,45.3,181.0,/,/,/,/,/,/,0.0,0.0,0.0,0.0,0.0,0.0,0.0,0.0,0.0,0.0,0.0,0.0,0.0,,,
bodypose-estimation,body-pose-openpifpaf-shufflenet-v2k16,240x180,240x180,stm32mp1,lne,CPU,F32,/,/,11.8,20.5,82.1,55.6,18601.4,865.9,19523.0,0.1,0.1,78.7,0.4,0.0,0.0,0.0,0.0,99.8,0.0,0.0,54.9,0.0,0.0,0.0,,,
bodypose-estimation,body-pose-openpifpaf-shufflenet-v2k16,320x180,320x180,stm32mp1,lne,CPU,F32,/,/,15.8,20.5,82.1,/,/,/,/,/,/,0.0,0.0,0.0,0.0,0.0,0.0,0.0,0.0,0.0,0.0,0.0,0.0,0.0,,,
bodypose-estimation,body-pose-openpifpaf-shufflenet-v2k16,320x240,320x240,stm32mp1,lne,CPU,F32,/,/,20.2,20.5,82.1,/,/,/,/,/,/,0.0,0.0,0.0,0.0,0.0,0.0,0.0,0.0,0.0,0.0,0.0,0.0,0.0,,,
coco,incar-object-detection-nanodet,5x,320x320,stm32mp1,lne,CPU,F32,/,/,1.8,2.5,9.8,64.6,3382.5,0.1,3447.1,0.3,0.6,41.4,0.2,0.0,0.0,0.0,0.0,99.5,0.0,0.0,53.1,0.0,0.0,0.0,,,
coco,incar-object-detection-nanodet,m,320x320,stm32mp1,lne,CPU,F32,/,/,0.9,1.2,4.7,64.5,1981.7,0.1,2046.2,0.5,1.0,40.1,0.1,0.0,0.0,0.0,0.0,99.2,0.0,0.0,52.7,0.0,0.0,0.0,,,
face-landmarks-detection,face-landmarks-detection-retinaface,mobile0.25mod4lite-12-48,320x320,stm32mp1,lne,CPU,F32,AP-medium,43.8,0.3,0.2,0.9,65.9,673.1,43.1,782.1,1.3,2.6,49.2,0.2,0.0,0.0,0.0,0.0,99.7,0.0,0.0,53.5,0.0,0.0,0.0,,,
face-landmarks-detection,face-landmarks-detection-retinaface,mobile0.25mod4lite-12-48,320x185,stm32mp1,lne,CPU,F32,AP-medium,31.9,0.2,0.2,0.9,101.5,399.8,28.4,529.7,1.9,3.8,45.8,0.2,0.0,0.0,0.0,0.0,99.6,0.0,0.0,52.2,0.0,0.0,0.0,,,
face-landmarks-detection,face-landmarks-detection-retinaface,mobile0.25mod4lite-12-48,320x250,stm32mp1,lne,CPU,F32,AP-medium,41.7,0.3,0.2,0.9,50.4,537.8,36.7,624.9,1.6,3.2,50.1,0.2,0.0,0.0,0.0,0.0,99.6,0.0,0.0,52.7,0.0,0.0,0.0,,,
face-landmarks-detection,face-landmarks-detection-retinaface,mobile0.25mod4lite-12-48,640x640,stm32mp1,lne,CPU,F32,AP-medium,73.9,1.3,0.2,0.9,249.1,2722.9,200.5,3172.5,0.3,0.6,66.8,0.3,0.0,0.0,0.0,0.0,99.5,0.0,0.0,53.0,0.0,0.0,0.0,,,
face-landmarks-detection,face-landmarks-detection-retinaface,mobile0.25mod4lite-12-48,640x380,stm32mp1,lne,CPU,F32,AP-medium,67.2,0.8,0.2,0.9,267.2,1610.6,125.6,2003.5,0.5,1.0,54.0,0.2,0.0,0.0,0.0,0.0,99.3,0.0,0.0,53.1,0.0,0.0,0.0,,,
face-landmarks-detection,face-landmarks-detection-retinaface,mobile0.25mod4lite-12-48,640x480,stm32mp1,lne,CPU,F32,AP-medium,72.3,1.0,0.2,0.9,180.9,2026.7,167.1,2374.7,0.4,0.8,63.3,0.2,0.0,0.0,0.0,0.0,99.4,0.0,0.0,54.1,0.0,0.0,0.0,,,
face-landmarks-detection,face-landmarks-detection-retinaface,mobile0.25mod4lite-16-64,320x320,stm32mp1,lne,CPU,F32,AP-medium,53.4,0.5,0.4,1.7,62.7,859.2,39.6,961.5,1.0,2.1,46.5,0.2,0.0,0.0,0.0,0.0,98.9,0.0,0.0,53.9,0.0,0.0,0.0,,,
face-landmarks-detection,face-landmarks-detection-retinaface,mobile0.25mod4lite-16-64,320x185,stm32mp1,lne,CPU,F32,AP-medium,42.2,0.3,0.4,1.7,102.0,505.4,27.2,634.6,1.6,3.2,45.8,0.2,0.0,0.0,0.0,0.0,98.5,0.0,0.0,52.6,0.0,0.0,0.0,,,
face-landmarks-detection,face-landmarks-detection-retinaface,mobile0.25mod4lite-16-64,320x250,stm32mp1,lne,CPU,F32,AP-medium,51.9,0.4,0.4,1.7,50.0,673.2,36.1,759.3,1.3,2.6,49.7,0.2,0.0,0.0,0.0,0.0,98.6,0.0,0.0,52.7,0.0,0.0,0.0,,,
face-landmarks-detection,face-landmarks-detection-retinaface,mobile0.25mod4lite-16-64,640x640,stm32mp1,lne,CPU,F32,AP-medium,79.9,2.1,0.4,1.7,253.3,3401.7,208.7,3863.8,0.3,0.5,72.3,0.3,0.0,0.0,0.0,0.0,99.5,0.0,0.0,53.2,0.0,0.0,0.0,,,
face-landmarks-detection,face-landmarks-detection-retinaface,mobile0.25mod4lite-16-64,640x380,stm32mp1,lne,CPU,F32,AP-medium,75.0,1.3,0.4,1.7,266.2,2029.0,121.9,2417.1,0.4,0.8,61.6,0.2,0.0,0.0,0.0,0.0,99.3,0.0,0.0,53.1,0.0,0.0,0.0,,,
face-landmarks-detection,face-landmarks-detection-retinaface,mobile0.25mod4lite-16-64,640x480,stm32mp1,lne,CPU,F32,AP-medium,78.7,1.6,0.4,1.7,182.1,2567.6,165.6,2915.3,0.3,0.7,67.3,0.2,0.0,0.0,0.0,0.0,99.4,0.0,0.0,53.5,0.0,0.0,0.0,,,
face-landmarks-detection,face-landmarks-detection-retinaface,mobile0.25mod4lite-32-72,320x320,stm32mp1,lne,CPU,F32,AP-medium,61.9,0.9,0.7,2.9,65.8,1444.1,41.2,1551.2,0.6,1.3,53.4,0.2,0.0,0.0,0.0,0.0,99.1,0.0,0.0,53.8,0.0,0.0,0.0,,,
face-landmarks-detection,face-landmarks-detection-retinaface,mobile0.25mod4lite-32-72,320x185,stm32mp1,lne,CPU,F32,AP-medium,50.5,0.6,0.7,2.9,105.5,867.2,29.2,1001.9,1.0,2.0,47.0,0.2,0.0,0.0,0.0,0.0,99.7,0.0,0.0,53.6,0.0,0.0,0.0,,,
face-landmarks-detection,face-landmarks-detection-retinaface,mobile0.25mod4lite-32-72,320x250,stm32mp1,lne,CPU,F32,AP-medium,60.3,0.7,0.7,2.9,48.6,1157.6,38.2,1244.4,0.8,1.6,44.1,0.2,0.0,0.0,0.0,0.0,99.7,0.0,0.0,53.5,0.0,0.0,0.0,,,
face-landmarks-detection,face-landmarks-detection-retinaface,mobile0.25mod4lite-32-72,640x640,stm32mp1,lne,CPU,F32,AP-medium,84.0,3.7,0.7,2.9,252.3,5799.1,199.9,6251.3,0.2,0.3,75.6,0.3,0.0,0.0,0.0,0.0,100.0,0.0,0.0,53.9,0.0,0.0,0.0,,,
face-landmarks-detection,face-landmarks-detection-retinaface,mobile0.25mod4lite-32-72,640x380,stm32mp1,lne,CPU,F32,AP-medium,79.7,2.2,0.7,2.9,271.1,3462.4,118.1,3851.7,0.3,0.5,64.7,0.2,0.0,0.0,0.0,0.0,100.0,0.0,0.0,54.6,0.0,0.0,0.0,,,
face-landmarks-detection,face-landmarks-detection-retinaface,mobile0.25mod4lite-32-72,640x480,stm32mp1,lne,CPU,F32,AP-medium,82.9,2.8,0.7,2.9,181.3,4356.9,163.2,4701.4,0.2,0.4,69.7,0.3,0.0,0.0,0.0,0.0,99.9,0.0,0.0,54.5,0.0,0.0,0.0,,,
face-landmarks-detection,face-landmarks-detection-retinaface,mobile0.25mod4lite-48-96,320x320,stm32mp1,lne,CPU,F32,AP-medium,64.0,1.7,1.4,5.7,67.6,2342.5,40.4,2450.4,0.4,0.8,51.6,0.2,0.0,0.0,0.0,0.0,100.0,0.0,0.0,54.1,0.0,0.0,0.0,,,
face-landmarks-detection,face-landmarks-detection-retinaface,mobile0.25mod4lite-48-96,320x185,stm32mp1,lne,CPU,F32,AP-medium,52.2,1.0,1.4,5.7,100.8,1397.0,28.3,1526.2,0.7,1.3,51.9,0.2,0.0,0.0,0.0,0.0,99.9,0.0,0.0,53.8,0.0,0.0,0.0,,,
face-landmarks-detection,face-landmarks-detection-retinaface,mobile0.25mod4lite-48-96,320x250,stm32mp1,lne,CPU,F32,AP-medium,62.5,1.3,1.4,5.7,49.7,1869.7,35.1,1954.5,0.5,1.0,47.8,0.2,0.0,0.0,0.0,0.0,99.9,0.0,0.0,53.9,0.0,0.0,0.0,,,
face-landmarks-detection,face-landmarks-detection-retinaface,mobile0.25mod4lite-48-96,640x640,stm32mp1,lne,CPU,F32,AP-medium,86.0,6.6,1.4,5.7,249.1,9253.0,211.7,9713.9,0.1,0.2,81.0,0.3,0.0,0.0,0.0,0.0,100.0,0.0,0.0,54.4,0.0,0.0,0.0,,,
face-landmarks-detection,face-landmarks-detection-retinaface,mobile0.25mod4lite-48-96,640x380,stm32mp1,lne,CPU,F32,AP-medium,81.6,3.9,1.4,5.7,263.4,5485.0,122.1,5870.4,0.2,0.3,64.4,0.2,0.0,0.0,0.0,0.0,99.7,0.0,0.0,54.1,0.0,0.0,0.0,,,
face-landmarks-detection,face-landmarks-detection-retinaface,mobile0.25mod4lite-48-96,640x480,stm32mp1,lne,CPU,F32,AP-medium,84.9,4.9,1.4,5.7,177.7,6922.2,162.9,7262.8,0.1,0.3,62.3,0.2,0.0,0.0,0.0,0.0,99.7,0.0,0.0,52.8,0.0,0.0,0.0,,,
face-landmarks-detection,face-landmarks-detection-retinaface,mobile0.25mod4lite-64-128,320x320,stm32mp1,lne,CPU,F32,AP-medium,68.4,2.9,2.5,10.0,65.5,3661.0,41.0,3767.4,0.3,0.5,49.1,0.2,0.0,0.0,0.0,0.0,99.5,0.0,0.0,54.3,0.0,0.0,0.0,,,
face-landmarks-detection,face-landmarks-detection-retinaface,mobile0.25mod4lite-64-128,320x185,stm32mp1,lne,CPU,F32,AP-medium,56.9,1.7,2.5,10.0,102.3,2198.7,26.6,2327.6,0.4,0.9,45.5,0.2,0.0,0.0,0.0,0.0,99.4,0.0,0.0,54.4,0.0,0.0,0.0,,,
face-landmarks-detection,face-landmarks-detection-retinaface,mobile0.25mod4lite-64-128,320x250,stm32mp1,lne,CPU,F32,AP-medium,66.5,2.3,2.5,10.0,51.4,2929.9,33.7,3015.0,0.3,0.7,45.4,0.2,0.0,0.0,0.0,0.0,99.4,0.0,0.0,54.6,0.0,0.0,0.0,,,
face-landmarks-detection,face-landmarks-detection-retinaface,mobile0.25mod4lite-64-128,640x640,stm32mp1,lne,CPU,F32,AP-medium,87.3,11.4,2.5,10.0,250.4,14530.6,203.6,14984.6,0.1,0.1,74.7,0.3,0.0,0.0,0.0,0.0,99.7,0.0,0.0,54.5,0.0,0.0,0.0,,,
face-landmarks-detection,face-landmarks-detection-retinaface,mobile0.25mod4lite-64-128,640x380,stm32mp1,lne,CPU,F32,AP-medium,83.3,6.8,2.5,10.0,264.1,8677.4,125.5,9067.0,0.1,0.2,60.3,0.2,0.0,0.0,0.0,0.0,99.7,0.0,0.0,54.8,0.0,0.0,0.0,,,
face-landmarks-detection,face-landmarks-detection-retinaface,mobile0.25mod4lite-64-128,640x480,stm32mp1,lne,CPU,F32,AP-medium,86.2,8.6,2.5,10.0,176.4,10916.3,163.1,11255.7,0.1,0.2,70.0,0.3,0.0,0.0,0.0,0.0,99.7,0.0,0.0,54.7,0.0,0.0,0.0,,,
incar-object-detection,incar-object-detection-nanodet,resnet50,320x320,stm32mp1,lne,CPU,F32,/,/,17.4,24.4,97.4,/,/,/,/,/,/,0.0,0.0,0.0,0.0,0.0,0.0,0.0,0.0,0.0,0.0,0.0,0.0,0.0,,,
face-recognition,face-recognition-insightsface-mobilefacenet,mxnet,112x112,stm32mp1,lne,CPU,F32,/,/,0.4,1.0,4.0,10.5,772.5,0.1,783.2,1.3,2.6,44.7,0.1,0.0,0.0,0.0,0.0,99.1,0.0,0.0,52.2,0.0,0.0,0.0,,,
age-gender-estimation,age-gender-insightface,mobilenet_0_25x,112x112,stm32mp1,lne,CPU,F32,/,/,0.1,0.3,1.1,10.5,171.4,0.1,182.0,5.5,11.0,41.5,0.2,0.0,0.0,0.0,0.0,99.5,0.0,0.0,49.8,0.0,0.0,0.0,,,
emotion-classification,emotion-classic-light-112x96,default_onnx,96x112,stm32mp1,lne,CPU,F32,/,/,0.4,2.7,10.8,18.7,293.0,0.1,311.8,3.2,6.4,45.7,0.1,0.0,0.0,0.0,0.0,98.7,0.0,0.0,49.5,0.0,0.0,0.0,,,
emotion-classification,emotion-classic-light-112x96,moonshine_onnx,96x112,stm32mp1,lne,CPU,F32,/,/,0.2,0.1,0.6,18.7,327.7,0.1,346.4,2.9,5.8,49.1,0.1,0.0,0.0,0.0,0.0,98.8,0.0,0.0,49.7,0.0,0.0,0.0,,,
emotion-classification,emotion-classic-light-112x96,student_g1,96x112,stm32mp1,lne,CPU,F32,/,/,0.6,0.4,1.6,18.4,438.7,0.1,457.2,2.2,4.4,42.7,0.1,0.0,0.0,0.0,0.0,98.9,0.0,0.0,49.7,0.0,0.0,0.0,,,
emotion-classification,emotion-classic-light-112x96,student_g16,96x112,stm32mp1,lne,CPU,F32,/,/,0.1,0.1,0.3,19.3,327.1,0.1,346.4,2.9,5.8,49.4,0.2,0.0,0.0,0.0,0.0,98.9,0.0,0.0,49.8,0.0,0.0,0.0,,,
emotion-classification,emotion-classic-light-112x96,student_g2,96x112,stm32mp1,lne,CPU,F32,/,/,0.4,0.2,0.9,18.8,358.9,0.1,377.7,2.6,5.3,45.5,0.1,0.0,0.0,0.0,0.0,98.8,0.0,0.0,49.9,0.0,0.0,0.0,,,
emotion-classification,emotion-classic-light-112x96,student_g32,96x112,stm32mp1,lne,CPU,F32,/,/,0.1,0.1,0.3,17.7,344.2,0.1,362.0,2.8,5.5,46.9,0.1,0.0,0.0,0.0,0.0,98.8,0.0,0.0,49.8,0.0,0.0,0.0,,,
emotion-classification,emotion-classic-light-112x96,student_g4,96x112,stm32mp1,lne,CPU,F32,/,/,0.2,0.1,0.6,18.3,329.5,0.1,347.9,2.9,5.7,42.6,0.2,0.0,0.0,0.0,0.0,99.6,0.0,0.0,49.9,0.0,0.0,0.0,,,
emotion-classification,emotion-classic-light-112x96,student_g8,96x112,stm32mp1,lne,CPU,F32,/,/,0.2,0.1,0.4,19.0,321.6,0.1,340.6,2.9,5.9,45.0,0.1,0.0,0.0,0.0,0.0,98.7,0.0,0.0,49.8,0.0,0.0,0.0,,,
emotion-classification,emotion-classic-light-112x96,teacher_onnx,96x112,stm32mp1,lne,CPU,F32,/,/,0.5,8.5,33.8,18.3,448.8,0.1,467.2,2.1,4.3,52.4,0.2,0.0,0.0,0.0,0.0,99.0,0.0,0.0,50.0,0.0,0.0,0.0,,,
eyegaze,eyegaze-rankgaze,mobilefacenet-mpiigaze,224x224,stm32mp1,lne,CPU,F32,Avg MAE,5.66,1.9,4.2,16.6,71.6,3447.6,0.1,3519.3,0.3,0.6,45.4,0.2,0.0,0.0,0.0,0.0,99.6,0.0,0.0,53.7,0.0,0.0,0.0,,,
eyegaze,eyegaze-rankgaze,mobilefacenet-mpiigaze-righteye-t50,32x32,stm32mp1,lne,CPU,F32,Avg MAE,5.9,0.0,4.1,16.2,1.3,122.0,0.1,123.4,8.1,16.2,44.1,0.1,0.0,0.0,0.0,0.0,97.2,0.0,0.0,52.5,0.0,0.0,0.0,,,
eyegaze,eyegaze-rankgaze,mobilefacenet-mpiigaze-righteye-t50,48x32,stm32mp1,lne,CPU,F32,Avg MAE,7.25,0.1,4.1,16.2,1.6,152.1,0.1,153.8,6.5,13.0,44.2,0.1,0.0,0.0,0.0,0.0,97.6,0.0,0.0,52.5,0.0,0.0,0.0,,,
eyegaze,eyegaze-rankgaze,mobilefacenet-mpiigaze-righteye-t50,64x48,stm32mp1,lne,CPU,F32,Avg MAE,6.32,0.1,4.1,16.2,3.1,254.1,0.1,257.2,3.9,7.8,45.1,0.2,0.0,0.0,0.0,0.0,98.2,0.0,0.0,52.6,0.0,0.0,0.0,,,
eyegaze,eyegaze-rankgaze,mobilefacenet-mpiigaze-righteye-t50,64x64,stm32mp1,lne,CPU,F32,Avg MAE,5.82,0.2,4.1,16.2,3.7,334.1,0.1,337.9,3.0,5.9,47.0,0.2,0.0,0.0,0.0,0.0,98.7,0.0,0.0,51.8,0.0,0.0,0.0,,,
eyegaze,eyegaze-rankgaze,resnet50-mpiigaze,224x224,stm32mp1,lne,CPU,F32,/,/,8.2,25.6,102.3,/,/,/,/,/,/,0.0,0.0,0.0,0.0,0.0,0.0,0.0,0.0,0.0,0.0,0.0,0.0,0.0,,,
headpose-estimation,headpose-rankpose,mobilefacenetfc512,112x112,stm32mp1,lne,CPU,F32,Avg MAE,4.4,0.5,6.2,25.0,36.0,851.3,0.1,887.5,1.1,2.3,40.3,0.1,0.0,0.0,0.0,0.0,99.0,0.0,0.0,52.9,0.0,0.0,0.0,,,
headpose-estimation,headpose-rankpose,mobilefacenetfc512,192x224,stm32mp1,lne,CPU,F32,Avg MAE,4.63,1.6,6.3,25.2,58.8,2678.7,0.1,2737.6,0.4,0.7,47.3,0.2,0.0,0.0,0.0,0.0,99.6,0.0,0.0,52.6,0.0,0.0,0.0,,,
headpose-estimation,headpose-rankpose,mobilefacenetfc512,224x224,stm32mp1,lne,CPU,F32,Avg MAE,4.43,1.9,6.3,25.3,69.7,3494.7,0.1,3564.5,0.3,0.6,48.3,0.2,0.0,0.0,0.0,0.0,99.6,0.0,0.0,52.8,0.0,0.0,0.0,,,
headpose-estimation,headpose-rankpose,mobilefacenetfc512,96x112,stm32mp1,lne,CPU,F32,Avg MAE,4.63,0.4,6.2,25.0,32.8,734.7,0.1,767.6,1.3,2.6,40.7,0.1,0.0,0.0,0.0,0.0,99.1,0.0,0.0,52.5,0.0,0.0,0.0,,,
headpose-estimation,headpose-rankpose,mobilefacenetfc512onlypose,96x112,stm32mp1,lne,CPU,F32,Avg MAE,4.34,0.4,3.0,12.1,31.9,751.2,0.1,783.2,1.3,2.6,42.2,0.1,0.0,0.0,0.0,0.0,99.1,0.0,0.0,52.0,0.0,0.0,0.0,,,
headpose-estimation,headpose-rankpose,mobilefacenetonlyposefc512,112x112,stm32mp1,lne,CPU,F32,Avg MAE,4.38,0.5,3.0,12.1,33.6,884.0,0.2,917.8,1.1,2.2,45.1,0.2,0.0,0.0,0.0,0.0,99.1,0.0,0.0,52.5,0.0,0.0,0.0,,,
headpose-estimation,headpose-rankpose,resnet50,224x224,stm32mp1,lne,CPU,F32,/,/,8.2,23.8,95.1,/,/,/,/,/,/,0.0,0.0,0.0,0.0,0.0,0.0,0.0,0.0,0.0,0.0,0.0,0.0,0.0,,,
imagenet,imagenet-efficientb0,default,224x224,stm32mp1,lne,CPU,F32,Accuracy top-1,77.1,0.8,5.3,21.1,70.1,2863.9,0.1,2934.2,0.3,0.7,58.5,0.2,0.0,0.0,0.0,0.0,99.6,0.0,0.0,53.1,0.0,0.0,0.0,,,
imagenet,imagenet-googlenet,benchmark,224x224,stm32mp1,lne,CPU,F32,Accuracy top-1,66.5,3.2,7.0,28.0,69.1,3185.0,0.1,3254.2,0.3,0.6,75.0,0.3,0.0,0.0,0.0,0.0,99.6,0.0,0.0,53.6,0.0,0.0,0.0,,,
imagenet,imagenet-mobilenet,default,224x224,stm32mp1,lne,CPU,F32,Accuracy top-1,69.5,1.1,4.2,16.9,70.1,1739.0,0.2,1809.3,0.6,1.1,51.7,0.2,0.0,0.0,0.0,0.0,99.4,0.0,0.0,52.2,0.0,0.0,0.0,,,
imagenet,imagenet-mobilenet-v2,fp32,224x224,stm32mp1,lne,CPU,F32,Accuracy top-1,71.8,0.6,3.5,14.0,90.6,1289.1,0.1,1379.8,0.7,1.4,52.8,0.2,0.0,0.0,0.0,0.0,99.1,0.0,0.0,52.7,0.0,0.0,0.0,,,
imagenet,imagenet-mobilenetv3,large,223x224,stm32mp1,lne,CPU,F32,Accuracy top-1,75.2,0.4,5.5,21.9,74.6,878.4,0.1,953.1,1.0,2.1,57.1,0.2,0.0,0.0,0.0,0.0,99.1,0.0,0.0,52.4,0.0,0.0,0.0,,,
imagenet,imagenet-mobilenetv3,small,223x224,stm32mp1,lne,CPU,F32,Accuracy top-1,67.4,0.1,2.9,11.8,71.7,277.9,0.1,349.7,2.9,5.7,52.7,0.2,0.0,0.0,0.0,0.0,98.2,0.0,0.0,51.9,0.0,0.0,0.0,,,
imagenet,imagenet-resnet-resnet18,benchmark,224x224,stm32mp1,lne,CPU,F32,Accuracy top-1,69.6,3.7,11.7,46.8,77.8,2771.2,0.9,2849.9,0.4,0.7,95.6,0.3,0.0,0.0,0.0,0.0,99.6,0.0,0.0,54.8,0.0,0.0,0.0,,,
imagenet,imagenet-resnet-resnet32,caffe,224x224,stm32mp1,lne,CPU,F32,Accuracy top-1,73.3,4.6,20.7,82.9,72.5,5120.1,0.1,5192.7,0.2,0.4,67.4,0.3,0.0,0.0,0.0,0.0,99.6,0.0,0.0,54.0,0.0,0.0,0.0,,,
imagenet,imagenet-resnet-resnet50,onnx,224x224,stm32mp1,lne,CPU,F32,Accuracy top-1,76.0,7.7,25.5,102.1,/,/,/,/,/,/,0.0,0.0,0.0,0.0,0.0,0.0,0.0,0.0,0.0,0.0,0.0,0.0,0.0,,,
imagenet,imagenet-squeezenet,benchmark,227x227,stm32mp1,lne,CPU,F32,Accuracy top-1,58.2,0.8,1.2,4.9,75.7,874.9,0.2,950.9,1.1,2.1,46.3,0.2,0.0,0.0,0.0,0.0,99.1,0.0,0.0,52.1,0.0,0.0,0.0,,,
